I[10:09:56.285] clangd version 21.0.0git (https://github.com/llvm/llvm-project c6cec7bd9cef993b377903b88375e00badcbf11b)
I[10:09:56.285] Features: linux
I[10:09:56.285] PID: 10802
I[10:09:56.285] Working directory: /home/david/Documentos/prueba_OS
I[10:09:56.285] argv[0]: /home/david/.vscode-oss/extensions/kylinideteam.kylin-clangd-0.4.0-linux-x64/res/clangd/bin/clangd
I[10:09:56.285] argv[1]: --clang-tidy=1
I[10:09:56.285] Starting LSP over stdin/stdout
I[10:09:56.287] <-- initialize(0)
I[10:09:56.288] --> reply:initialize(0) 0 ms
I[10:09:56.301] <-- initialized
I[10:09:56.307] <-- textDocument/didOpen
I[10:09:56.308] --> textDocument/publishDiagnostics
I[10:09:56.308] Failed to find compilation database for /home/david/Documentos/prueba_OS/RepasoExamen/311.c
I[10:09:56.308] ASTWorker building file /home/david/Documentos/prueba_OS/RepasoExamen/311.c version 1 with command clangd fallback
[/home/david/Documentos/prueba_OS/RepasoExamen]
/usr/bin/clang -resource-dir=/home/david/.vscode-oss/extensions/kylinideteam.kylin-clangd-0.4.0-linux-x64/res/clangd/lib/clang/21 -- /home/david/Documentos/prueba_OS/RepasoExamen/311.c
I[10:09:56.309] --> textDocument/clangd.fileStatus
I[10:09:56.345] <-- textDocument/codeAction(1)
I[10:09:56.346] <-- textDocument/documentLink(2)
I[10:09:56.346] <-- textDocument/inlayHint(3)
I[10:09:56.349] Built preamble of size 756336 for file /home/david/Documentos/prueba_OS/RepasoExamen/311.c version 1 in 0.04 seconds
I[10:09:56.349] --> workspace/semanticTokens/refresh(0)
I[10:09:56.349] Indexing c17 standard library in the context of /home/david/Documentos/prueba_OS/RepasoExamen/311.c
I[10:09:56.355] --> textDocument/publishDiagnostics
I[10:09:56.355] --> textDocument/inactiveRegions
I[10:09:56.355] --> reply:textDocument/codeAction(1) 9 ms
I[10:09:56.355] --> reply:textDocument/documentLink(2) 9 ms
I[10:09:56.355] --> reply:textDocument/inlayHint(3) 9 ms
I[10:09:56.355] --> textDocument/clangd.fileStatus
I[10:09:56.372] <-- reply(0)
I[10:09:56.415] Indexed c17 standard library: 2884 symbols, 11 filtered
I[10:09:56.419] <-- textDocument/codeAction(4)
I[10:09:56.419] --> reply:textDocument/codeAction(4) 0 ms
I[10:09:56.419] --> textDocument/clangd.fileStatus
I[10:09:56.506] <-- textDocument/documentLink(5)
I[10:09:56.506] --> reply:textDocument/documentLink(5) 0 ms
I[10:09:56.506] --> textDocument/clangd.fileStatus
I[10:09:56.507] <-- textDocument/foldingRange(6)
I[10:09:56.507] --> reply:textDocument/foldingRange(6) 0 ms
I[10:09:56.605] <-- textDocument/documentSymbol(7)
I[10:09:56.605] --> reply:textDocument/documentSymbol(7) 0 ms
I[10:09:56.605] --> textDocument/clangd.fileStatus
I[10:09:56.992] <-- $/setTrace
I[10:09:56.992] unhandled notification $/setTrace
I[10:09:57.398] <-- textDocument/hover(8)
I[10:09:57.398] --> reply:textDocument/hover(8) 0 ms
I[10:09:57.398] --> textDocument/clangd.fileStatus
I[10:09:57.582] <-- $/setTrace
I[10:09:57.582] unhandled notification $/setTrace
I[10:09:57.591] <-- textDocument/codeAction(9)
I[10:09:57.591] --> reply:textDocument/codeAction(9) 0 ms
I[10:09:57.591] --> textDocument/clangd.fileStatus
I[10:09:57.598] <-- textDocument/documentLink(10)
I[10:09:57.598] --> reply:textDocument/documentLink(10) 0 ms
I[10:09:57.598] --> textDocument/clangd.fileStatus
I[10:09:57.612] <-- textDocument/documentSymbol(11)
I[10:09:57.612] --> reply:textDocument/documentSymbol(11) 0 ms
I[10:09:57.612] --> textDocument/clangd.fileStatus
I[10:09:57.613] <-- textDocument/inlayHint(12)
I[10:09:57.613] --> reply:textDocument/inlayHint(12) 0 ms
I[10:09:57.613] --> textDocument/clangd.fileStatus
I[10:12:32.526] <-- textDocument/documentHighlight(13)
I[10:12:32.526] --> reply:textDocument/documentHighlight(13) 0 ms
I[10:12:32.526] --> textDocument/clangd.fileStatus
I[10:21:30.905] <-- textDocument/didOpen
I[10:21:30.905] Failed to find compilation database for /home/david/Documentos/prueba_OS/RepasoExamen/28.c
I[10:21:30.905] ASTWorker building file /home/david/Documentos/prueba_OS/RepasoExamen/28.c version 1 with command clangd fallback
[/home/david/Documentos/prueba_OS/RepasoExamen]
/usr/bin/clang -resource-dir=/home/david/.vscode-oss/extensions/kylinideteam.kylin-clangd-0.4.0-linux-x64/res/clangd/lib/clang/21 -- /home/david/Documentos/prueba_OS/RepasoExamen/28.c
I[10:21:30.906] --> textDocument/clangd.fileStatus
I[10:21:30.916] <-- textDocument/codeAction(14)
I[10:21:30.916] <-- textDocument/documentSymbol(15)
I[10:21:30.921] Built preamble of size 584336 for file /home/david/Documentos/prueba_OS/RepasoExamen/28.c version 1 in 0.01 seconds
I[10:21:30.921] --> workspace/semanticTokens/refresh(1)
I[10:21:30.921] <-- reply(1)
I[10:21:30.925] --> textDocument/publishDiagnostics
I[10:21:30.925] --> textDocument/inactiveRegions
I[10:21:30.925] --> reply:textDocument/codeAction(14) 9 ms
I[10:21:30.925] --> reply:textDocument/documentSymbol(15) 8 ms
I[10:21:30.925] --> textDocument/clangd.fileStatus
I[10:21:30.969] <-- textDocument/documentLink(16)
I[10:21:30.969] --> reply:textDocument/documentLink(16) 0 ms
I[10:21:30.969] --> textDocument/clangd.fileStatus
I[10:21:30.985] <-- textDocument/inlayHint(17)
I[10:21:30.985] --> reply:textDocument/inlayHint(17) 0 ms
I[10:21:30.985] --> textDocument/clangd.fileStatus
I[10:21:30.999] <-- textDocument/documentHighlight(18)
I[10:21:30.999] --> reply:textDocument/documentHighlight(18) 0 ms
I[10:21:30.999] --> textDocument/clangd.fileStatus
I[10:21:31.111] <-- textDocument/foldingRange(19)
I[10:21:31.111] --> reply:textDocument/foldingRange(19) 0 ms
I[10:21:31.167] <-- textDocument/codeAction(20)
I[10:21:31.167] --> reply:textDocument/codeAction(20) 0 ms
I[10:21:31.167] --> textDocument/clangd.fileStatus
I[10:21:31.212] <-- textDocument/documentSymbol(21)
I[10:21:31.212] --> reply:textDocument/documentSymbol(21) 0 ms
I[10:21:31.212] --> textDocument/clangd.fileStatus
I[10:21:31.347] <-- textDocument/inlayHint(22)
I[10:21:31.347] --> reply:textDocument/inlayHint(22) 0 ms
I[10:21:31.347] --> textDocument/clangd.fileStatus
I[10:21:31.868] <-- textDocument/inlayHint(23)
I[10:21:31.868] --> reply:textDocument/inlayHint(23) 0 ms
I[10:21:31.868] --> textDocument/clangd.fileStatus
I[10:21:31.910] <-- textDocument/inlayHint(24)
I[10:21:31.910] --> reply:textDocument/inlayHint(24) 0 ms
I[10:21:31.910] --> textDocument/clangd.fileStatus
I[10:21:32.266] <-- textDocument/inlayHint(25)
I[10:21:32.267] --> reply:textDocument/inlayHint(25) 0 ms
I[10:21:32.267] --> textDocument/clangd.fileStatus
I[10:21:32.435] <-- textDocument/hover(26)
I[10:21:32.435] --> reply:textDocument/hover(26) 0 ms
I[10:21:32.435] --> textDocument/clangd.fileStatus
I[10:21:32.499] <-- textDocument/inlayHint(27)
I[10:21:32.499] --> reply:textDocument/inlayHint(27) 0 ms
I[10:21:32.499] --> textDocument/clangd.fileStatus
I[10:21:32.728] <-- textDocument/hover(28)
I[10:21:32.728] --> reply:textDocument/hover(28) 0 ms
I[10:21:32.728] --> textDocument/clangd.fileStatus
I[10:21:33.841] <-- textDocument/codeAction(29)
I[10:21:33.841] --> reply:textDocument/codeAction(29) 0 ms
I[10:21:33.841] --> textDocument/clangd.fileStatus
I[10:21:34.976] <-- textDocument/hover(30)
I[10:21:34.976] --> reply:textDocument/hover(30) 0 ms
I[10:21:34.977] --> textDocument/clangd.fileStatus
I[10:21:35.357] <-- textDocument/hover(31)
I[10:21:35.358] --> reply:textDocument/hover(31) 0 ms
I[10:21:35.358] --> textDocument/clangd.fileStatus
I[10:27:03.587] <-- textDocument/inlayHint(32)
I[10:27:03.588] --> reply:textDocument/inlayHint(32) 0 ms
I[10:27:03.588] --> textDocument/clangd.fileStatus
I[10:27:03.638] <-- textDocument/inlayHint(33)
I[10:27:03.638] --> reply:textDocument/inlayHint(33) 0 ms
I[10:27:03.638] --> textDocument/clangd.fileStatus
I[10:27:03.940] <-- textDocument/inlayHint(34)
I[10:27:03.940] --> reply:textDocument/inlayHint(34) 0 ms
I[10:27:03.940] --> textDocument/clangd.fileStatus
I[10:27:03.976] <-- textDocument/inlayHint(35)
I[10:27:03.976] --> reply:textDocument/inlayHint(35) 0 ms
I[10:27:03.976] --> textDocument/clangd.fileStatus
I[10:27:04.432] <-- textDocument/inlayHint(36)
I[10:27:04.433] --> reply:textDocument/inlayHint(36) 0 ms
I[10:27:04.433] --> textDocument/clangd.fileStatus
I[10:27:04.578] <-- textDocument/hover(37)
I[10:27:04.578] --> reply:textDocument/hover(37) 0 ms
I[10:27:04.578] --> textDocument/clangd.fileStatus
I[10:27:04.915] <-- textDocument/inlayHint(38)
I[10:27:04.915] --> reply:textDocument/inlayHint(38) 0 ms
I[10:27:04.915] --> textDocument/clangd.fileStatus
I[10:27:05.005] <-- textDocument/inlayHint(39)
I[10:27:05.005] --> reply:textDocument/inlayHint(39) 0 ms
I[10:27:05.005] --> textDocument/clangd.fileStatus
I[10:27:05.053] <-- textDocument/inlayHint(40)
I[10:27:05.053] --> reply:textDocument/inlayHint(40) 0 ms
I[10:27:05.053] --> textDocument/clangd.fileStatus
I[10:27:23.178] <-- textDocument/hover(41)
I[10:27:23.178] --> reply:textDocument/hover(41) 0 ms
I[10:27:23.178] --> textDocument/clangd.fileStatus
I[10:27:27.329] <-- textDocument/hover(42)
I[10:27:27.329] --> reply:textDocument/hover(42) 0 ms
I[10:27:27.329] --> textDocument/clangd.fileStatus
I[10:27:30.035] <-- textDocument/inlayHint(43)
I[10:27:30.036] --> reply:textDocument/inlayHint(43) 0 ms
I[10:27:30.036] --> textDocument/clangd.fileStatus
I[10:27:30.069] <-- textDocument/inlayHint(44)
I[10:27:30.069] --> reply:textDocument/inlayHint(44) 0 ms
I[10:27:30.069] --> textDocument/clangd.fileStatus
I[10:27:30.103] <-- textDocument/inlayHint(45)
I[10:27:30.103] --> reply:textDocument/inlayHint(45) 0 ms
I[10:27:30.103] --> textDocument/clangd.fileStatus
I[10:27:30.364] <-- textDocument/inlayHint(46)
I[10:27:30.364] --> reply:textDocument/inlayHint(46) 0 ms
I[10:27:30.364] --> textDocument/clangd.fileStatus
I[10:27:30.419] <-- textDocument/inlayHint(47)
I[10:27:30.419] --> reply:textDocument/inlayHint(47) 0 ms
I[10:27:30.419] --> textDocument/clangd.fileStatus
I[10:27:30.452] <-- textDocument/inlayHint(48)
I[10:27:30.452] --> reply:textDocument/inlayHint(48) 0 ms
I[10:27:30.452] --> textDocument/clangd.fileStatus
I[10:27:30.811] <-- textDocument/inlayHint(49)
I[10:27:30.811] --> reply:textDocument/inlayHint(49) 0 ms
I[10:27:30.811] --> textDocument/clangd.fileStatus
I[10:27:31.077] <-- textDocument/inlayHint(50)
I[10:27:31.077] --> reply:textDocument/inlayHint(50) 0 ms
I[10:27:31.077] --> textDocument/clangd.fileStatus
I[10:27:38.907] <-- textDocument/hover(51)
I[10:27:38.907] --> reply:textDocument/hover(51) 0 ms
I[10:27:38.907] --> textDocument/clangd.fileStatus
I[10:27:40.633] <-- textDocument/hover(52)
I[10:27:40.633] --> reply:textDocument/hover(52) 0 ms
I[10:27:40.633] --> textDocument/clangd.fileStatus
I[10:30:43.325] <-- textDocument/hover(53)
I[10:30:43.326] --> reply:textDocument/hover(53) 0 ms
I[10:30:43.326] --> textDocument/clangd.fileStatus
I[10:30:46.911] <-- textDocument/codeAction(54)
I[10:30:46.911] --> reply:textDocument/codeAction(54) 0 ms
I[10:30:46.911] --> textDocument/clangd.fileStatus
I[10:30:47.211] <-- textDocument/inlayHint(55)
I[10:30:47.212] --> reply:textDocument/inlayHint(55) 0 ms
I[10:30:47.212] --> textDocument/clangd.fileStatus
I[10:30:47.249] <-- textDocument/inlayHint(56)
I[10:30:47.249] --> reply:textDocument/inlayHint(56) 0 ms
I[10:30:47.249] --> textDocument/clangd.fileStatus
I[10:30:47.491] <-- textDocument/inlayHint(57)
I[10:30:47.491] --> reply:textDocument/inlayHint(57) 0 ms
I[10:30:47.491] --> textDocument/clangd.fileStatus
I[10:30:47.518] <-- textDocument/inlayHint(58)
I[10:30:47.518] --> reply:textDocument/inlayHint(58) 0 ms
I[10:30:47.518] --> textDocument/clangd.fileStatus
I[10:44:44.852] <-- textDocument/codeAction(59)
I[10:44:44.853] --> reply:textDocument/codeAction(59) 0 ms
I[10:44:44.853] --> textDocument/clangd.fileStatus
I[10:44:44.877] <-- textDocument/documentLink(60)
I[10:44:44.878] <-- textDocument/inlayHint(61)
I[10:44:44.878] --> reply:textDocument/documentLink(60) 0 ms
I[10:44:44.878] --> reply:textDocument/inlayHint(61) 0 ms
I[10:44:44.878] --> textDocument/clangd.fileStatus
I[10:44:45.047] <-- textDocument/foldingRange(62)
I[10:44:45.048] --> reply:textDocument/foldingRange(62) 0 ms
I[10:44:45.105] <-- textDocument/codeAction(63)
I[10:44:45.105] --> reply:textDocument/codeAction(63) 0 ms
I[10:44:45.105] --> textDocument/clangd.fileStatus
I[10:44:45.149] <-- textDocument/documentSymbol(64)
I[10:44:45.149] --> reply:textDocument/documentSymbol(64) 0 ms
I[10:44:45.149] --> textDocument/clangd.fileStatus
I[10:44:50.668] <-- textDocument/didOpen
I[10:44:50.668] Failed to find compilation database for /home/david/Documentos/prueba_OS/RepasoExamen/29.c
I[10:44:50.669] ASTWorker building file /home/david/Documentos/prueba_OS/RepasoExamen/29.c version 1 with command clangd fallback
[/home/david/Documentos/prueba_OS/RepasoExamen]
/usr/bin/clang -resource-dir=/home/david/.vscode-oss/extensions/kylinideteam.kylin-clangd-0.4.0-linux-x64/res/clangd/lib/clang/21 -- /home/david/Documentos/prueba_OS/RepasoExamen/29.c
I[10:44:50.669] --> textDocument/clangd.fileStatus
I[10:44:50.675] <-- textDocument/codeAction(65)
I[10:44:50.675] <-- textDocument/documentSymbol(66)
I[10:44:50.683] Built preamble of size 564828 for file /home/david/Documentos/prueba_OS/RepasoExamen/29.c version 1 in 0.01 seconds
I[10:44:50.683] --> workspace/semanticTokens/refresh(2)
I[10:44:50.683] <-- reply(2)
I[10:44:50.688] --> textDocument/publishDiagnostics
I[10:44:50.688] --> textDocument/inactiveRegions
I[10:44:50.688] --> reply:textDocument/codeAction(65) 12 ms
I[10:44:50.688] --> reply:textDocument/documentSymbol(66) 12 ms
I[10:44:50.688] --> textDocument/clangd.fileStatus
I[10:44:50.699] <-- textDocument/documentLink(67)
I[10:44:50.699] --> reply:textDocument/documentLink(67) 0 ms
I[10:44:50.699] --> textDocument/clangd.fileStatus
I[10:44:50.714] <-- textDocument/inlayHint(68)
I[10:44:50.715] --> reply:textDocument/inlayHint(68) 0 ms
I[10:44:50.715] --> textDocument/clangd.fileStatus
I[10:44:50.871] <-- textDocument/foldingRange(69)
I[10:44:50.871] --> reply:textDocument/foldingRange(69) 0 ms
I[10:44:50.924] <-- textDocument/codeAction(70)
I[10:44:50.924] --> reply:textDocument/codeAction(70) 0 ms
I[10:44:50.924] --> textDocument/clangd.fileStatus
I[10:44:50.971] <-- textDocument/documentSymbol(71)
I[10:44:50.971] --> reply:textDocument/documentSymbol(71) 0 ms
I[10:44:50.971] --> textDocument/clangd.fileStatus
I[10:44:51.808] <-- textDocument/codeAction(72)
I[10:44:51.808] --> reply:textDocument/codeAction(72) 0 ms
I[10:44:51.808] --> textDocument/clangd.fileStatus
I[11:05:03.312] <-- textDocument/codeAction(73)
I[11:05:03.312] --> reply:textDocument/codeAction(73) 0 ms
I[11:05:03.312] --> textDocument/clangd.fileStatus
I[11:05:03.341] <-- textDocument/documentLink(74)
I[11:05:03.341] --> reply:textDocument/documentLink(74) 0 ms
I[11:05:03.341] --> textDocument/clangd.fileStatus
I[11:05:03.341] <-- textDocument/inlayHint(75)
I[11:05:03.341] --> reply:textDocument/inlayHint(75) 0 ms
I[11:05:03.342] --> textDocument/clangd.fileStatus
I[11:05:03.505] <-- textDocument/foldingRange(76)
I[11:05:03.505] --> reply:textDocument/foldingRange(76) 0 ms
I[11:05:03.565] <-- textDocument/codeAction(77)
I[11:05:03.566] --> reply:textDocument/codeAction(77) 0 ms
I[11:05:03.566] --> textDocument/clangd.fileStatus
I[11:05:03.608] <-- textDocument/documentSymbol(78)
I[11:05:03.608] --> reply:textDocument/documentSymbol(78) 0 ms
I[11:05:03.608] --> textDocument/clangd.fileStatus
I[11:05:05.199] <-- textDocument/hover(79)
I[11:05:05.199] --> reply:textDocument/hover(79) 0 ms
I[11:05:05.199] --> textDocument/clangd.fileStatus
I[11:05:05.374] <-- textDocument/hover(80)
I[11:05:05.374] --> reply:textDocument/hover(80) 0 ms
I[11:05:05.374] --> textDocument/clangd.fileStatus
I[11:05:05.579] <-- textDocument/hover(81)
I[11:05:05.579] --> reply:textDocument/hover(81) 0 ms
I[11:05:05.579] --> textDocument/clangd.fileStatus
I[11:05:06.311] <-- textDocument/codeAction(82)
I[11:05:06.311] --> reply:textDocument/codeAction(82) 0 ms
I[11:05:06.311] --> textDocument/clangd.fileStatus
I[11:05:07.122] <-- textDocument/inlayHint(83)
I[11:05:07.122] --> reply:textDocument/inlayHint(83) 0 ms
I[11:05:07.122] --> textDocument/clangd.fileStatus
I[11:05:07.582] <-- textDocument/hover(84)
I[11:05:07.583] --> reply:textDocument/hover(84) 0 ms
I[11:05:07.583] --> textDocument/clangd.fileStatus
I[11:05:07.809] <-- textDocument/inlayHint(85)
I[11:05:07.809] --> reply:textDocument/inlayHint(85) 0 ms
I[11:05:07.809] --> textDocument/clangd.fileStatus
I[11:05:07.849] <-- textDocument/inlayHint(86)
I[11:05:07.849] --> reply:textDocument/inlayHint(86) 0 ms
I[11:05:07.849] --> textDocument/clangd.fileStatus
I[11:05:07.984] <-- textDocument/inlayHint(87)
I[11:05:07.985] --> reply:textDocument/inlayHint(87) 0 ms
I[11:05:07.985] --> textDocument/clangd.fileStatus
I[11:05:08.164] <-- textDocument/hover(88)
I[11:05:08.164] --> reply:textDocument/hover(88) 0 ms
I[11:05:08.164] --> textDocument/clangd.fileStatus
I[11:05:08.942] <-- textDocument/inlayHint(89)
I[11:05:08.942] --> reply:textDocument/inlayHint(89) 0 ms
I[11:05:08.942] --> textDocument/clangd.fileStatus
I[11:05:09.010] <-- textDocument/inlayHint(90)
I[11:05:09.010] --> reply:textDocument/inlayHint(90) 0 ms
I[11:05:09.011] --> textDocument/clangd.fileStatus
I[11:05:09.037] <-- textDocument/inlayHint(91)
I[11:05:09.038] --> reply:textDocument/inlayHint(91) 0 ms
I[11:05:09.038] --> textDocument/clangd.fileStatus
I[11:05:09.086] <-- textDocument/inlayHint(92)
I[11:05:09.087] --> reply:textDocument/inlayHint(92) 0 ms
I[11:05:09.087] --> textDocument/clangd.fileStatus
I[11:05:09.320] <-- textDocument/inlayHint(93)
I[11:05:09.321] --> reply:textDocument/inlayHint(93) 0 ms
I[11:05:09.321] --> textDocument/clangd.fileStatus
I[11:05:09.489] <-- textDocument/inlayHint(94)
I[11:05:09.490] --> reply:textDocument/inlayHint(94) 0 ms
I[11:05:09.490] --> textDocument/clangd.fileStatus
I[11:05:09.522] <-- textDocument/inlayHint(95)
I[11:05:09.523] --> reply:textDocument/inlayHint(95) 0 ms
I[11:05:09.523] --> textDocument/clangd.fileStatus
I[11:05:09.565] <-- textDocument/inlayHint(96)
I[11:05:09.565] --> reply:textDocument/inlayHint(96) 0 ms
I[11:05:09.565] --> textDocument/clangd.fileStatus
I[11:05:09.619] <-- textDocument/inlayHint(97)
I[11:05:09.620] --> reply:textDocument/inlayHint(97) 0 ms
I[11:05:09.620] --> textDocument/clangd.fileStatus
I[11:05:09.953] <-- textDocument/inlayHint(98)
I[11:05:09.954] --> reply:textDocument/inlayHint(98) 0 ms
I[11:05:09.954] --> textDocument/clangd.fileStatus
I[11:05:10.017] <-- textDocument/inlayHint(99)
I[11:05:10.017] --> reply:textDocument/inlayHint(99) 0 ms
I[11:05:10.017] --> textDocument/clangd.fileStatus
I[11:05:10.043] <-- textDocument/inlayHint(100)
I[11:05:10.044] --> reply:textDocument/inlayHint(100) 0 ms
I[11:05:10.044] --> textDocument/clangd.fileStatus
I[11:05:10.072] <-- textDocument/inlayHint(101)
I[11:05:10.072] --> reply:textDocument/inlayHint(101) 0 ms
I[11:05:10.072] --> textDocument/clangd.fileStatus
I[11:05:10.440] <-- textDocument/inlayHint(102)
I[11:05:10.441] --> reply:textDocument/inlayHint(102) 0 ms
I[11:05:10.441] --> textDocument/clangd.fileStatus
I[11:05:10.697] <-- textDocument/inlayHint(103)
I[11:05:10.698] --> reply:textDocument/inlayHint(103) 0 ms
I[11:05:10.698] --> textDocument/clangd.fileStatus
I[11:05:10.745] <-- textDocument/inlayHint(104)
I[11:05:10.746] --> reply:textDocument/inlayHint(104) 0 ms
I[11:05:10.746] --> textDocument/clangd.fileStatus
I[11:05:11.247] <-- textDocument/hover(105)
I[11:05:11.247] --> reply:textDocument/hover(105) 0 ms
I[11:05:11.247] --> textDocument/clangd.fileStatus
I[11:06:44.459] <-- textDocument/codeAction(106)
I[11:06:44.459] --> reply:textDocument/codeAction(106) 0 ms
I[11:06:44.460] --> textDocument/clangd.fileStatus
I[11:06:47.099] <-- textDocument/documentHighlight(107)
I[11:06:47.099] --> reply:textDocument/documentHighlight(107) 0 ms
I[11:06:47.099] --> textDocument/clangd.fileStatus
I[11:06:47.298] <-- textDocument/codeAction(108)
I[11:06:47.299] --> reply:textDocument/codeAction(108) 0 ms
I[11:06:47.299] --> textDocument/clangd.fileStatus
I[11:06:48.570] <-- textDocument/codeAction(109)
I[11:06:48.570] --> reply:textDocument/codeAction(109) 0 ms
I[11:06:48.570] --> textDocument/clangd.fileStatus
I[11:06:50.823] <-- textDocument/hover(110)
I[11:06:50.823] --> reply:textDocument/hover(110) 0 ms
I[11:06:50.823] --> textDocument/clangd.fileStatus
I[11:06:51.691] <-- textDocument/documentHighlight(111)
I[11:06:51.691] --> reply:textDocument/documentHighlight(111) 0 ms
I[11:06:51.691] --> textDocument/clangd.fileStatus
I[11:06:52.523] <-- textDocument/codeAction(112)
I[11:06:52.523] --> reply:textDocument/codeAction(112) 0 ms
I[11:06:52.523] --> textDocument/clangd.fileStatus
I[11:06:52.791] <-- textDocument/hover(113)
I[11:06:52.791] --> reply:textDocument/hover(113) 0 ms
I[11:06:52.791] --> textDocument/clangd.fileStatus
I[11:06:53.370] <-- textDocument/inlayHint(114)
I[11:06:53.370] --> reply:textDocument/inlayHint(114) 0 ms
I[11:06:53.370] --> textDocument/clangd.fileStatus
I[11:06:54.154] <-- textDocument/inlayHint(115)
I[11:06:54.155] --> reply:textDocument/inlayHint(115) 0 ms
I[11:06:54.155] --> textDocument/clangd.fileStatus
I[11:06:55.150] <-- textDocument/hover(116)
I[11:06:55.151] --> reply:textDocument/hover(116) 0 ms
I[11:06:55.151] --> textDocument/clangd.fileStatus
I[11:06:55.480] <-- textDocument/hover(117)
I[11:06:55.480] --> reply:textDocument/hover(117) 0 ms
I[11:06:55.480] --> textDocument/clangd.fileStatus
I[11:06:55.754] <-- textDocument/codeAction(118)
I[11:06:55.754] --> reply:textDocument/codeAction(118) 0 ms
I[11:06:55.754] --> textDocument/clangd.fileStatus
I[11:06:56.194] <-- textDocument/codeAction(119)
I[11:06:56.194] --> reply:textDocument/codeAction(119) 0 ms
I[11:06:56.194] --> textDocument/clangd.fileStatus
I[11:06:56.383] <-- textDocument/hover(120)
I[11:06:56.383] --> reply:textDocument/hover(120) 0 ms
I[11:06:56.383] --> textDocument/clangd.fileStatus
I[11:06:56.626] <-- textDocument/documentHighlight(121)
I[11:06:56.627] --> reply:textDocument/documentHighlight(121) 0 ms
I[11:06:56.627] --> textDocument/clangd.fileStatus
I[11:06:56.826] <-- textDocument/codeAction(122)
I[11:06:56.827] --> reply:textDocument/codeAction(122) 0 ms
I[11:06:56.827] --> textDocument/clangd.fileStatus
I[11:06:57.338] <-- textDocument/codeAction(123)
I[11:06:57.338] --> reply:textDocument/codeAction(123) 0 ms
I[11:06:57.338] --> textDocument/clangd.fileStatus
I[11:06:57.527] <-- textDocument/hover(124)
I[11:06:57.528] --> reply:textDocument/hover(124) 0 ms
I[11:06:57.528] --> textDocument/clangd.fileStatus
I[11:06:58.203] <-- textDocument/hover(125)
I[11:06:58.204] --> reply:textDocument/hover(125) 0 ms
I[11:06:58.204] --> textDocument/clangd.fileStatus
I[11:06:59.070] <-- textDocument/hover(126)
I[11:06:59.070] --> reply:textDocument/hover(126) 0 ms
I[11:06:59.070] --> textDocument/clangd.fileStatus
I[11:06:59.171] <-- textDocument/documentHighlight(127)
I[11:06:59.171] --> reply:textDocument/documentHighlight(127) 0 ms
I[11:06:59.171] --> textDocument/clangd.fileStatus
I[11:06:59.371] <-- textDocument/codeAction(128)
I[11:06:59.371] --> reply:textDocument/codeAction(128) 0 ms
I[11:06:59.371] --> textDocument/clangd.fileStatus
I[11:06:59.898] <-- textDocument/documentHighlight(129)
I[11:06:59.898] --> reply:textDocument/documentHighlight(129) 0 ms
I[11:06:59.898] --> textDocument/clangd.fileStatus
I[11:07:00.098] <-- textDocument/documentHighlight(130)
I[11:07:00.098] --> reply:textDocument/documentHighlight(130) 0 ms
I[11:07:00.098] --> textDocument/clangd.fileStatus
I[11:07:00.298] <-- textDocument/codeAction(131)
I[11:07:00.298] --> reply:textDocument/codeAction(131) 0 ms
I[11:07:00.298] --> textDocument/clangd.fileStatus
I[11:07:01.202] <-- textDocument/inlayHint(132)
I[11:07:01.202] --> reply:textDocument/inlayHint(132) 0 ms
I[11:07:01.202] --> textDocument/clangd.fileStatus
I[11:07:02.458] <-- textDocument/documentHighlight(133)
I[11:07:02.458] --> reply:textDocument/documentHighlight(133) 0 ms
I[11:07:02.458] --> textDocument/clangd.fileStatus
I[11:07:02.634] <-- textDocument/documentHighlight(134)
I[11:07:02.634] --> reply:textDocument/documentHighlight(134) 0 ms
I[11:07:02.634] --> textDocument/clangd.fileStatus
I[11:07:02.834] <-- textDocument/codeAction(135)
I[11:07:02.835] --> reply:textDocument/codeAction(135) 0 ms
I[11:07:02.835] --> textDocument/clangd.fileStatus
I[11:07:03.270] <-- textDocument/hover(136)
I[11:07:03.271] --> reply:textDocument/hover(136) 0 ms
I[11:07:03.271] --> textDocument/clangd.fileStatus
I[11:07:07.048] <-- textDocument/hover(137)
I[11:07:07.048] --> reply:textDocument/hover(137) 0 ms
I[11:07:07.048] --> textDocument/clangd.fileStatus
I[11:07:07.458] <-- textDocument/documentHighlight(138)
I[11:07:07.459] --> reply:textDocument/documentHighlight(138) 0 ms
I[11:07:07.459] --> textDocument/clangd.fileStatus
I[11:07:07.658] <-- textDocument/codeAction(139)
I[11:07:07.658] --> reply:textDocument/codeAction(139) 0 ms
I[11:07:07.658] --> textDocument/clangd.fileStatus
I[11:07:07.994] <-- textDocument/codeAction(140)
I[11:07:07.994] --> reply:textDocument/codeAction(140) 0 ms
I[11:07:07.994] --> textDocument/clangd.fileStatus
I[11:07:10.374] <-- textDocument/hover(141)
I[11:07:10.374] --> reply:textDocument/hover(141) 0 ms
I[11:07:10.375] --> textDocument/clangd.fileStatus
I[11:07:10.550] <-- textDocument/hover(142)
I[11:07:10.550] --> reply:textDocument/hover(142) 0 ms
I[11:07:10.550] --> textDocument/clangd.fileStatus
I[11:07:10.636] <-- textDocument/documentHighlight(143)
I[11:07:10.636] --> reply:textDocument/documentHighlight(143) 0 ms
I[11:07:10.636] --> textDocument/clangd.fileStatus
I[11:07:11.714] <-- textDocument/codeAction(144)
I[11:07:11.714] --> reply:textDocument/codeAction(144) 0 ms
I[11:07:11.714] --> textDocument/clangd.fileStatus
I[11:07:12.330] <-- textDocument/codeAction(145)
I[11:07:12.330] --> reply:textDocument/codeAction(145) 0 ms
I[11:07:12.330] --> textDocument/clangd.fileStatus
I[11:07:13.596] <-- textDocument/hover(146)
I[11:07:13.597] --> reply:textDocument/hover(146) 0 ms
I[11:07:13.597] --> textDocument/clangd.fileStatus
I[11:07:14.550] <-- textDocument/hover(147)
I[11:07:14.550] --> reply:textDocument/hover(147) 0 ms
I[11:07:14.551] --> textDocument/clangd.fileStatus
I[11:07:14.716] <-- textDocument/documentHighlight(148)
I[11:07:14.716] --> reply:textDocument/documentHighlight(148) 0 ms
I[11:07:14.716] --> textDocument/clangd.fileStatus
I[11:07:14.914] <-- textDocument/codeAction(149)
I[11:07:14.914] --> reply:textDocument/codeAction(149) 0 ms
I[11:07:14.914] --> textDocument/clangd.fileStatus
I[11:07:15.215] <-- textDocument/hover(150)
I[11:07:15.216] --> reply:textDocument/hover(150) 0 ms
I[11:07:15.216] --> textDocument/clangd.fileStatus
I[11:07:15.891] <-- textDocument/documentHighlight(151)
I[11:07:15.891] --> reply:textDocument/documentHighlight(151) 0 ms
I[11:07:15.891] --> textDocument/clangd.fileStatus
I[11:07:16.091] <-- textDocument/codeAction(152)
I[11:07:16.091] --> reply:textDocument/codeAction(152) 0 ms
I[11:07:16.091] --> textDocument/clangd.fileStatus
I[11:07:16.390] <-- textDocument/hover(153)
I[11:07:16.390] --> reply:textDocument/hover(153) 0 ms
I[11:07:16.390] --> textDocument/clangd.fileStatus
I[11:07:16.555] <-- textDocument/documentHighlight(154)
I[11:07:16.555] --> reply:textDocument/documentHighlight(154) 0 ms
I[11:07:16.555] --> textDocument/clangd.fileStatus
I[11:07:16.755] <-- textDocument/codeAction(155)
I[11:07:16.755] --> reply:textDocument/codeAction(155) 0 ms
I[11:07:16.755] --> textDocument/clangd.fileStatus
I[11:07:16.891] <-- textDocument/documentHighlight(156)
I[11:07:16.891] --> reply:textDocument/documentHighlight(156) 0 ms
I[11:07:16.891] --> textDocument/clangd.fileStatus
I[11:07:17.307] <-- textDocument/codeAction(157)
I[11:07:17.307] --> reply:textDocument/codeAction(157) 0 ms
I[11:07:17.307] --> textDocument/clangd.fileStatus
I[11:07:17.662] <-- textDocument/hover(158)
I[11:07:17.662] --> reply:textDocument/hover(158) 0 ms
I[11:07:17.662] --> textDocument/clangd.fileStatus
I[11:07:17.951] <-- textDocument/hover(159)
I[11:07:17.952] --> reply:textDocument/hover(159) 0 ms
I[11:07:17.952] --> textDocument/clangd.fileStatus
I[11:07:18.043] <-- textDocument/documentHighlight(160)
I[11:07:18.043] --> reply:textDocument/documentHighlight(160) 0 ms
I[11:07:18.043] --> textDocument/clangd.fileStatus
I[11:07:18.483] <-- textDocument/codeAction(161)
I[11:07:18.483] --> reply:textDocument/codeAction(161) 0 ms
I[11:07:18.483] --> textDocument/clangd.fileStatus
I[11:07:18.870] <-- textDocument/hover(162)
I[11:07:18.871] --> reply:textDocument/hover(162) 0 ms
I[11:07:18.871] --> textDocument/clangd.fileStatus
I[11:07:19.043] <-- textDocument/documentHighlight(163)
I[11:07:19.043] --> reply:textDocument/documentHighlight(163) 0 ms
I[11:07:19.043] --> textDocument/clangd.fileStatus
I[11:07:19.458] <-- textDocument/codeAction(164)
I[11:07:19.459] --> reply:textDocument/codeAction(164) 0 ms
I[11:07:19.459] --> textDocument/clangd.fileStatus
I[11:07:20.438] <-- textDocument/hover(165)
I[11:07:20.439] --> reply:textDocument/hover(165) 0 ms
I[11:07:20.439] --> textDocument/clangd.fileStatus
I[11:07:20.635] <-- textDocument/documentHighlight(166)
I[11:07:20.635] --> reply:textDocument/documentHighlight(166) 0 ms
I[11:07:20.635] --> textDocument/clangd.fileStatus
I[11:07:21.050] <-- textDocument/codeAction(167)
I[11:07:21.050] --> reply:textDocument/codeAction(167) 0 ms
I[11:07:21.050] --> textDocument/clangd.fileStatus
I[11:07:22.158] <-- textDocument/hover(168)
I[11:07:22.158] --> reply:textDocument/hover(168) 0 ms
I[11:07:22.158] --> textDocument/clangd.fileStatus
I[11:07:22.870] <-- textDocument/hover(169)
I[11:07:22.870] --> reply:textDocument/hover(169) 0 ms
I[11:07:22.870] --> textDocument/clangd.fileStatus
I[11:07:23.291] <-- textDocument/hover(170)
I[11:07:23.292] --> reply:textDocument/hover(170) 0 ms
I[11:07:23.292] --> textDocument/clangd.fileStatus
I[11:07:23.476] <-- textDocument/documentHighlight(171)
I[11:07:23.476] --> reply:textDocument/documentHighlight(171) 0 ms
I[11:07:23.476] --> textDocument/clangd.fileStatus
I[11:07:23.676] <-- textDocument/codeAction(172)
I[11:07:23.676] --> reply:textDocument/codeAction(172) 0 ms
I[11:07:23.676] --> textDocument/clangd.fileStatus
I[11:07:23.835] <-- textDocument/documentHighlight(173)
I[11:07:23.835] --> reply:textDocument/documentHighlight(173) 0 ms
I[11:07:23.835] --> textDocument/clangd.fileStatus
I[11:07:24.034] <-- textDocument/codeAction(174)
I[11:07:24.034] --> reply:textDocument/codeAction(174) 0 ms
I[11:07:24.035] --> textDocument/clangd.fileStatus
I[11:07:25.403] <-- textDocument/documentHighlight(175)
I[11:07:25.403] --> reply:textDocument/documentHighlight(175) 0 ms
I[11:07:25.403] --> textDocument/clangd.fileStatus
I[11:07:25.594] <-- textDocument/documentHighlight(176)
I[11:07:25.594] --> reply:textDocument/documentHighlight(176) 0 ms
I[11:07:25.594] --> textDocument/clangd.fileStatus
I[11:07:25.794] <-- textDocument/codeAction(177)
I[11:07:25.794] --> reply:textDocument/codeAction(177) 0 ms
I[11:07:25.794] --> textDocument/clangd.fileStatus
I[11:07:29.382] <-- textDocument/hover(178)
I[11:07:29.382] --> reply:textDocument/hover(178) 0 ms
I[11:07:29.382] --> textDocument/clangd.fileStatus
I[11:07:29.449] <-- textDocument/inlayHint(179)
I[11:07:29.449] --> reply:textDocument/inlayHint(179) 0 ms
I[11:07:29.450] --> textDocument/clangd.fileStatus
I[11:07:29.485] <-- textDocument/inlayHint(180)
I[11:07:29.485] --> reply:textDocument/inlayHint(180) 0 ms
I[11:07:29.485] --> textDocument/clangd.fileStatus
I[11:07:29.548] <-- textDocument/inlayHint(181)
I[11:07:29.548] --> reply:textDocument/inlayHint(181) 0 ms
I[11:07:29.548] --> textDocument/clangd.fileStatus
I[11:07:30.069] <-- textDocument/inlayHint(182)
I[11:07:30.069] --> reply:textDocument/inlayHint(182) 0 ms
I[11:07:30.069] --> textDocument/clangd.fileStatus
I[11:07:30.105] <-- textDocument/inlayHint(183)
I[11:07:30.105] --> reply:textDocument/inlayHint(183) 0 ms
I[11:07:30.105] --> textDocument/clangd.fileStatus
I[11:07:30.542] <-- textDocument/hover(184)
I[11:07:30.542] --> reply:textDocument/hover(184) 0 ms
I[11:07:30.542] --> textDocument/clangd.fileStatus
I[11:07:30.854] <-- textDocument/hover(185)
I[11:07:30.854] --> reply:textDocument/hover(185) 0 ms
I[11:07:30.854] --> textDocument/clangd.fileStatus
I[11:07:32.398] <-- textDocument/hover(186)
I[11:07:32.398] --> reply:textDocument/hover(186) 0 ms
I[11:07:32.398] --> textDocument/clangd.fileStatus
I[11:07:34.067] <-- textDocument/inlayHint(187)
I[11:07:34.068] --> reply:textDocument/inlayHint(187) 0 ms
I[11:07:34.068] --> textDocument/clangd.fileStatus
I[11:07:34.166] <-- textDocument/inlayHint(188)
I[11:07:34.167] --> reply:textDocument/inlayHint(188) 0 ms
I[11:07:34.167] --> textDocument/clangd.fileStatus
I[11:07:38.207] <-- textDocument/hover(189)
I[11:07:38.208] --> reply:textDocument/hover(189) 0 ms
I[11:07:38.208] --> textDocument/clangd.fileStatus
I[11:07:38.564] <-- textDocument/documentHighlight(190)
I[11:07:38.564] --> reply:textDocument/documentHighlight(190) 0 ms
I[11:07:38.564] --> textDocument/clangd.fileStatus
I[11:07:39.003] <-- textDocument/codeAction(191)
I[11:07:39.003] --> reply:textDocument/codeAction(191) 0 ms
I[11:07:39.003] --> textDocument/clangd.fileStatus
I[11:07:40.187] <-- textDocument/hover(192)
I[11:07:40.187] --> reply:textDocument/hover(192) 0 ms
I[11:07:40.188] --> textDocument/clangd.fileStatus
I[11:07:40.275] <-- textDocument/documentHighlight(193)
I[11:07:40.275] --> reply:textDocument/documentHighlight(193) 0 ms
I[11:07:40.275] --> textDocument/clangd.fileStatus
I[11:07:40.451] <-- textDocument/documentHighlight(194)
I[11:07:40.451] --> reply:textDocument/documentHighlight(194) 0 ms
I[11:07:40.451] --> textDocument/clangd.fileStatus
I[11:07:40.650] <-- textDocument/codeAction(195)
I[11:07:40.651] --> reply:textDocument/codeAction(195) 0 ms
I[11:07:40.651] --> textDocument/clangd.fileStatus
I[11:07:41.012] <-- textDocument/documentHighlight(196)
I[11:07:41.012] --> reply:textDocument/documentHighlight(196) 0 ms
I[11:07:41.012] --> textDocument/clangd.fileStatus
I[11:07:41.212] <-- textDocument/codeAction(197)
I[11:07:41.212] --> reply:textDocument/codeAction(197) 0 ms
I[11:07:41.212] --> textDocument/clangd.fileStatus
I[11:07:41.737] <-- textDocument/inlayHint(198)
I[11:07:41.738] --> reply:textDocument/inlayHint(198) 0 ms
I[11:07:41.738] --> textDocument/clangd.fileStatus
I[11:07:41.833] <-- textDocument/inlayHint(199)
I[11:07:41.834] --> reply:textDocument/inlayHint(199) 0 ms
I[11:07:41.834] --> textDocument/clangd.fileStatus
I[11:07:41.882] <-- textDocument/inlayHint(200)
I[11:07:41.882] --> reply:textDocument/inlayHint(200) 0 ms
I[11:07:41.882] --> textDocument/clangd.fileStatus
I[11:07:41.961] <-- textDocument/inlayHint(201)
I[11:07:41.961] --> reply:textDocument/inlayHint(201) 0 ms
I[11:07:41.961] --> textDocument/clangd.fileStatus
I[11:07:43.185] <-- textDocument/inlayHint(202)
I[11:07:43.185] --> reply:textDocument/inlayHint(202) 0 ms
I[11:07:43.185] --> textDocument/clangd.fileStatus
I[11:07:43.241] <-- textDocument/inlayHint(203)
I[11:07:43.241] --> reply:textDocument/inlayHint(203) 0 ms
I[11:07:43.241] --> textDocument/clangd.fileStatus
I[11:07:43.278] <-- textDocument/inlayHint(204)
I[11:07:43.278] --> reply:textDocument/inlayHint(204) 0 ms
I[11:07:43.278] --> textDocument/clangd.fileStatus
I[11:07:43.953] <-- textDocument/inlayHint(205)
I[11:07:43.953] --> reply:textDocument/inlayHint(205) 0 ms
I[11:07:43.953] --> textDocument/clangd.fileStatus
I[11:07:43.987] <-- textDocument/inlayHint(206)
I[11:07:43.987] --> reply:textDocument/inlayHint(206) 0 ms
I[11:07:43.987] --> textDocument/clangd.fileStatus
I[11:07:44.025] <-- textDocument/inlayHint(207)
I[11:07:44.025] --> reply:textDocument/inlayHint(207) 0 ms
I[11:07:44.025] --> textDocument/clangd.fileStatus
I[11:07:44.060] <-- textDocument/inlayHint(208)
I[11:07:44.060] --> reply:textDocument/inlayHint(208) 0 ms
I[11:07:44.060] --> textDocument/clangd.fileStatus
I[11:07:46.775] <-- textDocument/hover(209)
I[11:07:46.775] --> reply:textDocument/hover(209) 0 ms
I[11:07:46.775] --> textDocument/clangd.fileStatus
I[11:07:48.046] <-- textDocument/didOpen
I[11:07:48.046] Failed to find compilation database for /home/david/Documentos/prueba_OS/RepasoExamen/35.c
I[11:07:48.046] ASTWorker building file /home/david/Documentos/prueba_OS/RepasoExamen/35.c version 1 with command clangd fallback
[/home/david/Documentos/prueba_OS/RepasoExamen]
/usr/bin/clang -resource-dir=/home/david/.vscode-oss/extensions/kylinideteam.kylin-clangd-0.4.0-linux-x64/res/clangd/lib/clang/21 -- /home/david/Documentos/prueba_OS/RepasoExamen/35.c
I[11:07:48.047] --> textDocument/clangd.fileStatus
I[11:07:48.059] <-- textDocument/codeAction(210)
I[11:07:48.059] <-- textDocument/documentSymbol(211)
I[11:07:48.073] Built preamble of size 580060 for file /home/david/Documentos/prueba_OS/RepasoExamen/35.c version 1 in 0.03 seconds
I[11:07:48.073] --> workspace/semanticTokens/refresh(3)
I[11:07:48.073] <-- reply(3)
I[11:07:48.077] --> textDocument/publishDiagnostics
I[11:07:48.077] --> textDocument/inactiveRegions
I[11:07:48.077] --> reply:textDocument/codeAction(210) 18 ms
I[11:07:48.077] --> reply:textDocument/documentSymbol(211) 17 ms
I[11:07:48.077] --> textDocument/clangd.fileStatus
I[11:07:48.122] <-- textDocument/inlayHint(212)
I[11:07:48.122] <-- textDocument/documentLink(213)
I[11:07:48.122] --> reply:textDocument/inlayHint(212) 0 ms
I[11:07:48.122] --> reply:textDocument/documentLink(213) 0 ms
I[11:07:48.122] --> textDocument/clangd.fileStatus
I[11:07:48.254] <-- textDocument/foldingRange(214)
I[11:07:48.254] --> reply:textDocument/foldingRange(214) 0 ms
I[11:07:48.353] <-- textDocument/documentSymbol(215)
I[11:07:48.354] --> reply:textDocument/documentSymbol(215) 0 ms
I[11:07:48.354] --> textDocument/clangd.fileStatus
I[11:07:48.490] <-- textDocument/inlayHint(216)
I[11:07:48.490] --> reply:textDocument/inlayHint(216) 0 ms
I[11:07:48.490] --> textDocument/clangd.fileStatus
I[11:07:48.938] <-- textDocument/hover(217)
I[11:07:48.938] --> reply:textDocument/hover(217) 0 ms
I[11:07:48.938] --> textDocument/clangd.fileStatus
I[11:07:49.068] <-- textDocument/inlayHint(218)
I[11:07:49.069] --> reply:textDocument/inlayHint(218) 0 ms
I[11:07:49.069] --> textDocument/clangd.fileStatus
I[11:07:49.124] <-- textDocument/inlayHint(219)
I[11:07:49.124] --> reply:textDocument/inlayHint(219) 0 ms
I[11:07:49.124] --> textDocument/clangd.fileStatus
I[11:07:49.263] <-- textDocument/inlayHint(220)
I[11:07:49.264] --> reply:textDocument/inlayHint(220) 0 ms
I[11:07:49.264] --> textDocument/clangd.fileStatus
I[11:07:51.070] <-- textDocument/hover(221)
I[11:07:51.071] --> reply:textDocument/hover(221) 0 ms
I[11:07:51.071] --> textDocument/clangd.fileStatus
I[11:07:52.899] <-- textDocument/hover(222)
I[11:07:52.900] --> reply:textDocument/hover(222) 0 ms
I[11:07:52.900] --> textDocument/clangd.fileStatus
I[11:07:54.686] <-- textDocument/hover(223)
I[11:07:54.687] --> reply:textDocument/hover(223) 0 ms
I[11:07:54.687] --> textDocument/clangd.fileStatus
I[11:07:54.982] <-- textDocument/hover(224)
I[11:07:54.982] --> reply:textDocument/hover(224) 0 ms
I[11:07:54.982] --> textDocument/clangd.fileStatus
I[11:07:58.982] <-- textDocument/hover(225)
I[11:07:58.983] --> reply:textDocument/hover(225) 0 ms
I[11:07:58.983] --> textDocument/clangd.fileStatus
I[11:07:59.238] <-- textDocument/hover(226)
I[11:07:59.238] --> reply:textDocument/hover(226) 0 ms
I[11:07:59.238] --> textDocument/clangd.fileStatus
I[11:07:59.290] <-- textDocument/documentHighlight(227)
I[11:07:59.290] --> reply:textDocument/documentHighlight(227) 0 ms
I[11:07:59.290] --> textDocument/clangd.fileStatus
I[11:07:59.591] <-- textDocument/codeAction(228)
I[11:07:59.591] --> reply:textDocument/codeAction(228) 0 ms
I[11:07:59.591] --> textDocument/clangd.fileStatus
I[11:08:00.010] <-- textDocument/codeAction(229)
I[11:08:00.010] --> reply:textDocument/codeAction(229) 0 ms
I[11:08:00.010] --> textDocument/clangd.fileStatus
I[11:08:01.203] <-- textDocument/codeAction(230)
I[11:08:01.203] --> reply:textDocument/codeAction(230) 0 ms
I[11:08:01.203] --> textDocument/clangd.fileStatus
I[11:08:07.244] <-- textDocument/codeAction(231)
I[11:08:07.244] --> reply:textDocument/codeAction(231) 0 ms
I[11:08:07.244] --> textDocument/clangd.fileStatus
I[11:08:07.990] <-- textDocument/hover(232)
I[11:08:07.991] --> reply:textDocument/hover(232) 0 ms
I[11:08:07.991] --> textDocument/clangd.fileStatus
I[11:08:15.433] <-- textDocument/inlayHint(233)
I[11:08:15.433] --> reply:textDocument/inlayHint(233) 0 ms
I[11:08:15.433] --> textDocument/clangd.fileStatus
I[11:08:15.737] <-- textDocument/inlayHint(234)
I[11:08:15.737] --> reply:textDocument/inlayHint(234) 0 ms
I[11:08:15.737] --> textDocument/clangd.fileStatus
I[11:08:15.782] <-- textDocument/inlayHint(235)
I[11:08:15.782] --> reply:textDocument/inlayHint(235) 0 ms
I[11:08:15.782] --> textDocument/clangd.fileStatus
I[11:08:16.585] <-- textDocument/inlayHint(236)
I[11:08:16.585] --> reply:textDocument/inlayHint(236) 0 ms
I[11:08:16.585] --> textDocument/clangd.fileStatus
I[11:08:16.630] <-- textDocument/inlayHint(237)
I[11:08:16.631] --> reply:textDocument/inlayHint(237) 0 ms
I[11:08:16.631] --> textDocument/clangd.fileStatus
I[11:08:17.614] <-- textDocument/hover(238)
I[11:08:17.614] --> reply:textDocument/hover(238) 0 ms
I[11:08:17.614] --> textDocument/clangd.fileStatus
I[11:08:18.043] <-- textDocument/documentHighlight(239)
I[11:08:18.043] --> reply:textDocument/documentHighlight(239) 0 ms
I[11:08:18.043] --> textDocument/clangd.fileStatus
I[11:08:18.242] <-- textDocument/codeAction(240)
I[11:08:18.242] --> reply:textDocument/codeAction(240) 0 ms
I[11:08:18.242] --> textDocument/clangd.fileStatus
I[11:08:18.416] <-- textDocument/hover(241)
I[11:08:18.416] --> reply:textDocument/hover(241) 0 ms
I[11:08:18.416] --> textDocument/clangd.fileStatus
I[11:08:18.972] <-- textDocument/hover(242)
I[11:08:18.972] --> reply:textDocument/hover(242) 0 ms
I[11:08:18.972] --> textDocument/clangd.fileStatus
I[11:08:19.757] <-- textDocument/codeAction(243)
I[11:08:19.757] --> reply:textDocument/codeAction(243) 0 ms
I[11:08:19.757] --> textDocument/clangd.fileStatus
I[11:08:21.018] <-- textDocument/inlayHint(244)
I[11:08:21.018] --> reply:textDocument/inlayHint(244) 0 ms
I[11:08:21.018] --> textDocument/clangd.fileStatus
I[11:08:21.052] <-- textDocument/inlayHint(245)
I[11:08:21.052] --> reply:textDocument/inlayHint(245) 0 ms
I[11:08:21.052] --> textDocument/clangd.fileStatus
I[11:08:21.087] <-- textDocument/inlayHint(246)
I[11:08:21.087] --> reply:textDocument/inlayHint(246) 0 ms
I[11:08:21.088] --> textDocument/clangd.fileStatus
I[11:08:21.115] <-- textDocument/inlayHint(247)
I[11:08:21.115] --> reply:textDocument/inlayHint(247) 0 ms
I[11:08:21.115] --> textDocument/clangd.fileStatus
I[11:08:21.143] <-- textDocument/inlayHint(248)
I[11:08:21.143] --> reply:textDocument/inlayHint(248) 0 ms
I[11:08:21.143] --> textDocument/clangd.fileStatus
I[11:08:21.172] <-- textDocument/inlayHint(249)
I[11:08:21.172] --> reply:textDocument/inlayHint(249) 0 ms
I[11:08:21.172] --> textDocument/clangd.fileStatus
I[11:08:21.198] <-- textDocument/inlayHint(250)
I[11:08:21.198] --> reply:textDocument/inlayHint(250) 0 ms
I[11:08:21.198] --> textDocument/clangd.fileStatus
I[11:08:21.226] <-- textDocument/inlayHint(251)
I[11:08:21.226] --> reply:textDocument/inlayHint(251) 0 ms
I[11:08:21.226] --> textDocument/clangd.fileStatus
I[11:08:21.254] <-- textDocument/inlayHint(252)
I[11:08:21.254] --> reply:textDocument/inlayHint(252) 0 ms
I[11:08:21.254] --> textDocument/clangd.fileStatus
I[11:08:21.282] <-- textDocument/inlayHint(253)
I[11:08:21.282] --> reply:textDocument/inlayHint(253) 0 ms
I[11:08:21.282] --> textDocument/clangd.fileStatus
I[11:08:21.309] <-- textDocument/inlayHint(254)
I[11:08:21.309] --> reply:textDocument/inlayHint(254) 0 ms
I[11:08:21.309] --> textDocument/clangd.fileStatus
I[11:08:21.344] <-- textDocument/inlayHint(255)
I[11:08:21.345] --> reply:textDocument/inlayHint(255) 0 ms
I[11:08:21.345] --> textDocument/clangd.fileStatus
I[11:08:21.374] <-- textDocument/inlayHint(256)
I[11:08:21.374] --> reply:textDocument/inlayHint(256) 0 ms
I[11:08:21.374] --> textDocument/clangd.fileStatus
I[11:08:21.408] <-- textDocument/inlayHint(257)
I[11:08:21.409] --> reply:textDocument/inlayHint(257) 0 ms
I[11:08:21.409] --> textDocument/clangd.fileStatus
I[11:08:21.435] <-- textDocument/inlayHint(258)
I[11:08:21.436] --> reply:textDocument/inlayHint(258) 0 ms
I[11:08:21.436] --> textDocument/clangd.fileStatus
I[11:08:21.462] <-- textDocument/inlayHint(259)
I[11:08:21.462] --> reply:textDocument/inlayHint(259) 0 ms
I[11:08:21.463] --> textDocument/clangd.fileStatus
I[11:08:21.489] <-- textDocument/inlayHint(260)
I[11:08:21.489] --> reply:textDocument/inlayHint(260) 0 ms
I[11:08:21.489] --> textDocument/clangd.fileStatus
I[11:08:21.519] <-- textDocument/inlayHint(261)
I[11:08:21.519] --> reply:textDocument/inlayHint(261) 0 ms
I[11:08:21.519] --> textDocument/clangd.fileStatus
I[11:08:21.546] <-- textDocument/inlayHint(262)
I[11:08:21.546] --> reply:textDocument/inlayHint(262) 0 ms
I[11:08:21.546] --> textDocument/clangd.fileStatus
I[11:08:21.574] <-- textDocument/inlayHint(263)
I[11:08:21.574] --> reply:textDocument/inlayHint(263) 0 ms
I[11:08:21.574] --> textDocument/clangd.fileStatus
I[11:08:21.607] <-- textDocument/inlayHint(264)
I[11:08:21.608] --> reply:textDocument/inlayHint(264) 0 ms
I[11:08:21.608] --> textDocument/clangd.fileStatus
I[11:08:21.636] <-- textDocument/inlayHint(265)
I[11:08:21.637] --> reply:textDocument/inlayHint(265) 0 ms
I[11:08:21.637] --> textDocument/clangd.fileStatus
I[11:08:21.666] <-- textDocument/inlayHint(266)
I[11:08:21.666] --> reply:textDocument/inlayHint(266) 0 ms
I[11:08:21.666] --> textDocument/clangd.fileStatus
I[11:08:22.546] <-- textDocument/inlayHint(267)
I[11:08:22.547] --> reply:textDocument/inlayHint(267) 0 ms
I[11:08:22.547] --> textDocument/clangd.fileStatus
I[11:08:22.574] <-- textDocument/inlayHint(268)
I[11:08:22.574] --> reply:textDocument/inlayHint(268) 0 ms
I[11:08:22.574] --> textDocument/clangd.fileStatus
I[11:08:22.608] <-- textDocument/inlayHint(269)
I[11:08:22.608] --> reply:textDocument/inlayHint(269) 0 ms
I[11:08:22.609] --> textDocument/clangd.fileStatus
I[11:08:22.636] <-- textDocument/inlayHint(270)
I[11:08:22.637] --> reply:textDocument/inlayHint(270) 0 ms
I[11:08:22.637] --> textDocument/clangd.fileStatus
I[11:08:22.671] <-- textDocument/inlayHint(271)
I[11:08:22.671] --> reply:textDocument/inlayHint(271) 0 ms
I[11:08:22.671] --> textDocument/clangd.fileStatus
I[11:08:22.699] <-- textDocument/inlayHint(272)
I[11:08:22.699] --> reply:textDocument/inlayHint(272) 0 ms
I[11:08:22.699] --> textDocument/clangd.fileStatus
I[11:08:23.949] <-- textDocument/inlayHint(273)
I[11:08:23.950] --> reply:textDocument/inlayHint(273) 0 ms
I[11:08:23.950] --> textDocument/clangd.fileStatus
I[11:08:23.977] <-- textDocument/inlayHint(274)
I[11:08:23.977] --> reply:textDocument/inlayHint(274) 0 ms
I[11:08:23.977] --> textDocument/clangd.fileStatus
I[11:08:24.005] <-- textDocument/inlayHint(275)
I[11:08:24.005] --> reply:textDocument/inlayHint(275) 0 ms
I[11:08:24.005] --> textDocument/clangd.fileStatus
I[11:08:24.032] <-- textDocument/inlayHint(276)
I[11:08:24.032] --> reply:textDocument/inlayHint(276) 0 ms
I[11:08:24.032] --> textDocument/clangd.fileStatus
I[11:08:24.060] <-- textDocument/inlayHint(277)
I[11:08:24.060] --> reply:textDocument/inlayHint(277) 0 ms
I[11:08:24.060] --> textDocument/clangd.fileStatus
I[11:08:24.088] <-- textDocument/inlayHint(278)
I[11:08:24.088] --> reply:textDocument/inlayHint(278) 0 ms
I[11:08:24.088] --> textDocument/clangd.fileStatus
I[11:08:24.116] <-- textDocument/inlayHint(279)
I[11:08:24.116] --> reply:textDocument/inlayHint(279) 0 ms
I[11:08:24.116] --> textDocument/clangd.fileStatus
I[11:08:24.150] <-- textDocument/inlayHint(280)
I[11:08:24.150] --> reply:textDocument/inlayHint(280) 0 ms
I[11:08:24.150] --> textDocument/clangd.fileStatus
I[11:08:24.178] <-- textDocument/inlayHint(281)
I[11:08:24.178] --> reply:textDocument/inlayHint(281) 0 ms
I[11:08:24.179] --> textDocument/clangd.fileStatus
I[11:08:24.650] <-- textDocument/inlayHint(282)
I[11:08:24.650] --> reply:textDocument/inlayHint(282) 0 ms
I[11:08:24.650] --> textDocument/clangd.fileStatus
I[11:08:24.679] <-- textDocument/inlayHint(283)
I[11:08:24.679] --> reply:textDocument/inlayHint(283) 0 ms
I[11:08:24.679] --> textDocument/clangd.fileStatus
I[11:08:24.712] <-- textDocument/inlayHint(284)
I[11:08:24.712] --> reply:textDocument/inlayHint(284) 0 ms
I[11:08:24.712] --> textDocument/clangd.fileStatus
I[11:08:24.740] <-- textDocument/inlayHint(285)
I[11:08:24.741] --> reply:textDocument/inlayHint(285) 0 ms
I[11:08:24.741] --> textDocument/clangd.fileStatus
I[11:08:24.768] <-- textDocument/inlayHint(286)
I[11:08:24.768] --> reply:textDocument/inlayHint(286) 0 ms
I[11:08:24.768] --> textDocument/clangd.fileStatus
I[11:08:24.796] <-- textDocument/inlayHint(287)
I[11:08:24.796] --> reply:textDocument/inlayHint(287) 0 ms
I[11:08:24.796] --> textDocument/clangd.fileStatus
I[11:08:24.823] <-- textDocument/inlayHint(288)
I[11:08:24.823] --> reply:textDocument/inlayHint(288) 0 ms
I[11:08:24.824] --> textDocument/clangd.fileStatus
I[11:08:25.879] <-- textDocument/hover(289)
I[11:08:25.879] --> reply:textDocument/hover(289) 0 ms
I[11:08:25.879] --> textDocument/clangd.fileStatus
I[11:08:26.087] <-- textDocument/hover(290)
I[11:08:26.088] --> reply:textDocument/hover(290) 0 ms
I[11:08:26.088] --> textDocument/clangd.fileStatus
I[11:08:26.247] <-- textDocument/hover(291)
I[11:08:26.247] --> reply:textDocument/hover(291) 0 ms
I[11:08:26.247] --> textDocument/clangd.fileStatus
I[11:08:26.507] <-- textDocument/documentHighlight(292)
I[11:08:26.508] --> reply:textDocument/documentHighlight(292) 0 ms
I[11:08:26.508] --> textDocument/clangd.fileStatus
I[11:08:26.707] <-- textDocument/codeAction(293)
I[11:08:26.707] --> reply:textDocument/codeAction(293) 0 ms
I[11:08:26.707] --> textDocument/clangd.fileStatus
I[11:08:27.180] <-- textDocument/didChange
I[11:08:27.180] --> textDocument/clangd.fileStatus
I[11:08:27.207] <-- textDocument/inlayHint(294)
I[11:08:27.208] Failed to find compilation database for /home/david/Documentos/prueba_OS/RepasoExamen/35.c
I[11:08:27.208] ASTWorker building file /home/david/Documentos/prueba_OS/RepasoExamen/35.c version 2 with command clangd fallback
[/home/david/Documentos/prueba_OS/RepasoExamen]
/usr/bin/clang -resource-dir=/home/david/.vscode-oss/extensions/kylinideteam.kylin-clangd-0.4.0-linux-x64/res/clangd/lib/clang/21 -- /home/david/Documentos/prueba_OS/RepasoExamen/35.c
I[11:08:27.208] --> textDocument/clangd.fileStatus
I[11:08:27.212] --> textDocument/publishDiagnostics
I[11:08:27.212] --> textDocument/inactiveRegions
I[11:08:27.212] --> reply:textDocument/inlayHint(294) 4 ms
I[11:08:27.212] --> textDocument/clangd.fileStatus
I[11:08:27.382] <-- textDocument/foldingRange(295)
I[11:08:27.382] --> reply:textDocument/foldingRange(295) 0 ms
I[11:08:27.432] <-- textDocument/codeAction(296)
I[11:08:27.432] --> reply:textDocument/codeAction(296) 0 ms
I[11:08:27.432] --> textDocument/clangd.fileStatus
I[11:08:27.532] <-- textDocument/documentSymbol(297)
I[11:08:27.532] <-- textDocument/documentSymbol(298)
I[11:08:27.532] --> reply:textDocument/documentSymbol(297) 0 ms
I[11:08:27.532] --> reply:textDocument/documentSymbol(298) 0 ms
I[11:08:27.532] --> textDocument/clangd.fileStatus
I[11:08:27.982] <-- textDocument/inlayHint(299)
I[11:08:27.982] --> reply:textDocument/inlayHint(299) 0 ms
I[11:08:27.982] --> textDocument/clangd.fileStatus
I[11:08:28.184] <-- textDocument/documentLink(300)
I[11:08:28.184] --> reply:textDocument/documentLink(300) 0 ms
I[11:08:28.184] --> textDocument/clangd.fileStatus
I[11:08:28.751] <-- textDocument/hover(301)
I[11:08:28.751] --> reply:textDocument/hover(301) 0 ms
I[11:08:28.752] --> textDocument/clangd.fileStatus
I[11:08:29.444] <-- textDocument/documentHighlight(302)
I[11:08:29.445] --> reply:textDocument/documentHighlight(302) 0 ms
I[11:08:29.445] --> textDocument/clangd.fileStatus
I[11:08:29.643] <-- textDocument/codeAction(303)
I[11:08:29.643] --> reply:textDocument/codeAction(303) 0 ms
I[11:08:29.643] --> textDocument/clangd.fileStatus
I[11:08:30.315] <-- textDocument/didChange
I[11:08:30.315] --> textDocument/clangd.fileStatus
I[11:08:30.341] <-- textDocument/inlayHint(304)
I[11:08:30.341] Failed to find compilation database for /home/david/Documentos/prueba_OS/RepasoExamen/35.c
I[11:08:30.342] ASTWorker building file /home/david/Documentos/prueba_OS/RepasoExamen/35.c version 3 with command clangd fallback
[/home/david/Documentos/prueba_OS/RepasoExamen]
/usr/bin/clang -resource-dir=/home/david/.vscode-oss/extensions/kylinideteam.kylin-clangd-0.4.0-linux-x64/res/clangd/lib/clang/21 -- /home/david/Documentos/prueba_OS/RepasoExamen/35.c
I[11:08:30.342] --> textDocument/clangd.fileStatus
I[11:08:30.346] --> textDocument/publishDiagnostics
I[11:08:30.346] --> textDocument/inactiveRegions
I[11:08:30.346] --> reply:textDocument/inlayHint(304) 4 ms
I[11:08:30.346] --> textDocument/clangd.fileStatus
I[11:08:30.516] <-- textDocument/foldingRange(305)
I[11:08:30.516] --> reply:textDocument/foldingRange(305) 0 ms
I[11:08:30.566] <-- textDocument/codeAction(306)
I[11:08:30.566] --> reply:textDocument/codeAction(306) 0 ms
I[11:08:30.566] --> textDocument/clangd.fileStatus
I[11:08:30.667] <-- textDocument/documentSymbol(307)
I[11:08:30.667] <-- textDocument/documentSymbol(308)
I[11:08:30.667] --> reply:textDocument/documentSymbol(307) 0 ms
I[11:08:30.667] --> reply:textDocument/documentSymbol(308) 0 ms
I[11:08:30.667] --> textDocument/clangd.fileStatus
I[11:08:31.117] <-- textDocument/inlayHint(309)
I[11:08:31.117] --> reply:textDocument/inlayHint(309) 0 ms
I[11:08:31.117] --> textDocument/clangd.fileStatus
I[11:08:31.134] <-- textDocument/hover(310)
I[11:08:31.134] --> reply:textDocument/hover(310) 0 ms
I[11:08:31.134] --> textDocument/clangd.fileStatus
I[11:08:31.316] <-- textDocument/documentLink(311)
I[11:08:31.316] --> reply:textDocument/documentLink(311) 0 ms
I[11:08:31.316] --> textDocument/clangd.fileStatus
I[11:08:32.962] <-- textDocument/inlayHint(312)
I[11:08:32.962] --> reply:textDocument/inlayHint(312) 0 ms
I[11:08:32.962] --> textDocument/clangd.fileStatus
I[11:08:32.990] <-- textDocument/inlayHint(313)
I[11:08:32.990] --> reply:textDocument/inlayHint(313) 0 ms
I[11:08:32.990] --> textDocument/clangd.fileStatus
I[11:08:34.844] <-- textDocument/didSave
I[11:08:34.844] File version went from 1 to 1
I[11:08:34.845] File version went from 1 to 1
I[11:08:34.845] File version went from 1 to 1
I[11:08:34.845] File version went from 3 to 3
I[11:08:34.845] --> textDocument/clangd.fileStatus
I[11:08:34.845] --> textDocument/clangd.fileStatus
I[11:08:34.845] --> textDocument/clangd.fileStatus
I[11:08:34.845] --> textDocument/clangd.fileStatus
I[11:08:34.895] Failed to find compilation database for /home/david/Documentos/prueba_OS/RepasoExamen/29.c
I[11:08:34.895] Failed to find compilation database for /home/david/Documentos/prueba_OS/RepasoExamen/28.c
I[11:08:34.895] Failed to find compilation database for /home/david/Documentos/prueba_OS/RepasoExamen/35.c
I[11:08:34.895] Failed to find compilation database for /home/david/Documentos/prueba_OS/RepasoExamen/311.c
I[11:08:34.895] ASTWorker building file /home/david/Documentos/prueba_OS/RepasoExamen/29.c version 1 with command clangd fallback
[/home/david/Documentos/prueba_OS/RepasoExamen]
/usr/bin/clang -resource-dir=/home/david/.vscode-oss/extensions/kylinideteam.kylin-clangd-0.4.0-linux-x64/res/clangd/lib/clang/21 -- /home/david/Documentos/prueba_OS/RepasoExamen/29.c
I[11:08:34.895] ASTWorker building file /home/david/Documentos/prueba_OS/RepasoExamen/28.c version 1 with command clangd fallback
[/home/david/Documentos/prueba_OS/RepasoExamen]
/usr/bin/clang -resource-dir=/home/david/.vscode-oss/extensions/kylinideteam.kylin-clangd-0.4.0-linux-x64/res/clangd/lib/clang/21 -- /home/david/Documentos/prueba_OS/RepasoExamen/28.c
I[11:08:34.895] ASTWorker building file /home/david/Documentos/prueba_OS/RepasoExamen/35.c version 3 with command clangd fallback
[/home/david/Documentos/prueba_OS/RepasoExamen]
/usr/bin/clang -resource-dir=/home/david/.vscode-oss/extensions/kylinideteam.kylin-clangd-0.4.0-linux-x64/res/clangd/lib/clang/21 -- /home/david/Documentos/prueba_OS/RepasoExamen/35.c
I[11:08:34.895] ASTWorker building file /home/david/Documentos/prueba_OS/RepasoExamen/311.c version 1 with command clangd fallback
[/home/david/Documentos/prueba_OS/RepasoExamen]
/usr/bin/clang -resource-dir=/home/david/.vscode-oss/extensions/kylinideteam.kylin-clangd-0.4.0-linux-x64/res/clangd/lib/clang/21 -- /home/david/Documentos/prueba_OS/RepasoExamen/311.c
I[11:08:34.896] --> textDocument/clangd.fileStatus
I[11:08:34.896] --> textDocument/clangd.fileStatus
I[11:08:34.896] --> textDocument/clangd.fileStatus
I[11:08:34.896] --> textDocument/clangd.fileStatus
I[11:08:34.896] --> textDocument/clangd.fileStatus
I[11:08:34.896] --> textDocument/clangd.fileStatus
I[11:08:34.896] --> textDocument/clangd.fileStatus
I[11:08:34.896] --> textDocument/clangd.fileStatus
I[11:08:34.896] --> textDocument/clangd.fileStatus
I[11:08:34.896] --> textDocument/clangd.fileStatus
I[11:08:34.896] --> textDocument/clangd.fileStatus
I[11:08:34.896] --> textDocument/clangd.fileStatus
I[11:08:34.896] --> textDocument/clangd.fileStatus
I[11:08:34.896] --> textDocument/clangd.fileStatus
I[11:08:34.896] --> textDocument/clangd.fileStatus
I[11:08:34.896] --> textDocument/clangd.fileStatus
I[11:08:38.646] <-- textDocument/hover(314)
I[11:08:38.647] --> reply:textDocument/hover(314) 0 ms
I[11:08:38.647] --> textDocument/clangd.fileStatus
I[11:08:55.343] <-- textDocument/hover(315)
I[11:08:55.343] --> reply:textDocument/hover(315) 0 ms
I[11:08:55.343] --> textDocument/clangd.fileStatus
I[11:08:55.863] <-- textDocument/hover(316)
I[11:08:55.863] --> reply:textDocument/hover(316) 0 ms
I[11:08:55.864] --> textDocument/clangd.fileStatus
I[11:08:56.867] <-- textDocument/hover(317)
I[11:08:56.868] --> reply:textDocument/hover(317) 0 ms
I[11:08:56.868] --> textDocument/clangd.fileStatus
I[11:08:58.006] <-- textDocument/hover(318)
I[11:08:58.006] --> reply:textDocument/hover(318) 0 ms
I[11:08:58.006] --> textDocument/clangd.fileStatus
I[11:09:02.702] <-- textDocument/hover(319)
I[11:09:02.702] --> reply:textDocument/hover(319) 0 ms
I[11:09:02.702] --> textDocument/clangd.fileStatus
I[11:09:03.187] <-- textDocument/codeAction(320)
I[11:09:03.188] --> reply:textDocument/codeAction(320) 0 ms
I[11:09:03.188] --> textDocument/clangd.fileStatus
I[11:09:04.474] <-- textDocument/codeAction(321)
I[11:09:04.474] --> reply:textDocument/codeAction(321) 0 ms
I[11:09:04.474] --> textDocument/clangd.fileStatus
I[11:09:06.478] <-- textDocument/hover(322)
I[11:09:06.479] --> reply:textDocument/hover(322) 0 ms
I[11:09:06.479] --> textDocument/clangd.fileStatus
I[11:09:14.505] <-- textDocument/didOpen
I[11:09:14.506] Failed to find compilation database for /home/david/Documentos/prueba_OS/RepasoExamen/39.c
I[11:09:14.506] ASTWorker building file /home/david/Documentos/prueba_OS/RepasoExamen/39.c version 1 with command clangd fallback
[/home/david/Documentos/prueba_OS/RepasoExamen]
/usr/bin/clang -resource-dir=/home/david/.vscode-oss/extensions/kylinideteam.kylin-clangd-0.4.0-linux-x64/res/clangd/lib/clang/21 -- /home/david/Documentos/prueba_OS/RepasoExamen/39.c
I[11:09:14.507] --> textDocument/clangd.fileStatus
I[11:09:14.518] <-- textDocument/codeAction(323)
I[11:09:14.519] <-- textDocument/documentSymbol(324)
I[11:09:14.531] Built preamble of size 756336 for file /home/david/Documentos/prueba_OS/RepasoExamen/39.c version 1 in 0.02 seconds
I[11:09:14.531] --> workspace/semanticTokens/refresh(4)
I[11:09:14.532] <-- reply(4)
I[11:09:14.536] --> textDocument/publishDiagnostics
I[11:09:14.536] --> textDocument/inactiveRegions
I[11:09:14.536] --> reply:textDocument/codeAction(323) 17 ms
I[11:09:14.536] --> reply:textDocument/documentSymbol(324) 17 ms
I[11:09:14.536] --> textDocument/clangd.fileStatus
I[11:09:14.545] <-- textDocument/documentLink(325)
I[11:09:14.545] --> reply:textDocument/documentLink(325) 0 ms
I[11:09:14.545] --> textDocument/clangd.fileStatus
I[11:09:14.557] <-- textDocument/inlayHint(326)
I[11:09:14.557] --> reply:textDocument/inlayHint(326) 0 ms
I[11:09:14.558] --> textDocument/clangd.fileStatus
I[11:09:14.710] <-- textDocument/foldingRange(327)
I[11:09:14.710] --> reply:textDocument/foldingRange(327) 0 ms
I[11:09:14.768] <-- textDocument/codeAction(328)
I[11:09:14.768] --> reply:textDocument/codeAction(328) 0 ms
I[11:09:14.768] --> textDocument/clangd.fileStatus
I[11:09:14.812] <-- textDocument/documentSymbol(329)
I[11:09:14.812] --> reply:textDocument/documentSymbol(329) 0 ms
I[11:09:14.813] --> textDocument/clangd.fileStatus
I[11:09:15.843] <-- textDocument/inlayHint(330)
I[11:09:15.844] --> reply:textDocument/inlayHint(330) 0 ms
I[11:09:15.844] --> textDocument/clangd.fileStatus
I[11:09:15.893] <-- textDocument/inlayHint(331)
I[11:09:15.893] --> reply:textDocument/inlayHint(331) 0 ms
I[11:09:15.893] --> textDocument/clangd.fileStatus
I[11:09:16.242] <-- textDocument/inlayHint(332)
I[11:09:16.242] --> reply:textDocument/inlayHint(332) 0 ms
I[11:09:16.242] --> textDocument/clangd.fileStatus
I[11:09:18.873] <-- textDocument/inlayHint(333)
I[11:09:18.873] --> reply:textDocument/inlayHint(333) 0 ms
I[11:09:18.874] --> textDocument/clangd.fileStatus
I[11:09:19.825] <-- textDocument/inlayHint(334)
I[11:09:19.825] --> reply:textDocument/inlayHint(334) 0 ms
I[11:09:19.825] --> textDocument/clangd.fileStatus
I[11:09:19.890] <-- textDocument/inlayHint(335)
I[11:09:19.890] --> reply:textDocument/inlayHint(335) 0 ms
I[11:09:19.890] --> textDocument/clangd.fileStatus
I[11:09:31.231] <-- textDocument/hover(336)
I[11:09:31.231] --> reply:textDocument/hover(336) 0 ms
I[11:09:31.231] --> textDocument/clangd.fileStatus
I[11:09:31.508] <-- textDocument/documentHighlight(337)
I[11:09:31.508] --> reply:textDocument/documentHighlight(337) 0 ms
I[11:09:31.508] --> textDocument/clangd.fileStatus
I[11:09:32.173] <-- textDocument/codeAction(338)
I[11:09:32.173] --> reply:textDocument/codeAction(338) 0 ms
I[11:09:32.174] --> textDocument/clangd.fileStatus
I[11:09:33.363] <-- textDocument/codeAction(339)
I[11:09:33.363] --> reply:textDocument/codeAction(339) 0 ms
I[11:09:33.363] --> textDocument/clangd.fileStatus
I[11:09:35.783] <-- textDocument/hover(340)
I[11:09:35.783] --> reply:textDocument/hover(340) 0 ms
I[11:09:35.783] --> textDocument/clangd.fileStatus
I[11:09:35.899] <-- textDocument/documentHighlight(341)
I[11:09:35.899] --> reply:textDocument/documentHighlight(341) 0 ms
I[11:09:35.899] --> textDocument/clangd.fileStatus
I[11:09:36.106] <-- textDocument/documentHighlight(342)
I[11:09:36.106] --> reply:textDocument/documentHighlight(342) 0 ms
I[11:09:36.106] --> textDocument/clangd.fileStatus
I[11:09:36.555] <-- textDocument/codeAction(343)
I[11:09:36.555] --> reply:textDocument/codeAction(343) 0 ms
I[11:09:36.555] --> textDocument/clangd.fileStatus
I[11:09:37.210] <-- textDocument/codeAction(344)
I[11:09:37.210] --> reply:textDocument/codeAction(344) 0 ms
I[11:09:37.210] --> textDocument/clangd.fileStatus
I[11:09:37.355] <-- textDocument/documentHighlight(345)
I[11:09:37.355] --> reply:textDocument/documentHighlight(345) 0 ms
I[11:09:37.355] --> textDocument/clangd.fileStatus
I[11:09:37.555] <-- textDocument/documentHighlight(346)
I[11:09:37.555] --> reply:textDocument/documentHighlight(346) 0 ms
I[11:09:37.555] --> textDocument/clangd.fileStatus
I[11:09:37.755] <-- textDocument/codeAction(347)
I[11:09:37.755] --> reply:textDocument/codeAction(347) 0 ms
I[11:09:37.755] --> textDocument/clangd.fileStatus
I[11:09:38.026] <-- textDocument/inlayHint(348)
I[11:09:38.026] --> reply:textDocument/inlayHint(348) 0 ms
I[11:09:38.026] --> textDocument/clangd.fileStatus
I[11:09:38.098] <-- textDocument/inlayHint(349)
I[11:09:38.098] --> reply:textDocument/inlayHint(349) 0 ms
I[11:09:38.098] --> textDocument/clangd.fileStatus
I[11:09:38.162] <-- textDocument/inlayHint(350)
I[11:09:38.162] --> reply:textDocument/inlayHint(350) 0 ms
I[11:09:38.162] --> textDocument/clangd.fileStatus
I[11:09:38.575] <-- textDocument/hover(351)
I[11:09:38.575] --> reply:textDocument/hover(351) 0 ms
I[11:09:38.575] --> textDocument/clangd.fileStatus
I[11:09:38.747] <-- textDocument/documentHighlight(352)
I[11:09:38.748] --> reply:textDocument/documentHighlight(352) 0 ms
I[11:09:38.748] --> textDocument/clangd.fileStatus
I[11:09:38.947] <-- textDocument/documentHighlight(353)
I[11:09:38.947] --> reply:textDocument/documentHighlight(353) 0 ms
I[11:09:38.947] --> textDocument/clangd.fileStatus
I[11:09:39.147] <-- textDocument/codeAction(354)
I[11:09:39.147] --> reply:textDocument/codeAction(354) 0 ms
I[11:09:39.147] --> textDocument/clangd.fileStatus
I[11:09:39.503] <-- textDocument/hover(355)
I[11:09:39.503] --> reply:textDocument/hover(355) 0 ms
I[11:09:39.503] --> textDocument/clangd.fileStatus
I[11:09:40.946] <-- textDocument/codeAction(356)
I[11:09:40.946] --> reply:textDocument/codeAction(356) 0 ms
I[11:09:40.946] --> textDocument/clangd.fileStatus
I[11:09:42.825] <-- textDocument/inlayHint(357)
I[11:09:42.825] --> reply:textDocument/inlayHint(357) 0 ms
I[11:09:42.826] --> textDocument/clangd.fileStatus
I[11:09:42.889] <-- textDocument/inlayHint(358)
I[11:09:42.889] --> reply:textDocument/inlayHint(358) 0 ms
I[11:09:42.889] --> textDocument/clangd.fileStatus
I[11:09:42.969] <-- textDocument/inlayHint(359)
I[11:09:42.969] --> reply:textDocument/inlayHint(359) 0 ms
I[11:09:42.969] --> textDocument/clangd.fileStatus
I[11:09:43.369] <-- textDocument/inlayHint(360)
I[11:09:43.370] --> reply:textDocument/inlayHint(360) 0 ms
I[11:09:43.370] --> textDocument/clangd.fileStatus
I[11:09:43.420] <-- textDocument/inlayHint(361)
I[11:09:43.420] --> reply:textDocument/inlayHint(361) 0 ms
I[11:09:43.420] --> textDocument/clangd.fileStatus
I[11:09:43.473] <-- textDocument/inlayHint(362)
I[11:09:43.474] --> reply:textDocument/inlayHint(362) 0 ms
I[11:09:43.474] --> textDocument/clangd.fileStatus
I[11:09:43.753] <-- textDocument/inlayHint(363)
I[11:09:43.753] --> reply:textDocument/inlayHint(363) 0 ms
I[11:09:43.754] --> textDocument/clangd.fileStatus
I[11:09:43.787] <-- textDocument/inlayHint(364)
I[11:09:43.788] --> reply:textDocument/inlayHint(364) 0 ms
I[11:09:43.788] --> textDocument/clangd.fileStatus
I[11:09:43.833] <-- textDocument/inlayHint(365)
I[11:09:43.833] --> reply:textDocument/inlayHint(365) 0 ms
I[11:09:43.833] --> textDocument/clangd.fileStatus
I[11:09:43.881] <-- textDocument/inlayHint(366)
I[11:09:43.881] --> reply:textDocument/inlayHint(366) 0 ms
I[11:09:43.881] --> textDocument/clangd.fileStatus
I[11:09:44.201] <-- textDocument/inlayHint(367)
I[11:09:44.201] --> reply:textDocument/inlayHint(367) 0 ms
I[11:09:44.201] --> textDocument/clangd.fileStatus
I[11:09:44.241] <-- textDocument/inlayHint(368)
I[11:09:44.241] --> reply:textDocument/inlayHint(368) 0 ms
I[11:09:44.241] --> textDocument/clangd.fileStatus
I[11:09:44.289] <-- textDocument/inlayHint(369)
I[11:09:44.289] --> reply:textDocument/inlayHint(369) 0 ms
I[11:09:44.289] --> textDocument/clangd.fileStatus
I[11:09:44.641] <-- textDocument/inlayHint(370)
I[11:09:44.641] --> reply:textDocument/inlayHint(370) 0 ms
I[11:09:44.641] --> textDocument/clangd.fileStatus
I[11:09:44.676] <-- textDocument/inlayHint(371)
I[11:09:44.676] --> reply:textDocument/inlayHint(371) 0 ms
I[11:09:44.676] --> textDocument/clangd.fileStatus
I[11:09:44.732] <-- textDocument/inlayHint(372)
I[11:09:44.732] --> reply:textDocument/inlayHint(372) 0 ms
I[11:09:44.732] --> textDocument/clangd.fileStatus
I[11:09:45.058] <-- textDocument/inlayHint(373)
I[11:09:45.058] --> reply:textDocument/inlayHint(373) 0 ms
I[11:09:45.058] --> textDocument/clangd.fileStatus
I[11:09:51.948] <-- textDocument/didChange
I[11:09:51.948] --> textDocument/clangd.fileStatus
I[11:09:51.976] <-- textDocument/inlayHint(374)
I[11:09:51.976] Failed to find compilation database for /home/david/Documentos/prueba_OS/RepasoExamen/39.c
I[11:09:51.977] ASTWorker building file /home/david/Documentos/prueba_OS/RepasoExamen/39.c version 2 with command clangd fallback
[/home/david/Documentos/prueba_OS/RepasoExamen]
/usr/bin/clang -resource-dir=/home/david/.vscode-oss/extensions/kylinideteam.kylin-clangd-0.4.0-linux-x64/res/clangd/lib/clang/21 -- /home/david/Documentos/prueba_OS/RepasoExamen/39.c
I[11:09:51.977] --> textDocument/clangd.fileStatus
I[11:09:51.982] --> textDocument/publishDiagnostics
I[11:09:51.982] --> textDocument/inactiveRegions
I[11:09:51.983] --> reply:textDocument/inlayHint(374) 6 ms
I[11:09:51.983] --> textDocument/clangd.fileStatus
I[11:09:52.150] <-- textDocument/foldingRange(375)
I[11:09:52.151] --> reply:textDocument/foldingRange(375) 0 ms
I[11:09:52.301] <-- textDocument/documentSymbol(376)
I[11:09:52.301] <-- textDocument/documentSymbol(377)
I[11:09:52.301] --> reply:textDocument/documentSymbol(376) 0 ms
I[11:09:52.301] --> reply:textDocument/documentSymbol(377) 0 ms
I[11:09:52.301] --> textDocument/clangd.fileStatus
I[11:09:52.751] <-- textDocument/inlayHint(378)
I[11:09:52.752] --> reply:textDocument/inlayHint(378) 0 ms
I[11:09:52.752] --> textDocument/clangd.fileStatus
I[11:09:52.952] <-- textDocument/documentLink(379)
I[11:09:52.953] --> reply:textDocument/documentLink(379) 0 ms
I[11:09:52.953] --> textDocument/clangd.fileStatus
I[11:09:53.726] <-- textDocument/didChange
I[11:09:53.726] --> textDocument/clangd.fileStatus
I[11:09:53.752] <-- textDocument/inlayHint(380)
I[11:09:53.752] Failed to find compilation database for /home/david/Documentos/prueba_OS/RepasoExamen/39.c
I[11:09:53.752] ASTWorker building file /home/david/Documentos/prueba_OS/RepasoExamen/39.c version 3 with command clangd fallback
[/home/david/Documentos/prueba_OS/RepasoExamen]
/usr/bin/clang -resource-dir=/home/david/.vscode-oss/extensions/kylinideteam.kylin-clangd-0.4.0-linux-x64/res/clangd/lib/clang/21 -- /home/david/Documentos/prueba_OS/RepasoExamen/39.c
I[11:09:53.753] --> textDocument/clangd.fileStatus
I[11:09:53.758] --> textDocument/publishDiagnostics
I[11:09:53.758] --> textDocument/inactiveRegions
I[11:09:53.758] --> reply:textDocument/inlayHint(380) 6 ms
I[11:09:53.758] --> textDocument/clangd.fileStatus
I[11:09:53.927] <-- textDocument/foldingRange(381)
I[11:09:53.927] --> reply:textDocument/foldingRange(381) 0 ms
I[11:09:54.077] <-- textDocument/documentSymbol(382)
I[11:09:54.077] <-- textDocument/documentSymbol(383)
I[11:09:54.077] --> reply:textDocument/documentSymbol(382) 0 ms
I[11:09:54.077] --> reply:textDocument/documentSymbol(383) 0 ms
I[11:09:54.077] --> textDocument/clangd.fileStatus
I[11:09:54.527] <-- textDocument/inlayHint(384)
I[11:09:54.527] --> reply:textDocument/inlayHint(384) 0 ms
I[11:09:54.527] --> textDocument/clangd.fileStatus
I[11:09:54.727] <-- textDocument/documentLink(385)
I[11:09:54.727] --> reply:textDocument/documentLink(385) 0 ms
I[11:09:54.727] --> textDocument/clangd.fileStatus
I[11:09:54.991] <-- textDocument/didChange
I[11:09:54.991] --> textDocument/clangd.fileStatus
I[11:09:55.016] <-- textDocument/inlayHint(386)
I[11:09:55.016] Failed to find compilation database for /home/david/Documentos/prueba_OS/RepasoExamen/39.c
I[11:09:55.016] ASTWorker building file /home/david/Documentos/prueba_OS/RepasoExamen/39.c version 4 with command clangd fallback
[/home/david/Documentos/prueba_OS/RepasoExamen]
/usr/bin/clang -resource-dir=/home/david/.vscode-oss/extensions/kylinideteam.kylin-clangd-0.4.0-linux-x64/res/clangd/lib/clang/21 -- /home/david/Documentos/prueba_OS/RepasoExamen/39.c
I[11:09:55.017] --> textDocument/clangd.fileStatus
I[11:09:55.022] --> textDocument/publishDiagnostics
I[11:09:55.022] --> textDocument/inactiveRegions
I[11:09:55.022] --> reply:textDocument/inlayHint(386) 6 ms
I[11:09:55.022] --> textDocument/clangd.fileStatus
I[11:09:55.190] <-- textDocument/foldingRange(387)
I[11:09:55.191] --> reply:textDocument/foldingRange(387) 0 ms
I[11:09:55.341] <-- textDocument/documentSymbol(388)
I[11:09:55.341] <-- textDocument/documentSymbol(389)
I[11:09:55.341] --> reply:textDocument/documentSymbol(388) 0 ms
I[11:09:55.341] --> reply:textDocument/documentSymbol(389) 0 ms
I[11:09:55.341] --> textDocument/clangd.fileStatus
I[11:09:55.418] <-- textDocument/didChange
I[11:09:55.418] --> textDocument/clangd.fileStatus
I[11:09:55.443] <-- textDocument/inlayHint(390)
I[11:09:55.443] Failed to find compilation database for /home/david/Documentos/prueba_OS/RepasoExamen/39.c
I[11:09:55.443] ASTWorker building file /home/david/Documentos/prueba_OS/RepasoExamen/39.c version 5 with command clangd fallback
[/home/david/Documentos/prueba_OS/RepasoExamen]
/usr/bin/clang -resource-dir=/home/david/.vscode-oss/extensions/kylinideteam.kylin-clangd-0.4.0-linux-x64/res/clangd/lib/clang/21 -- /home/david/Documentos/prueba_OS/RepasoExamen/39.c
I[11:09:55.444] --> textDocument/clangd.fileStatus
I[11:09:55.448] --> textDocument/publishDiagnostics
I[11:09:55.448] --> textDocument/inactiveRegions
I[11:09:55.448] --> reply:textDocument/inlayHint(390) 5 ms
I[11:09:55.448] --> textDocument/clangd.fileStatus
I[11:09:55.618] <-- textDocument/foldingRange(391)
I[11:09:55.618] --> reply:textDocument/foldingRange(391) 0 ms
I[11:09:55.668] <-- textDocument/codeAction(392)
I[11:09:55.668] --> reply:textDocument/codeAction(392) 0 ms
I[11:09:55.668] --> textDocument/clangd.fileStatus
I[11:09:55.768] <-- textDocument/documentSymbol(393)
I[11:09:55.768] <-- textDocument/documentSymbol(394)
I[11:09:55.768] --> reply:textDocument/documentSymbol(393) 0 ms
I[11:09:55.768] --> reply:textDocument/documentSymbol(394) 0 ms
I[11:09:55.768] --> textDocument/clangd.fileStatus
I[11:09:56.218] <-- textDocument/inlayHint(395)
I[11:09:56.218] --> reply:textDocument/inlayHint(395) 0 ms
I[11:09:56.218] --> textDocument/clangd.fileStatus
I[11:09:56.418] <-- textDocument/documentLink(396)
I[11:09:56.418] --> reply:textDocument/documentLink(396) 0 ms
I[11:09:56.418] --> textDocument/clangd.fileStatus
I[11:10:14.692] <-- textDocument/hover(397)
I[11:10:14.692] --> reply:textDocument/hover(397) 0 ms
I[11:10:14.692] --> textDocument/clangd.fileStatus
I[11:10:16.099] <-- textDocument/codeAction(398)
I[11:10:16.099] --> reply:textDocument/codeAction(398) 0 ms
I[11:10:16.099] --> textDocument/clangd.fileStatus
I[11:10:21.595] <-- textDocument/documentHighlight(399)
I[11:10:21.595] --> reply:textDocument/documentHighlight(399) 0 ms
I[11:10:21.595] --> textDocument/clangd.fileStatus
I[11:10:21.795] <-- textDocument/codeAction(400)
I[11:10:21.795] --> reply:textDocument/codeAction(400) 0 ms
I[11:10:21.795] --> textDocument/clangd.fileStatus
I[11:10:22.202] <-- textDocument/codeAction(401)
I[11:10:22.202] --> reply:textDocument/codeAction(401) 0 ms
I[11:10:22.202] --> textDocument/clangd.fileStatus
I[11:10:23.306] <-- textDocument/codeAction(402)
I[11:10:23.307] --> reply:textDocument/codeAction(402) 0 ms
I[11:10:23.307] --> textDocument/clangd.fileStatus
I[11:10:23.351] <-- textDocument/hover(403)
I[11:10:23.351] --> reply:textDocument/hover(403) 0 ms
I[11:10:23.351] --> textDocument/clangd.fileStatus
I[11:10:24.752] <-- textDocument/hover(404)
I[11:10:24.752] --> reply:textDocument/hover(404) 0 ms
I[11:10:24.752] --> textDocument/clangd.fileStatus
I[11:10:26.856] <-- textDocument/hover(405)
I[11:10:26.857] --> reply:textDocument/hover(405) 0 ms
I[11:10:26.857] --> textDocument/clangd.fileStatus
I[11:10:27.628] <-- textDocument/documentHighlight(406)
I[11:10:27.628] --> reply:textDocument/documentHighlight(406) 0 ms
I[11:10:27.628] --> textDocument/clangd.fileStatus
I[11:10:27.827] <-- textDocument/codeAction(407)
I[11:10:27.827] --> reply:textDocument/codeAction(407) 0 ms
I[11:10:27.828] --> textDocument/clangd.fileStatus
I[11:10:28.719] <-- textDocument/hover(408)
I[11:10:28.719] --> reply:textDocument/hover(408) 0 ms
I[11:10:28.719] --> textDocument/clangd.fileStatus
I[11:10:29.039] <-- textDocument/hover(409)
I[11:10:29.039] --> reply:textDocument/hover(409) 0 ms
I[11:10:29.039] --> textDocument/clangd.fileStatus
I[11:10:29.471] <-- textDocument/hover(410)
I[11:10:29.471] --> reply:textDocument/hover(410) 0 ms
I[11:10:29.471] --> textDocument/clangd.fileStatus
I[11:10:29.684] <-- textDocument/documentHighlight(411)
I[11:10:29.684] --> reply:textDocument/documentHighlight(411) 0 ms
I[11:10:29.684] --> textDocument/clangd.fileStatus
I[11:10:30.059] <-- textDocument/codeAction(412)
I[11:10:30.059] --> reply:textDocument/codeAction(412) 0 ms
I[11:10:30.059] --> textDocument/clangd.fileStatus
I[11:10:30.399] <-- textDocument/hover(413)
I[11:10:30.399] --> reply:textDocument/hover(413) 0 ms
I[11:10:30.399] --> textDocument/clangd.fileStatus
I[11:10:30.751] <-- textDocument/hover(414)
I[11:10:30.752] --> reply:textDocument/hover(414) 0 ms
I[11:10:30.752] --> textDocument/clangd.fileStatus
I[11:10:30.939] <-- textDocument/documentHighlight(415)
I[11:10:30.940] --> reply:textDocument/documentHighlight(415) 0 ms
I[11:10:30.940] --> textDocument/clangd.fileStatus
I[11:10:31.339] <-- textDocument/codeAction(416)
I[11:10:31.339] --> reply:textDocument/codeAction(416) 0 ms
I[11:10:31.339] --> textDocument/clangd.fileStatus
I[11:11:46.030] <-- textDocument/codeAction(417)
I[11:11:46.030] --> reply:textDocument/codeAction(417) 0 ms
I[11:11:46.030] --> textDocument/clangd.fileStatus
I[11:11:47.687] <-- textDocument/hover(418)
I[11:11:47.687] --> reply:textDocument/hover(418) 0 ms
I[11:11:47.687] --> textDocument/clangd.fileStatus
I[11:11:48.658] <-- textDocument/codeAction(419)
I[11:11:48.659] --> reply:textDocument/codeAction(419) 0 ms
I[11:11:48.659] --> textDocument/clangd.fileStatus
I[11:11:48.905] <-- textDocument/inlayHint(420)
I[11:11:48.905] --> reply:textDocument/inlayHint(420) 0 ms
I[11:11:48.906] --> textDocument/clangd.fileStatus
I[11:11:48.945] <-- textDocument/inlayHint(421)
I[11:11:48.946] --> reply:textDocument/inlayHint(421) 0 ms
I[11:11:48.946] --> textDocument/clangd.fileStatus
I[11:11:50.223] <-- textDocument/hover(422)
I[11:11:50.223] --> reply:textDocument/hover(422) 0 ms
I[11:11:50.223] --> textDocument/clangd.fileStatus
I[11:11:50.438] <-- textDocument/hover(423)
I[11:11:50.438] --> reply:textDocument/hover(423) 0 ms
I[11:11:50.438] --> textDocument/clangd.fileStatus
I[11:11:50.879] <-- textDocument/hover(424)
I[11:11:50.880] --> reply:textDocument/hover(424) 0 ms
I[11:11:50.880] --> textDocument/clangd.fileStatus
I[11:11:51.239] <-- textDocument/hover(425)
I[11:11:51.239] --> reply:textDocument/hover(425) 0 ms
I[11:11:51.239] --> textDocument/clangd.fileStatus
I[11:11:51.865] <-- textDocument/codeAction(426)
I[11:11:51.865] --> reply:textDocument/codeAction(426) 0 ms
I[11:11:51.865] --> textDocument/clangd.fileStatus
I[11:11:53.519] <-- textDocument/hover(427)
I[11:11:53.519] --> reply:textDocument/hover(427) 0 ms
I[11:11:53.519] --> textDocument/clangd.fileStatus
I[11:11:53.922] <-- textDocument/codeAction(428)
I[11:11:53.923] --> reply:textDocument/codeAction(428) 0 ms
I[11:11:53.923] --> textDocument/clangd.fileStatus
I[11:11:54.147] <-- textDocument/hover(429)
I[11:11:54.148] --> reply:textDocument/hover(429) 0 ms
I[11:11:54.148] --> textDocument/clangd.fileStatus
I[11:11:54.226] <-- textDocument/inlayHint(430)
I[11:11:54.226] --> reply:textDocument/inlayHint(430) 0 ms
I[11:11:54.226] --> textDocument/clangd.fileStatus
I[11:11:54.289] <-- textDocument/inlayHint(431)
I[11:11:54.289] --> reply:textDocument/inlayHint(431) 0 ms
I[11:11:54.289] --> textDocument/clangd.fileStatus
I[11:11:54.341] <-- textDocument/inlayHint(432)
I[11:11:54.341] --> reply:textDocument/inlayHint(432) 0 ms
I[11:11:54.341] --> textDocument/clangd.fileStatus
I[11:11:55.711] <-- textDocument/hover(433)
I[11:11:55.712] --> reply:textDocument/hover(433) 0 ms
I[11:11:55.712] --> textDocument/clangd.fileStatus
I[11:11:56.239] <-- textDocument/hover(434)
I[11:11:56.239] --> reply:textDocument/hover(434) 0 ms
I[11:11:56.239] --> textDocument/clangd.fileStatus
I[11:11:56.915] <-- textDocument/codeAction(435)
I[11:11:56.915] --> reply:textDocument/codeAction(435) 0 ms
I[11:11:56.915] --> textDocument/clangd.fileStatus
I[11:11:57.327] <-- textDocument/hover(436)
I[11:11:57.328] --> reply:textDocument/hover(436) 0 ms
I[11:11:57.328] --> textDocument/clangd.fileStatus
I[11:11:57.723] <-- textDocument/inlayHint(437)
I[11:11:57.723] --> reply:textDocument/inlayHint(437) 0 ms
I[11:11:57.723] --> textDocument/clangd.fileStatus
I[11:11:57.778] <-- textDocument/inlayHint(438)
I[11:11:57.778] --> reply:textDocument/inlayHint(438) 0 ms
I[11:11:57.778] --> textDocument/clangd.fileStatus
I[11:11:57.818] <-- textDocument/inlayHint(439)
I[11:11:57.819] --> reply:textDocument/inlayHint(439) 0 ms
I[11:11:57.819] --> textDocument/clangd.fileStatus
I[11:11:58.442] <-- textDocument/inlayHint(440)
I[11:11:58.442] --> reply:textDocument/inlayHint(440) 0 ms
I[11:11:58.442] --> textDocument/clangd.fileStatus
I[11:11:58.507] <-- textDocument/inlayHint(441)
I[11:11:58.507] --> reply:textDocument/inlayHint(441) 0 ms
I[11:11:58.507] --> textDocument/clangd.fileStatus
I[11:12:02.659] <-- textDocument/codeAction(442)
I[11:12:02.659] --> reply:textDocument/codeAction(442) 0 ms
I[11:12:02.659] --> textDocument/clangd.fileStatus
I[11:12:02.688] <-- textDocument/documentLink(443)
I[11:12:02.689] --> reply:textDocument/documentLink(443) 0 ms
I[11:12:02.689] --> textDocument/clangd.fileStatus
I[11:12:02.708] <-- textDocument/inlayHint(444)
I[11:12:02.708] --> reply:textDocument/inlayHint(444) 0 ms
I[11:12:02.708] --> textDocument/clangd.fileStatus
I[11:12:02.853] <-- textDocument/foldingRange(445)
I[11:12:02.853] --> reply:textDocument/foldingRange(445) 0 ms
I[11:12:02.915] <-- textDocument/codeAction(446)
I[11:12:02.915] --> reply:textDocument/codeAction(446) 0 ms
I[11:12:02.915] --> textDocument/clangd.fileStatus
I[11:12:02.954] <-- textDocument/documentSymbol(447)
I[11:12:02.954] --> reply:textDocument/documentSymbol(447) 0 ms
I[11:12:02.954] --> textDocument/clangd.fileStatus
I[11:12:04.469] <-- textDocument/codeAction(448)
I[11:12:04.475] --> reply:textDocument/codeAction(448) 6 ms
I[11:12:04.475] --> textDocument/clangd.fileStatus
I[11:12:04.495] <-- textDocument/documentLink(449)
I[11:12:04.495] <-- textDocument/inlayHint(450)
I[11:12:04.495] --> reply:textDocument/documentLink(449) 0 ms
I[11:12:04.495] --> reply:textDocument/inlayHint(450) 0 ms
I[11:12:04.495] --> textDocument/clangd.fileStatus
I[11:12:04.663] <-- textDocument/foldingRange(451)
I[11:12:04.663] --> reply:textDocument/foldingRange(451) 0 ms
I[11:12:04.721] <-- textDocument/codeAction(452)
I[11:12:04.721] --> reply:textDocument/codeAction(452) 0 ms
I[11:12:04.721] --> textDocument/clangd.fileStatus
I[11:12:04.764] <-- textDocument/documentSymbol(453)
I[11:12:04.764] --> reply:textDocument/documentSymbol(453) 0 ms
I[11:12:04.764] --> textDocument/clangd.fileStatus
I[11:12:06.369] <-- textDocument/hover(454)
I[11:12:06.369] --> reply:textDocument/hover(454) 0 ms
I[11:12:06.369] --> textDocument/clangd.fileStatus
I[11:12:06.442] <-- textDocument/inlayHint(455)
I[11:12:06.442] --> reply:textDocument/inlayHint(455) 0 ms
I[11:12:06.442] --> textDocument/clangd.fileStatus
I[11:12:06.481] <-- textDocument/inlayHint(456)
I[11:12:06.482] --> reply:textDocument/inlayHint(456) 0 ms
I[11:12:06.482] --> textDocument/clangd.fileStatus
I[11:12:06.715] <-- textDocument/inlayHint(457)
I[11:12:06.715] --> reply:textDocument/inlayHint(457) 0 ms
I[11:12:06.715] --> textDocument/clangd.fileStatus
I[11:12:07.137] <-- textDocument/inlayHint(458)
I[11:12:07.138] --> reply:textDocument/inlayHint(458) 0 ms
I[11:12:07.138] --> textDocument/clangd.fileStatus
I[11:12:07.189] <-- textDocument/inlayHint(459)
I[11:12:07.189] --> reply:textDocument/inlayHint(459) 0 ms
I[11:12:07.189] --> textDocument/clangd.fileStatus
I[11:12:08.633] <-- textDocument/inlayHint(460)
I[11:12:08.634] --> reply:textDocument/inlayHint(460) 0 ms
I[11:12:08.634] --> textDocument/clangd.fileStatus
I[11:12:08.691] <-- textDocument/inlayHint(461)
I[11:12:08.691] --> reply:textDocument/inlayHint(461) 0 ms
I[11:12:08.691] --> textDocument/clangd.fileStatus
I[11:12:09.049] <-- textDocument/inlayHint(462)
I[11:12:09.049] --> reply:textDocument/inlayHint(462) 0 ms
I[11:12:09.050] --> textDocument/clangd.fileStatus
I[11:12:09.075] <-- textDocument/inlayHint(463)
I[11:12:09.076] --> reply:textDocument/inlayHint(463) 0 ms
I[11:12:09.076] --> textDocument/clangd.fileStatus
I[11:12:09.130] <-- textDocument/inlayHint(464)
I[11:12:09.130] --> reply:textDocument/inlayHint(464) 0 ms
I[11:12:09.130] --> textDocument/clangd.fileStatus
I[11:12:09.760] <-- textDocument/inlayHint(465)
I[11:12:09.760] --> reply:textDocument/inlayHint(465) 0 ms
I[11:12:09.760] --> textDocument/clangd.fileStatus
I[11:12:09.925] <-- textDocument/inlayHint(466)
I[11:12:09.925] --> reply:textDocument/inlayHint(466) 0 ms
I[11:12:09.925] --> textDocument/clangd.fileStatus
I[11:12:09.954] <-- textDocument/inlayHint(467)
I[11:12:09.954] --> reply:textDocument/inlayHint(467) 0 ms
I[11:12:09.954] --> textDocument/clangd.fileStatus
I[11:12:10.007] <-- textDocument/inlayHint(468)
I[11:12:10.007] --> reply:textDocument/inlayHint(468) 0 ms
I[11:12:10.007] --> textDocument/clangd.fileStatus
I[11:12:10.298] <-- textDocument/inlayHint(469)
I[11:12:10.298] --> reply:textDocument/inlayHint(469) 0 ms
I[11:12:10.298] --> textDocument/clangd.fileStatus
I[11:13:18.380] <-- textDocument/codeAction(470)
I[11:13:18.386] --> reply:textDocument/codeAction(470) 6 ms
I[11:13:18.387] --> textDocument/clangd.fileStatus
I[11:13:18.407] <-- textDocument/documentLink(471)
I[11:13:18.407] --> reply:textDocument/documentLink(471) 0 ms
I[11:13:18.407] --> textDocument/clangd.fileStatus
I[11:13:18.446] <-- textDocument/inlayHint(472)
I[11:13:18.446] --> reply:textDocument/inlayHint(472) 0 ms
I[11:13:18.446] --> textDocument/clangd.fileStatus
I[11:13:18.461] <-- textDocument/documentHighlight(473)
I[11:13:18.461] --> reply:textDocument/documentHighlight(473) 0 ms
I[11:13:18.461] --> textDocument/clangd.fileStatus
I[11:13:18.574] <-- textDocument/foldingRange(474)
I[11:13:18.574] --> reply:textDocument/foldingRange(474) 0 ms
I[11:13:18.633] <-- textDocument/codeAction(475)
I[11:13:18.633] --> reply:textDocument/codeAction(475) 0 ms
I[11:13:18.633] --> textDocument/clangd.fileStatus
I[11:13:18.676] <-- textDocument/documentSymbol(476)
I[11:13:18.676] --> reply:textDocument/documentSymbol(476) 0 ms
I[11:13:18.676] --> textDocument/clangd.fileStatus
I[11:13:19.721] <-- textDocument/hover(477)
I[11:13:19.721] --> reply:textDocument/hover(477) 0 ms
I[11:13:19.721] --> textDocument/clangd.fileStatus
I[11:13:21.882] <-- textDocument/hover(478)
I[11:13:21.882] --> reply:textDocument/hover(478) 0 ms
I[11:13:21.882] --> textDocument/clangd.fileStatus
I[11:13:22.192] <-- textDocument/hover(479)
I[11:13:22.193] --> reply:textDocument/hover(479) 0 ms
I[11:13:22.193] --> textDocument/clangd.fileStatus
I[11:13:22.636] <-- textDocument/documentHighlight(480)
I[11:13:22.636] --> reply:textDocument/documentHighlight(480) 0 ms
I[11:13:22.636] --> textDocument/clangd.fileStatus
I[11:13:23.284] <-- textDocument/codeAction(481)
I[11:13:23.284] --> reply:textDocument/codeAction(481) 0 ms
I[11:13:23.284] --> textDocument/clangd.fileStatus
I[11:13:25.719] <-- textDocument/hover(482)
I[11:13:25.720] --> reply:textDocument/hover(482) 0 ms
I[11:13:25.720] --> textDocument/clangd.fileStatus
I[11:13:26.088] <-- textDocument/hover(483)
I[11:13:26.088] --> reply:textDocument/hover(483) 0 ms
I[11:13:26.088] --> textDocument/clangd.fileStatus
I[11:13:37.292] <-- textDocument/inlayHint(484)
I[11:13:37.292] --> reply:textDocument/inlayHint(484) 0 ms
I[11:13:37.292] --> textDocument/clangd.fileStatus
I[11:13:39.008] <-- textDocument/codeAction(485)
I[11:13:39.009] --> reply:textDocument/codeAction(485) 0 ms
I[11:13:39.009] --> textDocument/clangd.fileStatus
I[11:13:40.095] <-- textDocument/inlayHint(486)
I[11:13:40.096] --> reply:textDocument/inlayHint(486) 0 ms
I[11:13:40.096] --> textDocument/clangd.fileStatus
I[11:13:40.160] <-- textDocument/inlayHint(487)
I[11:13:40.160] --> reply:textDocument/inlayHint(487) 0 ms
I[11:13:40.160] --> textDocument/clangd.fileStatus
I[11:13:40.548] <-- textDocument/inlayHint(488)
I[11:13:40.549] --> reply:textDocument/inlayHint(488) 0 ms
I[11:13:40.549] --> textDocument/clangd.fileStatus
I[11:13:40.575] <-- textDocument/inlayHint(489)
I[11:13:40.575] --> reply:textDocument/inlayHint(489) 0 ms
I[11:13:40.575] --> textDocument/clangd.fileStatus
I[11:13:40.938] <-- textDocument/inlayHint(490)
I[11:13:40.938] --> reply:textDocument/inlayHint(490) 0 ms
I[11:13:40.938] --> textDocument/clangd.fileStatus
I[11:13:40.990] <-- textDocument/inlayHint(491)
I[11:13:40.991] --> reply:textDocument/inlayHint(491) 0 ms
I[11:13:40.991] --> textDocument/clangd.fileStatus
I[11:13:42.735] <-- textDocument/hover(492)
I[11:13:42.735] --> reply:textDocument/hover(492) 0 ms
I[11:13:42.735] --> textDocument/clangd.fileStatus
I[11:13:48.362] <-- textDocument/inlayHint(493)
I[11:13:48.363] --> reply:textDocument/inlayHint(493) 0 ms
I[11:13:48.363] --> textDocument/clangd.fileStatus
I[11:13:48.456] <-- textDocument/inlayHint(494)
I[11:13:48.457] --> reply:textDocument/inlayHint(494) 0 ms
I[11:13:48.457] --> textDocument/clangd.fileStatus
I[11:13:48.834] <-- textDocument/inlayHint(495)
I[11:13:48.834] --> reply:textDocument/inlayHint(495) 0 ms
I[11:13:48.834] --> textDocument/clangd.fileStatus
I[11:13:48.874] <-- textDocument/inlayHint(496)
I[11:13:48.875] --> reply:textDocument/inlayHint(496) 0 ms
I[11:13:48.875] --> textDocument/clangd.fileStatus
I[11:13:48.930] <-- textDocument/inlayHint(497)
I[11:13:48.930] --> reply:textDocument/inlayHint(497) 0 ms
I[11:13:48.930] --> textDocument/clangd.fileStatus
I[11:13:49.624] <-- textDocument/inlayHint(498)
I[11:13:49.624] --> reply:textDocument/inlayHint(498) 0 ms
I[11:13:49.625] --> textDocument/clangd.fileStatus
I[11:13:50.271] <-- textDocument/hover(499)
I[11:13:50.271] --> reply:textDocument/hover(499) 0 ms
I[11:13:50.271] --> textDocument/clangd.fileStatus
I[11:13:51.703] <-- textDocument/hover(500)
I[11:13:51.703] --> reply:textDocument/hover(500) 0 ms
I[11:13:51.703] --> textDocument/clangd.fileStatus
I[11:13:52.410] <-- textDocument/codeAction(501)
I[11:13:52.410] --> reply:textDocument/codeAction(501) 0 ms
I[11:13:52.410] --> textDocument/clangd.fileStatus
I[11:13:54.826] <-- textDocument/inlayHint(502)
I[11:13:54.826] --> reply:textDocument/inlayHint(502) 0 ms
I[11:13:54.826] --> textDocument/clangd.fileStatus
I[11:13:54.908] <-- textDocument/inlayHint(503)
I[11:13:54.908] --> reply:textDocument/inlayHint(503) 0 ms
I[11:13:54.908] --> textDocument/clangd.fileStatus
I[11:13:55.819] <-- textDocument/hover(504)
I[11:13:55.819] --> reply:textDocument/hover(504) 0 ms
I[11:13:55.819] --> textDocument/clangd.fileStatus
I[11:13:56.432] <-- textDocument/hover(505)
I[11:13:56.432] --> reply:textDocument/hover(505) 0 ms
I[11:13:56.432] --> textDocument/clangd.fileStatus
I[11:13:59.915] <-- textDocument/inlayHint(506)
I[11:13:59.915] --> reply:textDocument/inlayHint(506) 0 ms
I[11:13:59.915] --> textDocument/clangd.fileStatus
I[11:13:59.963] <-- textDocument/inlayHint(507)
I[11:13:59.963] --> reply:textDocument/inlayHint(507) 0 ms
I[11:13:59.963] --> textDocument/clangd.fileStatus
I[11:14:00.001] <-- textDocument/inlayHint(508)
I[11:14:00.001] --> reply:textDocument/inlayHint(508) 0 ms
I[11:14:00.002] --> textDocument/clangd.fileStatus
I[11:14:00.082] <-- textDocument/inlayHint(509)
I[11:14:00.082] --> reply:textDocument/inlayHint(509) 0 ms
I[11:14:00.083] --> textDocument/clangd.fileStatus
I[11:14:02.167] <-- textDocument/hover(510)
I[11:14:02.167] --> reply:textDocument/hover(510) 0 ms
I[11:14:02.167] --> textDocument/clangd.fileStatus
I[11:14:02.512] <-- textDocument/hover(511)
I[11:14:02.513] --> reply:textDocument/hover(511) 0 ms
I[11:14:02.513] --> textDocument/clangd.fileStatus
I[11:14:03.991] <-- textDocument/hover(512)
I[11:14:03.991] --> reply:textDocument/hover(512) 0 ms
I[11:14:03.991] --> textDocument/clangd.fileStatus
I[11:14:04.224] <-- textDocument/hover(513)
I[11:14:04.224] --> reply:textDocument/hover(513) 0 ms
I[11:14:04.224] --> textDocument/clangd.fileStatus
I[11:14:05.074] <-- textDocument/hover(514)
I[11:14:05.075] --> reply:textDocument/hover(514) 0 ms
I[11:14:05.075] --> textDocument/clangd.fileStatus
I[11:14:05.375] <-- textDocument/hover(515)
I[11:14:05.376] --> reply:textDocument/hover(515) 0 ms
I[11:14:05.376] --> textDocument/clangd.fileStatus
I[11:14:05.919] <-- textDocument/hover(516)
I[11:14:05.919] --> reply:textDocument/hover(516) 0 ms
I[11:14:05.919] --> textDocument/clangd.fileStatus
I[11:14:06.541] <-- textDocument/hover(517)
I[11:14:06.542] --> reply:textDocument/hover(517) 0 ms
I[11:14:06.542] --> textDocument/clangd.fileStatus
I[11:14:06.851] <-- textDocument/hover(518)
I[11:14:06.851] --> reply:textDocument/hover(518) 0 ms
I[11:14:06.851] --> textDocument/clangd.fileStatus
I[11:14:07.405] <-- textDocument/documentHighlight(519)
I[11:14:07.405] --> reply:textDocument/documentHighlight(519) 0 ms
I[11:14:07.405] --> textDocument/clangd.fileStatus
I[11:14:08.332] <-- textDocument/codeAction(520)
I[11:14:08.332] --> reply:textDocument/codeAction(520) 0 ms
I[11:14:08.332] --> textDocument/clangd.fileStatus
I[11:14:11.516] <-- textDocument/codeAction(521)
I[11:14:11.516] --> reply:textDocument/codeAction(521) 0 ms
I[11:14:11.516] --> textDocument/clangd.fileStatus
I[11:14:11.724] <-- textDocument/documentHighlight(522)
I[11:14:11.725] --> reply:textDocument/documentHighlight(522) 0 ms
I[11:14:11.725] --> textDocument/clangd.fileStatus
I[11:14:11.916] <-- textDocument/documentHighlight(523)
I[11:14:11.916] --> reply:textDocument/documentHighlight(523) 0 ms
I[11:14:11.916] --> textDocument/clangd.fileStatus
I[11:14:12.116] <-- textDocument/codeAction(524)
I[11:14:12.116] --> reply:textDocument/codeAction(524) 0 ms
I[11:14:12.116] --> textDocument/clangd.fileStatus
I[11:14:12.255] <-- textDocument/hover(525)
I[11:14:12.256] --> reply:textDocument/hover(525) 0 ms
I[11:14:12.256] --> textDocument/clangd.fileStatus
I[11:14:15.574] <-- textDocument/hover(526)
I[11:14:15.575] --> reply:textDocument/hover(526) 0 ms
I[11:14:15.575] --> textDocument/clangd.fileStatus
I[11:14:15.830] <-- textDocument/documentHighlight(527)
I[11:14:15.830] --> reply:textDocument/documentHighlight(527) 0 ms
I[11:14:15.830] --> textDocument/clangd.fileStatus
I[11:14:16.246] <-- textDocument/codeAction(528)
I[11:14:16.246] --> reply:textDocument/codeAction(528) 0 ms
I[11:14:16.246] --> textDocument/clangd.fileStatus
I[11:14:17.439] <-- textDocument/hover(529)
I[11:14:17.440] --> reply:textDocument/hover(529) 0 ms
I[11:14:17.440] --> textDocument/clangd.fileStatus
I[11:14:17.791] <-- textDocument/hover(530)
I[11:14:17.791] --> reply:textDocument/hover(530) 0 ms
I[11:14:17.791] --> textDocument/clangd.fileStatus
I[11:14:18.096] <-- textDocument/hover(531)
I[11:14:18.097] --> reply:textDocument/hover(531) 0 ms
I[11:14:18.097] --> textDocument/clangd.fileStatus
I[11:14:18.750] <-- textDocument/hover(532)
I[11:14:18.750] --> reply:textDocument/hover(532) 0 ms
I[11:14:18.750] --> textDocument/clangd.fileStatus
I[11:14:19.019] <-- textDocument/codeAction(533)
I[11:14:19.019] --> reply:textDocument/codeAction(533) 0 ms
I[11:14:19.019] --> textDocument/clangd.fileStatus
I[11:14:19.183] <-- textDocument/hover(534)
I[11:14:19.184] --> reply:textDocument/hover(534) 0 ms
I[11:14:19.184] --> textDocument/clangd.fileStatus
I[11:14:22.615] <-- textDocument/hover(535)
I[11:14:22.616] --> reply:textDocument/hover(535) 0 ms
I[11:14:22.616] --> textDocument/clangd.fileStatus
I[11:14:22.847] <-- textDocument/hover(536)
I[11:14:22.847] --> reply:textDocument/hover(536) 0 ms
I[11:14:22.847] --> textDocument/clangd.fileStatus
I[11:14:22.980] <-- textDocument/documentHighlight(537)
I[11:14:22.980] --> reply:textDocument/documentHighlight(537) 0 ms
I[11:14:22.980] --> textDocument/clangd.fileStatus
I[11:14:23.188] <-- textDocument/documentHighlight(538)
I[11:14:23.188] --> reply:textDocument/documentHighlight(538) 0 ms
I[11:14:23.188] --> textDocument/clangd.fileStatus
I[11:14:23.388] <-- textDocument/codeAction(539)
I[11:14:23.388] --> reply:textDocument/codeAction(539) 0 ms
I[11:14:23.388] --> textDocument/clangd.fileStatus
I[11:14:23.680] <-- textDocument/hover(540)
I[11:14:23.680] --> reply:textDocument/hover(540) 0 ms
I[11:14:23.680] --> textDocument/clangd.fileStatus
I[11:14:24.231] <-- textDocument/hover(541)
I[11:14:24.232] --> reply:textDocument/hover(541) 0 ms
I[11:14:24.232] --> textDocument/clangd.fileStatus
I[11:14:24.504] <-- textDocument/hover(542)
I[11:14:24.505] --> reply:textDocument/hover(542) 0 ms
I[11:14:24.505] --> textDocument/clangd.fileStatus
I[11:14:29.240] <-- textDocument/hover(543)
I[11:14:29.240] --> reply:textDocument/hover(543) 0 ms
I[11:14:29.240] --> textDocument/clangd.fileStatus
I[11:14:32.887] <-- textDocument/hover(544)
I[11:14:32.888] --> reply:textDocument/hover(544) 0 ms
I[11:14:32.888] --> textDocument/clangd.fileStatus
I[11:14:33.280] <-- textDocument/hover(545)
I[11:14:33.281] --> reply:textDocument/hover(545) 0 ms
I[11:14:33.281] --> textDocument/clangd.fileStatus
I[11:14:34.063] <-- textDocument/hover(546)
I[11:14:34.063] --> reply:textDocument/hover(546) 0 ms
I[11:14:34.063] --> textDocument/clangd.fileStatus
I[11:14:34.304] <-- textDocument/hover(547)
I[11:14:34.304] --> reply:textDocument/hover(547) 0 ms
I[11:14:34.304] --> textDocument/clangd.fileStatus
I[11:14:34.623] <-- textDocument/hover(548)
I[11:14:34.624] --> reply:textDocument/hover(548) 0 ms
I[11:14:34.624] --> textDocument/clangd.fileStatus
I[11:14:35.324] <-- textDocument/hover(549)
I[11:14:35.324] --> reply:textDocument/hover(549) 0 ms
I[11:14:35.325] --> textDocument/clangd.fileStatus
I[11:14:35.595] <-- textDocument/hover(550)
I[11:14:35.595] --> reply:textDocument/hover(550) 0 ms
I[11:14:35.595] --> textDocument/clangd.fileStatus
I[11:14:35.992] <-- textDocument/hover(551)
I[11:14:35.992] --> reply:textDocument/hover(551) 0 ms
I[11:14:35.992] --> textDocument/clangd.fileStatus
I[11:14:38.098] <-- textDocument/inlayHint(552)
I[11:14:38.098] --> reply:textDocument/inlayHint(552) 0 ms
I[11:14:38.098] --> textDocument/clangd.fileStatus
I[11:14:38.143] <-- textDocument/inlayHint(553)
I[11:14:38.143] --> reply:textDocument/inlayHint(553) 0 ms
I[11:14:38.143] --> textDocument/clangd.fileStatus
I[11:14:38.177] <-- textDocument/inlayHint(554)
I[11:14:38.177] --> reply:textDocument/inlayHint(554) 0 ms
I[11:14:38.178] --> textDocument/clangd.fileStatus
I[11:14:38.545] <-- textDocument/inlayHint(555)
I[11:14:38.546] --> reply:textDocument/inlayHint(555) 0 ms
I[11:14:38.546] --> textDocument/clangd.fileStatus
I[11:14:38.778] <-- textDocument/inlayHint(556)
I[11:14:38.778] --> reply:textDocument/inlayHint(556) 0 ms
I[11:14:38.778] --> textDocument/clangd.fileStatus
I[11:14:40.692] <-- textDocument/inlayHint(557)
I[11:14:40.692] --> reply:textDocument/inlayHint(557) 0 ms
I[11:14:40.692] --> textDocument/clangd.fileStatus
I[11:14:40.741] <-- textDocument/inlayHint(558)
I[11:14:40.741] --> reply:textDocument/inlayHint(558) 0 ms
I[11:14:40.741] --> textDocument/clangd.fileStatus
I[11:14:40.788] <-- textDocument/inlayHint(559)
I[11:14:40.788] --> reply:textDocument/inlayHint(559) 0 ms
I[11:14:40.788] --> textDocument/clangd.fileStatus
I[11:14:41.218] <-- textDocument/inlayHint(560)
I[11:14:41.219] --> reply:textDocument/inlayHint(560) 0 ms
I[11:14:41.219] --> textDocument/clangd.fileStatus
I[11:14:41.274] <-- textDocument/inlayHint(561)
I[11:14:41.275] --> reply:textDocument/inlayHint(561) 0 ms
I[11:14:41.275] --> textDocument/clangd.fileStatus
I[11:14:42.568] <-- textDocument/hover(562)
I[11:14:42.569] --> reply:textDocument/hover(562) 0 ms
I[11:14:42.569] --> textDocument/clangd.fileStatus
I[11:15:46.349] <-- textDocument/documentHighlight(563)
I[11:15:46.349] --> reply:textDocument/documentHighlight(563) 0 ms
I[11:15:46.349] --> textDocument/clangd.fileStatus
I[11:15:48.248] <-- textDocument/hover(564)
I[11:15:48.248] --> reply:textDocument/hover(564) 0 ms
I[11:15:48.248] --> textDocument/clangd.fileStatus
I[11:15:48.621] <-- textDocument/hover(565)
I[11:15:48.621] --> reply:textDocument/hover(565) 0 ms
I[11:15:48.622] --> textDocument/clangd.fileStatus
I[11:15:49.461] <-- textDocument/documentHighlight(566)
I[11:15:49.461] --> reply:textDocument/documentHighlight(566) 0 ms
I[11:15:49.461] --> textDocument/clangd.fileStatus
I[11:15:49.636] <-- textDocument/documentHighlight(567)
I[11:15:49.636] --> reply:textDocument/documentHighlight(567) 0 ms
I[11:15:49.636] --> textDocument/clangd.fileStatus
I[11:15:49.836] <-- textDocument/codeAction(568)
I[11:15:49.836] --> reply:textDocument/codeAction(568) 0 ms
I[11:15:49.836] --> textDocument/clangd.fileStatus
I[11:15:50.475] <-- textDocument/hover(569)
I[11:15:50.475] --> reply:textDocument/hover(569) 0 ms
I[11:15:50.475] --> textDocument/clangd.fileStatus
I[11:15:50.776] <-- textDocument/hover(570)
I[11:15:50.776] --> reply:textDocument/hover(570) 0 ms
I[11:15:50.776] --> textDocument/clangd.fileStatus
I[11:15:51.457] <-- textDocument/codeAction(571)
I[11:15:51.457] --> reply:textDocument/codeAction(571) 0 ms
I[11:15:51.457] --> textDocument/clangd.fileStatus
I[11:15:51.894] <-- textDocument/codeAction(572)
I[11:15:51.895] --> reply:textDocument/codeAction(572) 0 ms
I[11:15:51.895] --> textDocument/clangd.fileStatus
I[11:16:00.668] <-- textDocument/hover(573)
I[11:16:00.669] --> reply:textDocument/hover(573) 0 ms
I[11:16:00.669] --> textDocument/clangd.fileStatus
I[11:16:01.864] <-- textDocument/hover(574)
I[11:16:01.864] --> reply:textDocument/hover(574) 0 ms
I[11:16:01.864] --> textDocument/clangd.fileStatus
I[11:16:03.864] <-- textDocument/hover(575)
I[11:16:03.865] --> reply:textDocument/hover(575) 0 ms
I[11:16:03.865] --> textDocument/clangd.fileStatus
I[11:16:05.328] <-- textDocument/hover(576)
I[11:16:05.328] --> reply:textDocument/hover(576) 0 ms
I[11:16:05.329] --> textDocument/clangd.fileStatus
I[11:16:08.736] <-- textDocument/hover(577)
I[11:16:08.736] --> reply:textDocument/hover(577) 0 ms
I[11:16:08.736] --> textDocument/clangd.fileStatus
I[11:16:09.247] <-- textDocument/hover(578)
I[11:16:09.247] --> reply:textDocument/hover(578) 0 ms
I[11:16:09.247] --> textDocument/clangd.fileStatus
I[11:16:14.231] <-- textDocument/hover(579)
I[11:16:14.231] --> reply:textDocument/hover(579) 0 ms
I[11:16:14.231] --> textDocument/clangd.fileStatus
I[11:16:14.364] <-- textDocument/documentHighlight(580)
I[11:16:14.364] --> reply:textDocument/documentHighlight(580) 0 ms
I[11:16:14.364] --> textDocument/clangd.fileStatus
I[11:16:14.564] <-- textDocument/codeAction(581)
I[11:16:14.564] --> reply:textDocument/codeAction(581) 0 ms
I[11:16:14.564] --> textDocument/clangd.fileStatus
I[11:16:14.744] <-- textDocument/hover(582)
I[11:16:14.745] --> reply:textDocument/hover(582) 0 ms
I[11:16:14.745] --> textDocument/clangd.fileStatus
I[11:16:14.820] <-- textDocument/documentHighlight(583)
I[11:16:14.820] --> reply:textDocument/documentHighlight(583) 0 ms
I[11:16:14.820] --> textDocument/clangd.fileStatus
I[11:16:15.020] <-- textDocument/codeAction(584)
I[11:16:15.020] --> reply:textDocument/codeAction(584) 0 ms
I[11:16:15.020] --> textDocument/clangd.fileStatus
I[11:16:18.139] <-- textDocument/hover(585)
I[11:16:18.139] --> reply:textDocument/hover(585) 0 ms
I[11:16:18.139] --> textDocument/clangd.fileStatus
I[11:16:18.400] <-- textDocument/hover(586)
I[11:16:18.401] --> reply:textDocument/hover(586) 0 ms
I[11:16:18.401] --> textDocument/clangd.fileStatus
I[11:16:19.086] <-- textDocument/codeAction(587)
I[11:16:19.086] --> reply:textDocument/codeAction(587) 0 ms
I[11:16:19.086] --> textDocument/clangd.fileStatus
I[11:16:23.773] <-- textDocument/documentHighlight(588)
I[11:16:23.773] --> reply:textDocument/documentHighlight(588) 0 ms
I[11:16:23.773] --> textDocument/clangd.fileStatus
I[11:16:24.022] <-- textDocument/documentHighlight(589)
I[11:16:24.022] --> reply:textDocument/documentHighlight(589) 0 ms
I[11:16:24.022] --> textDocument/clangd.fileStatus
I[11:16:24.221] <-- textDocument/codeAction(590)
I[11:16:24.221] --> reply:textDocument/codeAction(590) 0 ms
I[11:16:24.221] --> textDocument/clangd.fileStatus
I[11:16:24.364] <-- textDocument/documentHighlight(591)
I[11:16:24.364] --> reply:textDocument/documentHighlight(591) 0 ms
I[11:16:24.364] --> textDocument/clangd.fileStatus
I[11:16:24.563] <-- textDocument/codeAction(592)
I[11:16:24.564] --> reply:textDocument/codeAction(592) 0 ms
I[11:16:24.564] --> textDocument/clangd.fileStatus
I[11:16:24.939] <-- textDocument/didChange
I[11:16:24.939] --> textDocument/clangd.fileStatus
I[11:16:24.964] <-- textDocument/inlayHint(593)
I[11:16:24.964] Failed to find compilation database for /home/david/Documentos/prueba_OS/RepasoExamen/311.c
I[11:16:24.965] ASTWorker building file /home/david/Documentos/prueba_OS/RepasoExamen/311.c version 2 with command clangd fallback
[/home/david/Documentos/prueba_OS/RepasoExamen]
/usr/bin/clang -resource-dir=/home/david/.vscode-oss/extensions/kylinideteam.kylin-clangd-0.4.0-linux-x64/res/clangd/lib/clang/21 -- /home/david/Documentos/prueba_OS/RepasoExamen/311.c
I[11:16:24.965] --> textDocument/clangd.fileStatus
I[11:16:24.968] --> textDocument/publishDiagnostics
I[11:16:24.968] --> textDocument/inactiveRegions
I[11:16:24.968] --> reply:textDocument/inlayHint(593) 4 ms
I[11:16:24.968] --> textDocument/clangd.fileStatus
I[11:16:25.139] <-- textDocument/foldingRange(594)
I[11:16:25.140] --> reply:textDocument/foldingRange(594) 0 ms
I[11:16:25.224] <-- textDocument/codeAction(595)
I[11:16:25.224] --> reply:textDocument/codeAction(595) 0 ms
I[11:16:25.224] --> textDocument/clangd.fileStatus
I[11:16:25.229] <-- textDocument/didChange
I[11:16:25.230] --> textDocument/clangd.fileStatus
I[11:16:25.255] <-- textDocument/inlayHint(596)
I[11:16:25.255] Failed to find compilation database for /home/david/Documentos/prueba_OS/RepasoExamen/311.c
I[11:16:25.255] ASTWorker building file /home/david/Documentos/prueba_OS/RepasoExamen/311.c version 3 with command clangd fallback
[/home/david/Documentos/prueba_OS/RepasoExamen]
/usr/bin/clang -resource-dir=/home/david/.vscode-oss/extensions/kylinideteam.kylin-clangd-0.4.0-linux-x64/res/clangd/lib/clang/21 -- /home/david/Documentos/prueba_OS/RepasoExamen/311.c
I[11:16:25.256] --> textDocument/clangd.fileStatus
I[11:16:25.259] --> textDocument/publishDiagnostics
I[11:16:25.259] --> textDocument/inactiveRegions
I[11:16:25.260] --> reply:textDocument/inlayHint(596) 4 ms
I[11:16:25.260] --> textDocument/clangd.fileStatus
I[11:16:25.430] <-- textDocument/foldingRange(597)
I[11:16:25.430] --> reply:textDocument/foldingRange(597) 0 ms
I[11:16:25.513] <-- textDocument/codeAction(598)
I[11:16:25.513] --> reply:textDocument/codeAction(598) 0 ms
I[11:16:25.513] --> textDocument/clangd.fileStatus
I[11:16:25.533] <-- textDocument/didChange
I[11:16:25.533] --> textDocument/clangd.fileStatus
I[11:16:25.558] <-- textDocument/inlayHint(599)
I[11:16:25.558] Failed to find compilation database for /home/david/Documentos/prueba_OS/RepasoExamen/311.c
I[11:16:25.558] ASTWorker building file /home/david/Documentos/prueba_OS/RepasoExamen/311.c version 4 with command clangd fallback
[/home/david/Documentos/prueba_OS/RepasoExamen]
/usr/bin/clang -resource-dir=/home/david/.vscode-oss/extensions/kylinideteam.kylin-clangd-0.4.0-linux-x64/res/clangd/lib/clang/21 -- /home/david/Documentos/prueba_OS/RepasoExamen/311.c
I[11:16:25.559] --> textDocument/clangd.fileStatus
I[11:16:25.564] --> textDocument/publishDiagnostics
I[11:16:25.564] --> textDocument/inactiveRegions
I[11:16:25.564] --> reply:textDocument/inlayHint(599) 5 ms
I[11:16:25.564] --> textDocument/clangd.fileStatus
I[11:16:25.580] <-- textDocument/documentSymbol(600)
I[11:16:25.580] --> reply:textDocument/documentSymbol(600) 0 ms
I[11:16:25.580] --> textDocument/clangd.fileStatus
I[11:16:25.733] <-- textDocument/foldingRange(601)
I[11:16:25.733] --> reply:textDocument/foldingRange(601) 0 ms
I[11:16:25.817] <-- textDocument/codeAction(602)
I[11:16:25.817] --> reply:textDocument/codeAction(602) 0 ms
I[11:16:25.817] --> textDocument/clangd.fileStatus
I[11:16:25.853] <-- textDocument/didChange
I[11:16:25.853] --> textDocument/clangd.fileStatus
I[11:16:25.879] <-- textDocument/inlayHint(603)
I[11:16:25.879] Failed to find compilation database for /home/david/Documentos/prueba_OS/RepasoExamen/311.c
I[11:16:25.879] ASTWorker building file /home/david/Documentos/prueba_OS/RepasoExamen/311.c version 5 with command clangd fallback
[/home/david/Documentos/prueba_OS/RepasoExamen]
/usr/bin/clang -resource-dir=/home/david/.vscode-oss/extensions/kylinideteam.kylin-clangd-0.4.0-linux-x64/res/clangd/lib/clang/21 -- /home/david/Documentos/prueba_OS/RepasoExamen/311.c
I[11:16:25.879] --> textDocument/clangd.fileStatus
I[11:16:25.883] --> textDocument/publishDiagnostics
I[11:16:25.883] --> textDocument/inactiveRegions
I[11:16:25.883] --> reply:textDocument/inlayHint(603) 4 ms
I[11:16:25.883] --> textDocument/clangd.fileStatus
I[11:16:25.884] <-- textDocument/documentSymbol(604)
I[11:16:25.885] --> reply:textDocument/documentSymbol(604) 0 ms
I[11:16:25.885] --> textDocument/clangd.fileStatus
I[11:16:26.053] <-- textDocument/foldingRange(605)
I[11:16:26.054] --> reply:textDocument/foldingRange(605) 0 ms
I[11:16:26.136] <-- textDocument/codeAction(606)
I[11:16:26.137] --> reply:textDocument/codeAction(606) 0 ms
I[11:16:26.137] --> textDocument/clangd.fileStatus
I[11:16:26.189] <-- textDocument/didChange
I[11:16:26.189] --> textDocument/clangd.fileStatus
I[11:16:26.204] <-- textDocument/documentSymbol(607)
I[11:16:26.204] Failed to find compilation database for /home/david/Documentos/prueba_OS/RepasoExamen/311.c
I[11:16:26.204] ASTWorker building file /home/david/Documentos/prueba_OS/RepasoExamen/311.c version 6 with command clangd fallback
[/home/david/Documentos/prueba_OS/RepasoExamen]
/usr/bin/clang -resource-dir=/home/david/.vscode-oss/extensions/kylinideteam.kylin-clangd-0.4.0-linux-x64/res/clangd/lib/clang/21 -- /home/david/Documentos/prueba_OS/RepasoExamen/311.c
I[11:16:26.205] --> textDocument/clangd.fileStatus
I[11:16:26.209] --> textDocument/publishDiagnostics
I[11:16:26.209] --> textDocument/inactiveRegions
I[11:16:26.210] --> reply:textDocument/documentSymbol(607) 5 ms
I[11:16:26.210] --> textDocument/clangd.fileStatus
I[11:16:26.215] <-- textDocument/inlayHint(608)
I[11:16:26.215] --> reply:textDocument/inlayHint(608) 0 ms
I[11:16:26.215] --> textDocument/clangd.fileStatus
I[11:16:26.389] <-- textDocument/foldingRange(609)
I[11:16:26.389] --> reply:textDocument/foldingRange(609) 0 ms
I[11:16:26.462] <-- textDocument/codeAction(610)
I[11:16:26.462] --> reply:textDocument/codeAction(610) 0 ms
I[11:16:26.462] --> textDocument/clangd.fileStatus
I[11:16:26.539] <-- textDocument/documentSymbol(611)
I[11:16:26.539] <-- textDocument/documentSymbol(612)
I[11:16:26.539] --> reply:textDocument/documentSymbol(611) 0 ms
I[11:16:26.540] --> reply:textDocument/documentSymbol(612) 0 ms
I[11:16:26.540] --> textDocument/clangd.fileStatus
I[11:16:26.990] <-- textDocument/inlayHint(613)
I[11:16:26.990] --> reply:textDocument/inlayHint(613) 0 ms
I[11:16:26.990] --> textDocument/clangd.fileStatus
I[11:16:27.007] <-- textDocument/documentHighlight(614)
I[11:16:27.007] --> reply:textDocument/documentHighlight(614) 0 ms
I[11:16:27.007] --> textDocument/clangd.fileStatus
I[11:16:27.189] <-- textDocument/documentLink(615)
I[11:16:27.189] --> reply:textDocument/documentLink(615) 0 ms
I[11:16:27.189] --> textDocument/clangd.fileStatus
I[11:16:27.207] <-- textDocument/codeAction(616)
I[11:16:27.207] --> reply:textDocument/codeAction(616) 0 ms
I[11:16:27.207] --> textDocument/clangd.fileStatus
I[11:16:28.760] <-- textDocument/hover(617)
I[11:16:28.760] --> reply:textDocument/hover(617) 0 ms
I[11:16:28.761] --> textDocument/clangd.fileStatus
I[11:16:29.048] <-- textDocument/hover(618)
I[11:16:29.048] --> reply:textDocument/hover(618) 0 ms
I[11:16:29.048] --> textDocument/clangd.fileStatus
I[11:16:29.552] <-- textDocument/codeAction(619)
I[11:16:29.553] --> reply:textDocument/codeAction(619) 0 ms
I[11:16:29.553] --> textDocument/clangd.fileStatus
I[11:16:29.760] <-- textDocument/hover(620)
I[11:16:29.760] --> reply:textDocument/hover(620) 0 ms
I[11:16:29.760] --> textDocument/clangd.fileStatus
I[11:16:30.468] <-- textDocument/codeAction(621)
I[11:16:30.468] --> reply:textDocument/codeAction(621) 0 ms
I[11:16:30.468] --> textDocument/clangd.fileStatus
I[11:16:30.685] <-- textDocument/didChange
I[11:16:30.685] --> textDocument/clangd.fileStatus
I[11:16:30.710] <-- textDocument/inlayHint(622)
I[11:16:30.710] Failed to find compilation database for /home/david/Documentos/prueba_OS/RepasoExamen/311.c
I[11:16:30.710] ASTWorker building file /home/david/Documentos/prueba_OS/RepasoExamen/311.c version 7 with command clangd fallback
[/home/david/Documentos/prueba_OS/RepasoExamen]
/usr/bin/clang -resource-dir=/home/david/.vscode-oss/extensions/kylinideteam.kylin-clangd-0.4.0-linux-x64/res/clangd/lib/clang/21 -- /home/david/Documentos/prueba_OS/RepasoExamen/311.c
I[11:16:30.711] --> textDocument/clangd.fileStatus
I[11:16:30.714] --> textDocument/publishDiagnostics
I[11:16:30.714] --> textDocument/inactiveRegions
I[11:16:30.714] --> reply:textDocument/inlayHint(622) 4 ms
I[11:16:30.714] --> textDocument/clangd.fileStatus
I[11:16:30.884] <-- textDocument/foldingRange(623)
I[11:16:30.885] --> reply:textDocument/foldingRange(623) 0 ms
I[11:16:30.967] <-- textDocument/codeAction(624)
I[11:16:30.967] --> reply:textDocument/codeAction(624) 0 ms
I[11:16:30.967] --> textDocument/clangd.fileStatus
I[11:16:31.005] <-- textDocument/didChange
I[11:16:31.005] --> textDocument/clangd.fileStatus
I[11:16:31.030] <-- textDocument/inlayHint(625)
I[11:16:31.030] Failed to find compilation database for /home/david/Documentos/prueba_OS/RepasoExamen/311.c
I[11:16:31.030] ASTWorker building file /home/david/Documentos/prueba_OS/RepasoExamen/311.c version 8 with command clangd fallback
[/home/david/Documentos/prueba_OS/RepasoExamen]
/usr/bin/clang -resource-dir=/home/david/.vscode-oss/extensions/kylinideteam.kylin-clangd-0.4.0-linux-x64/res/clangd/lib/clang/21 -- /home/david/Documentos/prueba_OS/RepasoExamen/311.c
I[11:16:31.031] --> textDocument/clangd.fileStatus
I[11:16:31.034] <-- textDocument/documentSymbol(626)
I[11:16:31.036] --> textDocument/publishDiagnostics
I[11:16:31.036] --> textDocument/inactiveRegions
I[11:16:31.037] --> reply:textDocument/inlayHint(625) 6 ms
I[11:16:31.037] --> reply:textDocument/documentSymbol(626) 2 ms
I[11:16:31.037] --> textDocument/clangd.fileStatus
I[11:16:31.205] <-- textDocument/foldingRange(627)
I[11:16:31.205] --> reply:textDocument/foldingRange(627) 0 ms
I[11:16:31.231] <-- textDocument/didChange
I[11:16:31.231] --> textDocument/clangd.fileStatus
I[11:16:31.256] <-- textDocument/inlayHint(628)
I[11:16:31.256] Failed to find compilation database for /home/david/Documentos/prueba_OS/RepasoExamen/311.c
I[11:16:31.256] ASTWorker building file /home/david/Documentos/prueba_OS/RepasoExamen/311.c version 9 with command clangd fallback
[/home/david/Documentos/prueba_OS/RepasoExamen]
/usr/bin/clang -resource-dir=/home/david/.vscode-oss/extensions/kylinideteam.kylin-clangd-0.4.0-linux-x64/res/clangd/lib/clang/21 -- /home/david/Documentos/prueba_OS/RepasoExamen/311.c
I[11:16:31.257] --> textDocument/clangd.fileStatus
I[11:16:31.260] --> textDocument/publishDiagnostics
I[11:16:31.260] --> textDocument/inactiveRegions
I[11:16:31.261] --> reply:textDocument/inlayHint(628) 4 ms
I[11:16:31.261] --> textDocument/clangd.fileStatus
I[11:16:31.431] <-- textDocument/foldingRange(629)
I[11:16:31.431] --> reply:textDocument/foldingRange(629) 0 ms
I[11:16:31.474] <-- textDocument/didChange
I[11:16:31.474] --> textDocument/clangd.fileStatus
I[11:16:31.499] <-- textDocument/inlayHint(630)
I[11:16:31.499] Failed to find compilation database for /home/david/Documentos/prueba_OS/RepasoExamen/311.c
I[11:16:31.499] ASTWorker building file /home/david/Documentos/prueba_OS/RepasoExamen/311.c version 10 with command clangd fallback
[/home/david/Documentos/prueba_OS/RepasoExamen]
/usr/bin/clang -resource-dir=/home/david/.vscode-oss/extensions/kylinideteam.kylin-clangd-0.4.0-linux-x64/res/clangd/lib/clang/21 -- /home/david/Documentos/prueba_OS/RepasoExamen/311.c
I[11:16:31.500] --> textDocument/clangd.fileStatus
I[11:16:31.504] --> textDocument/publishDiagnostics
I[11:16:31.504] --> textDocument/inactiveRegions
I[11:16:31.504] --> reply:textDocument/inlayHint(630) 4 ms
I[11:16:31.504] --> textDocument/clangd.fileStatus
I[11:16:31.674] <-- textDocument/foldingRange(631)
I[11:16:31.674] --> reply:textDocument/foldingRange(631) 0 ms
I[11:16:31.757] <-- textDocument/codeAction(632)
I[11:16:31.757] --> reply:textDocument/codeAction(632) 0 ms
I[11:16:31.757] --> textDocument/clangd.fileStatus
I[11:16:31.776] <-- textDocument/didChange
I[11:16:31.776] --> textDocument/clangd.fileStatus
I[11:16:31.800] <-- textDocument/inlayHint(633)
I[11:16:31.800] Failed to find compilation database for /home/david/Documentos/prueba_OS/RepasoExamen/311.c
I[11:16:31.800] ASTWorker building file /home/david/Documentos/prueba_OS/RepasoExamen/311.c version 11 with command clangd fallback
[/home/david/Documentos/prueba_OS/RepasoExamen]
/usr/bin/clang -resource-dir=/home/david/.vscode-oss/extensions/kylinideteam.kylin-clangd-0.4.0-linux-x64/res/clangd/lib/clang/21 -- /home/david/Documentos/prueba_OS/RepasoExamen/311.c
I[11:16:31.801] --> textDocument/clangd.fileStatus
I[11:16:31.806] --> textDocument/publishDiagnostics
I[11:16:31.806] --> textDocument/inactiveRegions
I[11:16:31.807] --> reply:textDocument/inlayHint(633) 6 ms
I[11:16:31.807] --> textDocument/clangd.fileStatus
I[11:16:31.825] <-- textDocument/documentSymbol(634)
I[11:16:31.825] <-- $/cancelRequest
I[11:16:31.825] --> reply:textDocument/documentSymbol(634) 0 ms, error: Task was cancelled.
I[11:16:31.825] --> textDocument/clangd.fileStatus
[Error - 11:16:31] Request textDocument/documentSymbol failed.
[object Object]
I[11:16:31.975] <-- textDocument/foldingRange(635)
I[11:16:31.975] --> reply:textDocument/foldingRange(635) 0 ms
I[11:16:32.062] <-- textDocument/codeAction(636)
I[11:16:32.062] --> reply:textDocument/codeAction(636) 0 ms
I[11:16:32.062] --> textDocument/clangd.fileStatus
I[11:16:32.125] <-- textDocument/documentSymbol(637)
I[11:16:32.125] <-- textDocument/documentSymbol(638)
I[11:16:32.125] --> reply:textDocument/documentSymbol(637) 0 ms
I[11:16:32.125] --> reply:textDocument/documentSymbol(638) 0 ms
I[11:16:32.125] --> textDocument/clangd.fileStatus
I[11:16:32.403] <-- textDocument/didSave
I[11:16:32.403] File version went from 5 to 5
I[11:16:32.403] File version went from 11 to 11
I[11:16:32.403] File version went from 1 to 1
I[11:16:32.403] File version went from 1 to 1
I[11:16:32.403] --> textDocument/clangd.fileStatus
I[11:16:32.403] --> textDocument/clangd.fileStatus
I[11:16:32.403] File version went from 3 to 3
I[11:16:32.403] --> textDocument/clangd.fileStatus
I[11:16:32.403] --> textDocument/clangd.fileStatus
I[11:16:32.403] --> textDocument/clangd.fileStatus
I[11:16:32.453] Failed to find compilation database for /home/david/Documentos/prueba_OS/RepasoExamen/29.c
I[11:16:32.453] Failed to find compilation database for /home/david/Documentos/prueba_OS/RepasoExamen/311.c
I[11:16:32.453] Failed to find compilation database for /home/david/Documentos/prueba_OS/RepasoExamen/39.c
I[11:16:32.453] ASTWorker building file /home/david/Documentos/prueba_OS/RepasoExamen/29.c version 1 with command clangd fallback
[/home/david/Documentos/prueba_OS/RepasoExamen]
/usr/bin/clang -resource-dir=/home/david/.vscode-oss/extensions/kylinideteam.kylin-clangd-0.4.0-linux-x64/res/clangd/lib/clang/21 -- /home/david/Documentos/prueba_OS/RepasoExamen/29.c
I[11:16:32.453] ASTWorker building file /home/david/Documentos/prueba_OS/RepasoExamen/311.c version 11 with command clangd fallback
[/home/david/Documentos/prueba_OS/RepasoExamen]
/usr/bin/clang -resource-dir=/home/david/.vscode-oss/extensions/kylinideteam.kylin-clangd-0.4.0-linux-x64/res/clangd/lib/clang/21 -- /home/david/Documentos/prueba_OS/RepasoExamen/311.c
I[11:16:32.453] Failed to find compilation database for /home/david/Documentos/prueba_OS/RepasoExamen/28.c
I[11:16:32.453] ASTWorker building file /home/david/Documentos/prueba_OS/RepasoExamen/39.c version 5 with command clangd fallback
[/home/david/Documentos/prueba_OS/RepasoExamen]
/usr/bin/clang -resource-dir=/home/david/.vscode-oss/extensions/kylinideteam.kylin-clangd-0.4.0-linux-x64/res/clangd/lib/clang/21 -- /home/david/Documentos/prueba_OS/RepasoExamen/39.c
I[11:16:32.453] ASTWorker building file /home/david/Documentos/prueba_OS/RepasoExamen/28.c version 1 with command clangd fallback
[/home/david/Documentos/prueba_OS/RepasoExamen]
/usr/bin/clang -resource-dir=/home/david/.vscode-oss/extensions/kylinideteam.kylin-clangd-0.4.0-linux-x64/res/clangd/lib/clang/21 -- /home/david/Documentos/prueba_OS/RepasoExamen/28.c
I[11:16:32.454] Failed to find compilation database for /home/david/Documentos/prueba_OS/RepasoExamen/35.c
I[11:16:32.454] ASTWorker building file /home/david/Documentos/prueba_OS/RepasoExamen/35.c version 3 with command clangd fallback
[/home/david/Documentos/prueba_OS/RepasoExamen]
/usr/bin/clang -resource-dir=/home/david/.vscode-oss/extensions/kylinideteam.kylin-clangd-0.4.0-linux-x64/res/clangd/lib/clang/21 -- /home/david/Documentos/prueba_OS/RepasoExamen/35.c
I[11:16:32.454] --> textDocument/clangd.fileStatus
I[11:16:32.454] --> textDocument/clangd.fileStatus
I[11:16:32.454] --> textDocument/clangd.fileStatus
I[11:16:32.454] --> textDocument/clangd.fileStatus
I[11:16:32.454] --> textDocument/clangd.fileStatus
I[11:16:32.454] --> textDocument/clangd.fileStatus
I[11:16:32.454] --> textDocument/clangd.fileStatus
I[11:16:32.454] --> textDocument/clangd.fileStatus
I[11:16:32.454] --> textDocument/clangd.fileStatus
I[11:16:32.454] --> textDocument/clangd.fileStatus
I[11:16:32.454] --> textDocument/clangd.fileStatus
I[11:16:32.454] --> textDocument/clangd.fileStatus
I[11:16:32.454] --> textDocument/clangd.fileStatus
I[11:16:32.454] --> textDocument/clangd.fileStatus
I[11:16:32.454] --> textDocument/clangd.fileStatus
I[11:16:32.454] --> textDocument/clangd.fileStatus
I[11:16:32.454] --> textDocument/clangd.fileStatus
I[11:16:32.454] --> textDocument/clangd.fileStatus
I[11:16:32.454] --> textDocument/clangd.fileStatus
I[11:16:32.454] --> textDocument/clangd.fileStatus
I[11:16:32.575] <-- textDocument/inlayHint(639)
I[11:16:32.575] --> reply:textDocument/inlayHint(639) 0 ms
I[11:16:32.575] --> textDocument/clangd.fileStatus
I[11:16:32.775] <-- textDocument/documentLink(640)
I[11:16:32.775] --> reply:textDocument/documentLink(640) 0 ms
I[11:16:32.775] --> textDocument/clangd.fileStatus
I[11:16:38.201] <-- textDocument/inlayHint(641)
I[11:16:38.201] --> reply:textDocument/inlayHint(641) 0 ms
I[11:16:38.201] --> textDocument/clangd.fileStatus
I[11:16:38.243] <-- textDocument/inlayHint(642)
I[11:16:38.244] --> reply:textDocument/inlayHint(642) 0 ms
I[11:16:38.244] --> textDocument/clangd.fileStatus
I[11:16:38.292] <-- textDocument/inlayHint(643)
I[11:16:38.292] --> reply:textDocument/inlayHint(643) 0 ms
I[11:16:38.292] --> textDocument/clangd.fileStatus
I[11:16:42.731] <-- textDocument/inlayHint(644)
I[11:16:42.731] --> reply:textDocument/inlayHint(644) 0 ms
I[11:16:42.731] --> textDocument/clangd.fileStatus
I[11:16:43.768] <-- textDocument/hover(645)
I[11:16:43.768] --> reply:textDocument/hover(645) 0 ms
I[11:16:43.768] --> textDocument/clangd.fileStatus
I[11:16:47.460] <-- textDocument/hover(646)
I[11:16:47.461] --> reply:textDocument/hover(646) 0 ms
I[11:16:47.461] --> textDocument/clangd.fileStatus
I[11:16:47.626] <-- textDocument/hover(647)
I[11:16:47.627] --> reply:textDocument/hover(647) 0 ms
I[11:16:47.627] --> textDocument/clangd.fileStatus
I[11:16:49.051] <-- textDocument/inlayHint(648)
I[11:16:49.051] --> reply:textDocument/inlayHint(648) 0 ms
I[11:16:49.051] --> textDocument/clangd.fileStatus
I[11:16:49.115] <-- textDocument/inlayHint(649)
I[11:16:49.115] --> reply:textDocument/inlayHint(649) 0 ms
I[11:16:49.115] --> textDocument/clangd.fileStatus
I[11:16:53.839] <-- textDocument/hover(650)
I[11:16:53.840] --> reply:textDocument/hover(650) 0 ms
I[11:16:53.840] --> textDocument/clangd.fileStatus
I[11:16:54.232] <-- textDocument/documentHighlight(651)
I[11:16:54.232] --> reply:textDocument/documentHighlight(651) 0 ms
I[11:16:54.232] --> textDocument/clangd.fileStatus
I[11:16:54.934] <-- textDocument/codeAction(652)
I[11:16:54.934] --> reply:textDocument/codeAction(652) 0 ms
I[11:16:54.934] --> textDocument/clangd.fileStatus
I[11:16:56.388] <-- textDocument/codeAction(653)
I[11:16:56.388] --> reply:textDocument/codeAction(653) 0 ms
I[11:16:56.388] --> textDocument/clangd.fileStatus
I[11:17:21.860] <-- textDocument/codeAction(654)
I[11:17:21.861] --> reply:textDocument/codeAction(654) 0 ms
I[11:17:21.861] --> textDocument/clangd.fileStatus
I[11:17:21.899] <-- textDocument/documentLink(655)
I[11:17:21.899] --> reply:textDocument/documentLink(655) 0 ms
I[11:17:21.899] --> textDocument/clangd.fileStatus
I[11:17:21.908] <-- textDocument/inlayHint(656)
I[11:17:21.908] --> reply:textDocument/inlayHint(656) 0 ms
I[11:17:21.909] --> textDocument/clangd.fileStatus
I[11:17:22.054] <-- textDocument/foldingRange(657)
I[11:17:22.055] --> reply:textDocument/foldingRange(657) 0 ms
I[11:17:22.114] <-- textDocument/codeAction(658)
I[11:17:22.114] --> reply:textDocument/codeAction(658) 0 ms
I[11:17:22.114] --> textDocument/clangd.fileStatus
I[11:17:22.156] <-- textDocument/documentSymbol(659)
I[11:17:22.156] --> reply:textDocument/documentSymbol(659) 0 ms
I[11:17:22.156] --> textDocument/clangd.fileStatus
I[11:17:23.000] <-- textDocument/hover(660)
I[11:17:23.000] --> reply:textDocument/hover(660) 0 ms
I[11:17:23.000] --> textDocument/clangd.fileStatus
I[11:17:23.917] <-- textDocument/documentHighlight(661)
I[11:17:23.918] --> reply:textDocument/documentHighlight(661) 0 ms
I[11:17:23.918] --> textDocument/clangd.fileStatus
I[11:17:24.116] <-- textDocument/codeAction(662)
I[11:17:24.116] --> reply:textDocument/codeAction(662) 0 ms
I[11:17:24.116] --> textDocument/clangd.fileStatus
I[11:17:26.818] <-- textDocument/hover(663)
I[11:17:26.818] --> reply:textDocument/hover(663) 0 ms
I[11:17:26.818] --> textDocument/clangd.fileStatus
I[11:17:27.430] <-- textDocument/hover(664)
I[11:17:27.431] --> reply:textDocument/hover(664) 0 ms
I[11:17:27.431] --> textDocument/clangd.fileStatus
I[11:17:29.437] <-- textDocument/inlayHint(665)
I[11:17:29.437] --> reply:textDocument/inlayHint(665) 0 ms
I[11:17:29.437] --> textDocument/clangd.fileStatus
I[11:17:29.474] <-- textDocument/inlayHint(666)
I[11:17:29.475] --> reply:textDocument/inlayHint(666) 0 ms
I[11:17:29.475] --> textDocument/clangd.fileStatus
I[11:17:29.507] <-- textDocument/inlayHint(667)
I[11:17:29.507] --> reply:textDocument/inlayHint(667) 0 ms
I[11:17:29.507] --> textDocument/clangd.fileStatus
I[11:17:29.571] <-- textDocument/inlayHint(668)
I[11:17:29.572] --> reply:textDocument/inlayHint(668) 0 ms
I[11:17:29.572] --> textDocument/clangd.fileStatus
I[11:17:30.408] <-- textDocument/hover(669)
I[11:17:30.408] --> reply:textDocument/hover(669) 0 ms
I[11:17:30.408] --> textDocument/clangd.fileStatus
I[11:17:30.720] <-- textDocument/hover(670)
I[11:17:30.720] --> reply:textDocument/hover(670) 0 ms
I[11:17:30.720] --> textDocument/clangd.fileStatus
I[11:17:31.452] <-- textDocument/codeAction(671)
I[11:17:31.452] --> reply:textDocument/codeAction(671) 0 ms
I[11:17:31.452] --> textDocument/clangd.fileStatus
I[11:17:31.994] <-- textDocument/inlayHint(672)
I[11:17:31.994] --> reply:textDocument/inlayHint(672) 0 ms
I[11:17:31.994] --> textDocument/clangd.fileStatus
I[11:17:32.458] <-- textDocument/inlayHint(673)
I[11:17:32.459] --> reply:textDocument/inlayHint(673) 0 ms
I[11:17:32.459] --> textDocument/clangd.fileStatus
I[11:17:32.515] <-- textDocument/inlayHint(674)
I[11:17:32.515] --> reply:textDocument/inlayHint(674) 0 ms
I[11:17:32.515] --> textDocument/clangd.fileStatus
I[11:17:32.938] <-- textDocument/inlayHint(675)
I[11:17:32.939] --> reply:textDocument/inlayHint(675) 0 ms
I[11:17:32.939] --> textDocument/clangd.fileStatus
I[11:17:35.928] <-- textDocument/hover(676)
I[11:17:35.929] --> reply:textDocument/hover(676) 0 ms
I[11:17:35.929] --> textDocument/clangd.fileStatus
I[11:17:36.279] <-- textDocument/hover(677)
I[11:17:36.279] --> reply:textDocument/hover(677) 0 ms
I[11:17:36.279] --> textDocument/clangd.fileStatus
I[11:17:36.869] <-- textDocument/hover(678)
I[11:17:36.869] --> reply:textDocument/hover(678) 0 ms
I[11:17:36.869] --> textDocument/clangd.fileStatus
I[11:17:37.738] <-- textDocument/inlayHint(679)
I[11:17:37.738] --> reply:textDocument/inlayHint(679) 0 ms
I[11:17:37.738] --> textDocument/clangd.fileStatus
I[11:17:37.771] <-- textDocument/inlayHint(680)
I[11:17:37.771] --> reply:textDocument/inlayHint(680) 0 ms
I[11:17:37.771] --> textDocument/clangd.fileStatus
I[11:17:38.570] <-- textDocument/hover(681)
I[11:17:38.570] --> reply:textDocument/hover(681) 0 ms
I[11:17:38.570] --> textDocument/clangd.fileStatus
I[11:17:38.969] <-- textDocument/hover(682)
I[11:17:38.969] --> reply:textDocument/hover(682) 0 ms
I[11:17:38.969] --> textDocument/clangd.fileStatus
I[11:17:39.580] <-- textDocument/codeAction(683)
I[11:17:39.580] --> reply:textDocument/codeAction(683) 0 ms
I[11:17:39.580] --> textDocument/clangd.fileStatus
I[11:17:43.986] <-- textDocument/hover(684)
I[11:17:43.987] --> reply:textDocument/hover(684) 0 ms
I[11:17:43.987] --> textDocument/clangd.fileStatus
I[11:17:44.330] <-- textDocument/inlayHint(685)
I[11:17:44.330] --> reply:textDocument/inlayHint(685) 0 ms
I[11:17:44.330] --> textDocument/clangd.fileStatus
I[11:17:44.389] <-- textDocument/inlayHint(686)
I[11:17:44.389] --> reply:textDocument/inlayHint(686) 0 ms
I[11:17:44.389] --> textDocument/clangd.fileStatus
I[11:17:44.423] <-- textDocument/inlayHint(687)
I[11:17:44.423] --> reply:textDocument/inlayHint(687) 0 ms
I[11:17:44.423] --> textDocument/clangd.fileStatus
I[11:17:44.471] <-- textDocument/inlayHint(688)
I[11:17:44.471] --> reply:textDocument/inlayHint(688) 0 ms
I[11:17:44.471] --> textDocument/clangd.fileStatus
I[11:17:45.291] <-- textDocument/inlayHint(689)
I[11:17:45.291] --> reply:textDocument/inlayHint(689) 0 ms
I[11:17:45.291] --> textDocument/clangd.fileStatus
I[11:17:45.332] <-- textDocument/inlayHint(690)
I[11:17:45.333] --> reply:textDocument/inlayHint(690) 0 ms
I[11:17:45.333] --> textDocument/clangd.fileStatus
I[11:17:45.368] <-- textDocument/inlayHint(691)
I[11:17:45.368] --> reply:textDocument/inlayHint(691) 0 ms
I[11:17:45.368] --> textDocument/clangd.fileStatus
I[11:17:45.407] <-- textDocument/inlayHint(692)
I[11:17:45.408] --> reply:textDocument/inlayHint(692) 0 ms
I[11:17:45.408] --> textDocument/clangd.fileStatus
I[11:17:48.057] <-- textDocument/inlayHint(693)
I[11:17:48.057] --> reply:textDocument/inlayHint(693) 0 ms
I[11:17:48.057] --> textDocument/clangd.fileStatus
I[11:17:49.869] <-- textDocument/codeAction(694)
I[11:17:49.869] --> reply:textDocument/codeAction(694) 0 ms
I[11:17:49.869] --> textDocument/clangd.fileStatus
I[11:17:51.003] <-- textDocument/inlayHint(695)
I[11:17:51.003] --> reply:textDocument/inlayHint(695) 0 ms
I[11:17:51.003] --> textDocument/clangd.fileStatus
I[11:17:51.040] <-- textDocument/inlayHint(696)
I[11:17:51.040] --> reply:textDocument/inlayHint(696) 0 ms
I[11:17:51.040] --> textDocument/clangd.fileStatus
I[11:17:51.089] <-- textDocument/inlayHint(697)
I[11:17:51.089] --> reply:textDocument/inlayHint(697) 0 ms
I[11:17:51.089] --> textDocument/clangd.fileStatus
I[11:18:31.211] <-- textDocument/codeAction(698)
I[11:18:31.212] --> reply:textDocument/codeAction(698) 0 ms
I[11:18:31.212] --> textDocument/clangd.fileStatus
I[11:18:31.242] <-- textDocument/documentLink(699)
I[11:18:31.242] --> reply:textDocument/documentLink(699) 0 ms
I[11:18:31.242] --> textDocument/clangd.fileStatus
I[11:18:31.255] <-- textDocument/inlayHint(700)
I[11:18:31.255] --> reply:textDocument/inlayHint(700) 0 ms
I[11:18:31.255] --> textDocument/clangd.fileStatus
I[11:18:31.407] <-- textDocument/foldingRange(701)
I[11:18:31.408] --> reply:textDocument/foldingRange(701) 0 ms
I[11:18:31.464] <-- textDocument/codeAction(702)
I[11:18:31.464] --> reply:textDocument/codeAction(702) 0 ms
I[11:18:31.464] --> textDocument/clangd.fileStatus
I[11:18:31.508] <-- textDocument/documentSymbol(703)
I[11:18:31.508] --> reply:textDocument/documentSymbol(703) 0 ms
I[11:18:31.508] --> textDocument/clangd.fileStatus
I[11:18:32.543] <-- textDocument/hover(704)
I[11:18:32.543] --> reply:textDocument/hover(704) 0 ms
I[11:18:32.543] --> textDocument/clangd.fileStatus
I[11:18:40.470] <-- textDocument/codeAction(705)
I[11:18:40.470] --> reply:textDocument/codeAction(705) 0 ms
I[11:18:40.470] --> textDocument/clangd.fileStatus
I[11:18:40.498] <-- textDocument/documentLink(706)
I[11:18:40.498] --> reply:textDocument/documentLink(706) 0 ms
I[11:18:40.498] --> textDocument/clangd.fileStatus
I[11:18:40.514] <-- textDocument/inlayHint(707)
I[11:18:40.514] --> reply:textDocument/inlayHint(707) 0 ms
I[11:18:40.514] --> textDocument/clangd.fileStatus
I[11:18:40.664] <-- textDocument/foldingRange(708)
I[11:18:40.664] --> reply:textDocument/foldingRange(708) 0 ms
I[11:18:40.724] <-- textDocument/codeAction(709)
I[11:18:40.724] --> reply:textDocument/codeAction(709) 0 ms
I[11:18:40.724] --> textDocument/clangd.fileStatus
I[11:18:40.766] <-- textDocument/documentSymbol(710)
I[11:18:40.766] --> reply:textDocument/documentSymbol(710) 0 ms
I[11:18:40.766] --> textDocument/clangd.fileStatus
I[11:18:43.212] <-- textDocument/codeAction(711)
I[11:18:43.212] --> reply:textDocument/codeAction(711) 0 ms
I[11:18:43.212] --> textDocument/clangd.fileStatus
I[11:18:43.840] <-- textDocument/hover(712)
I[11:18:43.841] --> reply:textDocument/hover(712) 0 ms
I[11:18:43.841] --> textDocument/clangd.fileStatus
I[11:18:44.176] <-- textDocument/hover(713)
I[11:18:44.177] --> reply:textDocument/hover(713) 0 ms
I[11:18:44.177] --> textDocument/clangd.fileStatus
I[11:18:46.684] <-- textDocument/codeAction(714)
I[11:18:46.684] --> reply:textDocument/codeAction(714) 0 ms
I[11:18:46.684] --> textDocument/clangd.fileStatus
I[11:18:47.307] <-- textDocument/inlayHint(715)
I[11:18:47.307] --> reply:textDocument/inlayHint(715) 0 ms
I[11:18:47.307] --> textDocument/clangd.fileStatus
I[11:18:47.992] <-- textDocument/hover(716)
I[11:18:47.993] --> reply:textDocument/hover(716) 0 ms
I[11:18:47.993] --> textDocument/clangd.fileStatus
I[11:18:48.778] <-- textDocument/hover(717)
I[11:18:48.779] --> reply:textDocument/hover(717) 0 ms
I[11:18:48.779] --> textDocument/clangd.fileStatus
I[11:18:48.937] <-- textDocument/hover(718)
I[11:18:48.938] --> reply:textDocument/hover(718) 0 ms
I[11:18:48.938] --> textDocument/clangd.fileStatus
I[11:18:49.892] <-- textDocument/codeAction(719)
I[11:18:49.892] --> reply:textDocument/codeAction(719) 0 ms
I[11:18:49.892] --> textDocument/clangd.fileStatus
I[11:18:56.284] <-- textDocument/hover(720)
I[11:18:56.285] --> reply:textDocument/hover(720) 0 ms
I[11:18:56.285] --> textDocument/clangd.fileStatus
I[11:18:56.937] <-- textDocument/hover(721)
I[11:18:56.937] --> reply:textDocument/hover(721) 0 ms
I[11:18:56.937] --> textDocument/clangd.fileStatus
I[11:18:57.212] <-- textDocument/documentHighlight(722)
I[11:18:57.212] --> reply:textDocument/documentHighlight(722) 0 ms
I[11:18:57.212] --> textDocument/clangd.fileStatus
I[11:18:57.766] <-- textDocument/codeAction(723)
I[11:18:57.766] --> reply:textDocument/codeAction(723) 0 ms
I[11:18:57.766] --> textDocument/clangd.fileStatus
I[11:18:58.704] <-- textDocument/hover(724)
I[11:18:58.705] --> reply:textDocument/hover(724) 0 ms
I[11:18:58.705] --> textDocument/clangd.fileStatus
I[11:19:02.242] <-- textDocument/hover(725)
I[11:19:02.243] --> reply:textDocument/hover(725) 0 ms
I[11:19:02.243] --> textDocument/clangd.fileStatus
I[11:19:02.772] <-- textDocument/codeAction(726)
I[11:19:02.773] --> reply:textDocument/codeAction(726) 0 ms
I[11:19:02.773] --> textDocument/clangd.fileStatus
I[11:19:03.832] <-- textDocument/hover(727)
I[11:19:03.832] --> reply:textDocument/hover(727) 0 ms
I[11:19:03.832] --> textDocument/clangd.fileStatus
I[11:19:06.685] <-- textDocument/hover(728)
I[11:19:06.685] --> reply:textDocument/hover(728) 0 ms
I[11:19:06.685] --> textDocument/clangd.fileStatus
I[11:19:42.056] <-- textDocument/hover(729)
I[11:19:42.057] --> reply:textDocument/hover(729) 0 ms
I[11:19:42.057] --> textDocument/clangd.fileStatus
I[11:19:43.173] <-- textDocument/documentHighlight(730)
I[11:19:43.173] --> reply:textDocument/documentHighlight(730) 0 ms
I[11:19:43.173] --> textDocument/clangd.fileStatus
I[11:19:43.940] <-- textDocument/codeAction(731)
I[11:19:43.940] --> reply:textDocument/codeAction(731) 0 ms
I[11:19:43.940] --> textDocument/clangd.fileStatus
I[11:19:44.432] <-- textDocument/hover(732)
I[11:19:44.433] --> reply:textDocument/hover(732) 0 ms
I[11:19:44.433] --> textDocument/clangd.fileStatus
I[11:19:44.760] <-- textDocument/hover(733)
I[11:19:44.760] --> reply:textDocument/hover(733) 0 ms
I[11:19:44.760] --> textDocument/clangd.fileStatus
I[11:19:46.274] <-- textDocument/didChange
I[11:19:46.274] --> textDocument/clangd.fileStatus
I[11:19:46.300] <-- textDocument/inlayHint(734)
I[11:19:46.300] Failed to find compilation database for /home/david/Documentos/prueba_OS/RepasoExamen/311.c
I[11:19:46.301] ASTWorker building file /home/david/Documentos/prueba_OS/RepasoExamen/311.c version 12 with command clangd fallback
[/home/david/Documentos/prueba_OS/RepasoExamen]
/usr/bin/clang -resource-dir=/home/david/.vscode-oss/extensions/kylinideteam.kylin-clangd-0.4.0-linux-x64/res/clangd/lib/clang/21 -- /home/david/Documentos/prueba_OS/RepasoExamen/311.c
I[11:19:46.301] --> textDocument/clangd.fileStatus
I[11:19:46.305] --> textDocument/publishDiagnostics
I[11:19:46.305] --> textDocument/inactiveRegions
I[11:19:46.305] --> reply:textDocument/inlayHint(734) 4 ms
I[11:19:46.305] --> textDocument/clangd.fileStatus
I[11:19:46.475] <-- textDocument/foldingRange(735)
I[11:19:46.475] --> reply:textDocument/foldingRange(735) 0 ms
I[11:19:46.559] <-- textDocument/codeAction(736)
I[11:19:46.560] --> reply:textDocument/codeAction(736) 0 ms
I[11:19:46.560] --> textDocument/clangd.fileStatus
I[11:19:46.625] <-- textDocument/documentSymbol(737)
I[11:19:46.625] <-- textDocument/documentSymbol(738)
I[11:19:46.625] --> reply:textDocument/documentSymbol(737) 0 ms
I[11:19:46.625] --> reply:textDocument/documentSymbol(738) 0 ms
I[11:19:46.625] --> textDocument/clangd.fileStatus
I[11:19:47.075] <-- textDocument/inlayHint(739)
I[11:19:47.075] --> reply:textDocument/inlayHint(739) 0 ms
I[11:19:47.076] --> textDocument/clangd.fileStatus
I[11:19:47.188] <-- textDocument/didChange
I[11:19:47.188] --> textDocument/clangd.fileStatus
I[11:19:47.199] <-- textDocument/completion(740)
I[11:19:47.204] Code complete: sema context Expression, query scopes [] (AnyScope=true), expected type <none>
I[11:19:47.204] Code complete: 2 results from Sema, 100 from Index, 0 matched, 0 from identifiers, 100 returned (incomplete).
I[11:19:47.207] --> reply:textDocument/completion(740) 8 ms
I[11:19:47.217] <-- textDocument/inlayHint(741)
I[11:19:47.217] Failed to find compilation database for /home/david/Documentos/prueba_OS/RepasoExamen/311.c
I[11:19:47.217] ASTWorker building file /home/david/Documentos/prueba_OS/RepasoExamen/311.c version 13 with command clangd fallback
[/home/david/Documentos/prueba_OS/RepasoExamen]
/usr/bin/clang -resource-dir=/home/david/.vscode-oss/extensions/kylinideteam.kylin-clangd-0.4.0-linux-x64/res/clangd/lib/clang/21 -- /home/david/Documentos/prueba_OS/RepasoExamen/311.c
I[11:19:47.217] --> textDocument/clangd.fileStatus
I[11:19:47.222] --> textDocument/publishDiagnostics
I[11:19:47.222] --> textDocument/inactiveRegions
I[11:19:47.223] --> reply:textDocument/inlayHint(741) 6 ms
I[11:19:47.223] --> textDocument/clangd.fileStatus
I[11:19:47.388] <-- textDocument/foldingRange(742)
I[11:19:47.388] --> reply:textDocument/foldingRange(742) 0 ms
I[11:19:47.484] <-- textDocument/codeAction(743)
I[11:19:47.485] --> reply:textDocument/codeAction(743) 0 ms
I[11:19:47.485] --> textDocument/clangd.fileStatus
I[11:19:47.538] <-- textDocument/documentSymbol(744)
I[11:19:47.538] --> reply:textDocument/documentSymbol(744) 0 ms
I[11:19:47.538] --> textDocument/clangd.fileStatus
I[11:19:47.543] <-- textDocument/documentSymbol(745)
I[11:19:47.543] --> reply:textDocument/documentSymbol(745) 0 ms
I[11:19:47.543] --> textDocument/clangd.fileStatus
I[11:19:47.684] <-- textDocument/didChange
I[11:19:47.684] --> textDocument/clangd.fileStatus
I[11:19:47.684] <-- textDocument/completion(746)
I[11:19:47.688] Code complete: sema context Expression, query scopes [] (AnyScope=true), expected type <none>
I[11:19:47.688] Code complete: 1 results from Sema, 80 from Index, 0 matched, 0 from identifiers, 81 returned (incomplete).
I[11:19:47.689] --> reply:textDocument/completion(746) 5 ms
I[11:19:47.709] <-- textDocument/inlayHint(747)
I[11:19:47.709] Failed to find compilation database for /home/david/Documentos/prueba_OS/RepasoExamen/311.c
I[11:19:47.709] ASTWorker building file /home/david/Documentos/prueba_OS/RepasoExamen/311.c version 14 with command clangd fallback
[/home/david/Documentos/prueba_OS/RepasoExamen]
/usr/bin/clang -resource-dir=/home/david/.vscode-oss/extensions/kylinideteam.kylin-clangd-0.4.0-linux-x64/res/clangd/lib/clang/21 -- /home/david/Documentos/prueba_OS/RepasoExamen/311.c
I[11:19:47.710] --> textDocument/clangd.fileStatus
I[11:19:47.715] --> textDocument/publishDiagnostics
I[11:19:47.715] --> textDocument/inactiveRegions
I[11:19:47.716] --> reply:textDocument/inlayHint(747) 6 ms
I[11:19:47.716] --> textDocument/clangd.fileStatus
I[11:19:47.857] <-- textDocument/didChange
I[11:19:47.857] --> textDocument/clangd.fileStatus
I[11:19:47.858] <-- textDocument/completion(748)
I[11:19:47.861] Code complete: sema context Expression, query scopes [] (AnyScope=true), expected type <none>
I[11:19:47.861] Code complete: 1 results from Sema, 8 from Index, 0 matched, 0 from identifiers, 9 returned.
I[11:19:47.861] --> reply:textDocument/completion(748) 3 ms
I[11:19:47.883] <-- textDocument/inlayHint(749)
I[11:19:47.883] Failed to find compilation database for /home/david/Documentos/prueba_OS/RepasoExamen/311.c
I[11:19:47.883] ASTWorker building file /home/david/Documentos/prueba_OS/RepasoExamen/311.c version 15 with command clangd fallback
[/home/david/Documentos/prueba_OS/RepasoExamen]
/usr/bin/clang -resource-dir=/home/david/.vscode-oss/extensions/kylinideteam.kylin-clangd-0.4.0-linux-x64/res/clangd/lib/clang/21 -- /home/david/Documentos/prueba_OS/RepasoExamen/311.c
I[11:19:47.884] --> textDocument/clangd.fileStatus
I[11:19:47.888] --> textDocument/publishDiagnostics
I[11:19:47.888] --> textDocument/inactiveRegions
I[11:19:47.888] --> reply:textDocument/inlayHint(749) 5 ms
I[11:19:47.888] --> textDocument/clangd.fileStatus
I[11:19:48.058] <-- textDocument/foldingRange(750)
I[11:19:48.058] --> reply:textDocument/foldingRange(750) 0 ms
I[11:19:48.086] <-- textDocument/didChange
I[11:19:48.086] --> textDocument/clangd.fileStatus
I[11:19:48.087] <-- textDocument/completion(751)
I[11:19:48.090] Code complete: sema context Expression, query scopes [] (AnyScope=true), expected type <none>
I[11:19:48.090] Code complete: 1 results from Sema, 6 from Index, 0 matched, 0 from identifiers, 7 returned.
I[11:19:48.090] --> reply:textDocument/completion(751) 3 ms
I[11:19:48.111] <-- textDocument/inlayHint(752)
I[11:19:48.111] Failed to find compilation database for /home/david/Documentos/prueba_OS/RepasoExamen/311.c
I[11:19:48.112] ASTWorker building file /home/david/Documentos/prueba_OS/RepasoExamen/311.c version 16 with command clangd fallback
[/home/david/Documentos/prueba_OS/RepasoExamen]
/usr/bin/clang -resource-dir=/home/david/.vscode-oss/extensions/kylinideteam.kylin-clangd-0.4.0-linux-x64/res/clangd/lib/clang/21 -- /home/david/Documentos/prueba_OS/RepasoExamen/311.c
I[11:19:48.112] --> textDocument/clangd.fileStatus
I[11:19:48.116] --> textDocument/publishDiagnostics
I[11:19:48.116] --> textDocument/inactiveRegions
I[11:19:48.116] --> reply:textDocument/inlayHint(752) 4 ms
I[11:19:48.116] --> textDocument/clangd.fileStatus
I[11:19:48.286] <-- textDocument/foldingRange(753)
I[11:19:48.286] --> reply:textDocument/foldingRange(753) 0 ms
I[11:19:48.369] <-- textDocument/codeAction(754)
I[11:19:48.369] --> reply:textDocument/codeAction(754) 0 ms
I[11:19:48.369] --> textDocument/clangd.fileStatus
I[11:19:48.436] <-- textDocument/documentSymbol(755)
I[11:19:48.436] <-- textDocument/documentSymbol(756)
I[11:19:48.436] --> reply:textDocument/documentSymbol(755) 0 ms
I[11:19:48.437] --> reply:textDocument/documentSymbol(756) 0 ms
I[11:19:48.437] --> textDocument/clangd.fileStatus
I[11:19:48.738] <-- textDocument/hover(757)
I[11:19:48.738] --> reply:textDocument/hover(757) 0 ms
I[11:19:48.738] --> textDocument/clangd.fileStatus
I[11:19:48.887] <-- textDocument/inlayHint(758)
I[11:19:48.887] --> reply:textDocument/inlayHint(758) 0 ms
I[11:19:48.887] --> textDocument/clangd.fileStatus
I[11:19:49.086] <-- textDocument/documentLink(759)
I[11:19:49.087] --> reply:textDocument/documentLink(759) 0 ms
I[11:19:49.087] --> textDocument/clangd.fileStatus
I[11:19:50.258] <-- textDocument/didChange
I[11:19:50.258] --> textDocument/clangd.fileStatus
I[11:19:50.259] <-- textDocument/completion(760)
I[11:19:50.264] Code complete: sema context Expression, query scopes [] (AnyScope=true), expected type <none>
I[11:19:50.264] Code complete: 1 results from Sema, 8 from Index, 0 matched, 0 from identifiers, 9 returned.
I[11:19:50.264] --> reply:textDocument/completion(760) 4 ms
I[11:19:50.284] <-- textDocument/inlayHint(761)
I[11:19:50.284] Failed to find compilation database for /home/david/Documentos/prueba_OS/RepasoExamen/311.c
I[11:19:50.285] ASTWorker building file /home/david/Documentos/prueba_OS/RepasoExamen/311.c version 17 with command clangd fallback
[/home/david/Documentos/prueba_OS/RepasoExamen]
/usr/bin/clang -resource-dir=/home/david/.vscode-oss/extensions/kylinideteam.kylin-clangd-0.4.0-linux-x64/res/clangd/lib/clang/21 -- /home/david/Documentos/prueba_OS/RepasoExamen/311.c
I[11:19:50.285] --> textDocument/clangd.fileStatus
I[11:19:50.291] --> textDocument/publishDiagnostics
I[11:19:50.291] --> textDocument/inactiveRegions
I[11:19:50.291] --> reply:textDocument/inlayHint(761) 6 ms
I[11:19:50.291] --> textDocument/clangd.fileStatus
I[11:19:50.424] <-- textDocument/didChange
I[11:19:50.424] --> textDocument/clangd.fileStatus
I[11:19:50.425] <-- textDocument/completion(762)
I[11:19:50.430] Code complete: sema context Expression, query scopes [] (AnyScope=true), expected type <none>
I[11:19:50.430] Code complete: 1 results from Sema, 80 from Index, 0 matched, 0 from identifiers, 81 returned (incomplete).
I[11:19:50.432] --> reply:textDocument/completion(762) 7 ms
I[11:19:50.450] <-- textDocument/inlayHint(763)
I[11:19:50.450] Failed to find compilation database for /home/david/Documentos/prueba_OS/RepasoExamen/311.c
I[11:19:50.450] ASTWorker building file /home/david/Documentos/prueba_OS/RepasoExamen/311.c version 18 with command clangd fallback
[/home/david/Documentos/prueba_OS/RepasoExamen]
/usr/bin/clang -resource-dir=/home/david/.vscode-oss/extensions/kylinideteam.kylin-clangd-0.4.0-linux-x64/res/clangd/lib/clang/21 -- /home/david/Documentos/prueba_OS/RepasoExamen/311.c
I[11:19:50.451] --> textDocument/clangd.fileStatus
I[11:19:50.455] --> textDocument/publishDiagnostics
I[11:19:50.455] --> textDocument/inactiveRegions
I[11:19:50.455] --> reply:textDocument/inlayHint(763) 4 ms
I[11:19:50.455] --> textDocument/clangd.fileStatus
I[11:19:50.589] <-- textDocument/didChange
I[11:19:50.589] --> textDocument/clangd.fileStatus
I[11:19:50.590] <-- textDocument/completion(764)
I[11:19:50.594] Code complete: sema context Expression, query scopes [] (AnyScope=true), expected type <none>
I[11:19:50.594] Code complete: 2 results from Sema, 100 from Index, 0 matched, 0 from identifiers, 100 returned (incomplete).
I[11:19:50.597] --> reply:textDocument/completion(764) 6 ms
I[11:19:50.615] <-- textDocument/inlayHint(765)
I[11:19:50.615] Failed to find compilation database for /home/david/Documentos/prueba_OS/RepasoExamen/311.c
I[11:19:50.615] ASTWorker building file /home/david/Documentos/prueba_OS/RepasoExamen/311.c version 19 with command clangd fallback
[/home/david/Documentos/prueba_OS/RepasoExamen]
/usr/bin/clang -resource-dir=/home/david/.vscode-oss/extensions/kylinideteam.kylin-clangd-0.4.0-linux-x64/res/clangd/lib/clang/21 -- /home/david/Documentos/prueba_OS/RepasoExamen/311.c
I[11:19:50.616] --> textDocument/clangd.fileStatus
I[11:19:50.621] --> textDocument/publishDiagnostics
I[11:19:50.621] --> textDocument/inactiveRegions
I[11:19:50.621] --> reply:textDocument/inlayHint(765) 6 ms
I[11:19:50.621] --> textDocument/clangd.fileStatus
I[11:19:50.790] <-- textDocument/foldingRange(766)
I[11:19:50.790] --> reply:textDocument/foldingRange(766) 0 ms
I[11:19:50.874] <-- textDocument/codeAction(767)
I[11:19:50.874] --> reply:textDocument/codeAction(767) 0 ms
I[11:19:50.874] --> textDocument/clangd.fileStatus
I[11:19:50.940] <-- textDocument/documentSymbol(768)
I[11:19:50.940] <-- textDocument/documentSymbol(769)
I[11:19:50.940] --> reply:textDocument/documentSymbol(768) 0 ms
I[11:19:50.940] --> reply:textDocument/documentSymbol(769) 0 ms
I[11:19:50.940] --> textDocument/clangd.fileStatus
I[11:19:50.969] <-- textDocument/didChange
I[11:19:50.970] --> textDocument/clangd.fileStatus
I[11:19:50.996] <-- textDocument/inlayHint(770)
I[11:19:50.996] Failed to find compilation database for /home/david/Documentos/prueba_OS/RepasoExamen/311.c
I[11:19:50.996] ASTWorker building file /home/david/Documentos/prueba_OS/RepasoExamen/311.c version 20 with command clangd fallback
[/home/david/Documentos/prueba_OS/RepasoExamen]
/usr/bin/clang -resource-dir=/home/david/.vscode-oss/extensions/kylinideteam.kylin-clangd-0.4.0-linux-x64/res/clangd/lib/clang/21 -- /home/david/Documentos/prueba_OS/RepasoExamen/311.c
I[11:19:50.997] --> textDocument/clangd.fileStatus
I[11:19:51.001] --> textDocument/publishDiagnostics
I[11:19:51.001] --> textDocument/inactiveRegions
I[11:19:51.001] --> reply:textDocument/inlayHint(770) 5 ms
I[11:19:51.001] --> textDocument/clangd.fileStatus
I[11:19:51.171] <-- textDocument/foldingRange(771)
I[11:19:51.172] --> reply:textDocument/foldingRange(771) 0 ms
I[11:19:51.253] <-- textDocument/codeAction(772)
I[11:19:51.253] --> reply:textDocument/codeAction(772) 0 ms
I[11:19:51.254] --> textDocument/clangd.fileStatus
I[11:19:51.320] <-- textDocument/documentSymbol(773)
I[11:19:51.320] <-- textDocument/documentSymbol(774)
I[11:19:51.320] --> reply:textDocument/documentSymbol(773) 0 ms
I[11:19:51.320] --> reply:textDocument/documentSymbol(774) 0 ms
I[11:19:51.320] --> textDocument/clangd.fileStatus
I[11:19:51.633] <-- textDocument/didChange
I[11:19:51.633] --> textDocument/clangd.fileStatus
I[11:19:51.644] <-- textDocument/completion(775)
I[11:19:51.650] Code complete: sema context Expression, query scopes [] (AnyScope=true), expected type <none>
I[11:19:51.650] Code complete: 2 results from Sema, 100 from Index, 0 matched, 0 from identifiers, 100 returned (incomplete).
I[11:19:51.652] --> reply:textDocument/completion(775) 7 ms
I[11:19:51.667] <-- textDocument/inlayHint(776)
I[11:19:51.667] Failed to find compilation database for /home/david/Documentos/prueba_OS/RepasoExamen/311.c
I[11:19:51.668] ASTWorker building file /home/david/Documentos/prueba_OS/RepasoExamen/311.c version 21 with command clangd fallback
[/home/david/Documentos/prueba_OS/RepasoExamen]
/usr/bin/clang -resource-dir=/home/david/.vscode-oss/extensions/kylinideteam.kylin-clangd-0.4.0-linux-x64/res/clangd/lib/clang/21 -- /home/david/Documentos/prueba_OS/RepasoExamen/311.c
I[11:19:51.668] --> textDocument/clangd.fileStatus
I[11:19:51.673] --> textDocument/publishDiagnostics
I[11:19:51.673] --> textDocument/inactiveRegions
I[11:19:51.673] --> reply:textDocument/inlayHint(776) 6 ms
I[11:19:51.674] --> textDocument/clangd.fileStatus
I[11:19:51.833] <-- textDocument/foldingRange(777)
I[11:19:51.833] --> reply:textDocument/foldingRange(777) 0 ms
I[11:19:51.927] <-- textDocument/codeAction(778)
I[11:19:51.928] --> reply:textDocument/codeAction(778) 0 ms
I[11:19:51.928] --> textDocument/clangd.fileStatus
I[11:19:51.983] <-- textDocument/documentSymbol(779)
I[11:19:51.983] --> reply:textDocument/documentSymbol(779) 0 ms
I[11:19:51.983] --> textDocument/clangd.fileStatus
I[11:19:51.988] <-- textDocument/documentSymbol(780)
I[11:19:51.988] --> reply:textDocument/documentSymbol(780) 0 ms
I[11:19:51.988] --> textDocument/clangd.fileStatus
I[11:19:52.000] <-- textDocument/didChange
I[11:19:52.000] --> textDocument/clangd.fileStatus
I[11:19:52.001] <-- textDocument/completion(781)
I[11:19:52.005] Code complete: sema context Expression, query scopes [] (AnyScope=true), expected type <none>
I[11:19:52.005] Code complete: 0 results from Sema, 5 from Index, 0 matched, 0 from identifiers, 5 returned (incomplete).
I[11:19:52.006] --> reply:textDocument/completion(781) 4 ms
I[11:19:52.026] <-- textDocument/inlayHint(782)
I[11:19:52.026] Failed to find compilation database for /home/david/Documentos/prueba_OS/RepasoExamen/311.c
I[11:19:52.026] ASTWorker building file /home/david/Documentos/prueba_OS/RepasoExamen/311.c version 22 with command clangd fallback
[/home/david/Documentos/prueba_OS/RepasoExamen]
/usr/bin/clang -resource-dir=/home/david/.vscode-oss/extensions/kylinideteam.kylin-clangd-0.4.0-linux-x64/res/clangd/lib/clang/21 -- /home/david/Documentos/prueba_OS/RepasoExamen/311.c
I[11:19:52.027] --> textDocument/clangd.fileStatus
I[11:19:52.032] --> textDocument/publishDiagnostics
I[11:19:52.032] --> textDocument/inactiveRegions
I[11:19:52.032] --> reply:textDocument/inlayHint(782) 5 ms
I[11:19:52.032] --> textDocument/clangd.fileStatus
I[11:19:52.201] <-- textDocument/foldingRange(783)
I[11:19:52.201] --> reply:textDocument/foldingRange(783) 0 ms
I[11:19:52.272] <-- textDocument/didChange
I[11:19:52.273] --> textDocument/clangd.fileStatus
I[11:19:52.273] <-- textDocument/completion(784)
I[11:19:52.277] Code complete: sema context Expression, query scopes [] (AnyScope=true), expected type <none>
I[11:19:52.277] Code complete: 0 results from Sema, 1 from Index, 0 matched, 0 from identifiers, 1 returned.
I[11:19:52.277] --> reply:textDocument/completion(784) 4 ms
I[11:19:52.298] <-- textDocument/inlayHint(785)
I[11:19:52.298] Failed to find compilation database for /home/david/Documentos/prueba_OS/RepasoExamen/311.c
I[11:19:52.298] ASTWorker building file /home/david/Documentos/prueba_OS/RepasoExamen/311.c version 23 with command clangd fallback
[/home/david/Documentos/prueba_OS/RepasoExamen]
/usr/bin/clang -resource-dir=/home/david/.vscode-oss/extensions/kylinideteam.kylin-clangd-0.4.0-linux-x64/res/clangd/lib/clang/21 -- /home/david/Documentos/prueba_OS/RepasoExamen/311.c
I[11:19:52.299] --> textDocument/clangd.fileStatus
I[11:19:52.302] --> textDocument/publishDiagnostics
I[11:19:52.302] --> textDocument/inactiveRegions
I[11:19:52.303] --> reply:textDocument/inlayHint(785) 4 ms
I[11:19:52.303] --> textDocument/clangd.fileStatus
I[11:19:52.473] <-- textDocument/foldingRange(786)
I[11:19:52.473] --> reply:textDocument/foldingRange(786) 0 ms
I[11:19:52.556] <-- textDocument/codeAction(787)
I[11:19:52.557] --> reply:textDocument/codeAction(787) 0 ms
I[11:19:52.557] --> textDocument/clangd.fileStatus
I[11:19:52.623] <-- textDocument/documentSymbol(788)
I[11:19:52.623] <-- textDocument/documentSymbol(789)
I[11:19:52.624] --> reply:textDocument/documentSymbol(788) 0 ms
I[11:19:52.624] --> reply:textDocument/documentSymbol(789) 0 ms
I[11:19:52.624] --> textDocument/clangd.fileStatus
I[11:19:53.073] <-- textDocument/inlayHint(790)
I[11:19:53.073] --> reply:textDocument/inlayHint(790) 0 ms
I[11:19:53.073] --> textDocument/clangd.fileStatus
I[11:19:53.209] <-- textDocument/didChange
I[11:19:53.209] --> textDocument/clangd.fileStatus
I[11:19:53.209] <-- textDocument/completion(791)
I[11:19:53.213] Code complete: sema context Expression, query scopes [] (AnyScope=true), expected type <none>
I[11:19:53.213] Code complete: 0 results from Sema, 5 from Index, 0 matched, 0 from identifiers, 5 returned (incomplete).
I[11:19:53.213] --> reply:textDocument/completion(791) 3 ms
I[11:19:53.235] <-- textDocument/inlayHint(792)
I[11:19:53.235] Failed to find compilation database for /home/david/Documentos/prueba_OS/RepasoExamen/311.c
I[11:19:53.235] ASTWorker building file /home/david/Documentos/prueba_OS/RepasoExamen/311.c version 24 with command clangd fallback
[/home/david/Documentos/prueba_OS/RepasoExamen]
/usr/bin/clang -resource-dir=/home/david/.vscode-oss/extensions/kylinideteam.kylin-clangd-0.4.0-linux-x64/res/clangd/lib/clang/21 -- /home/david/Documentos/prueba_OS/RepasoExamen/311.c
I[11:19:53.236] --> textDocument/clangd.fileStatus
I[11:19:53.241] --> textDocument/publishDiagnostics
I[11:19:53.241] --> textDocument/inactiveRegions
I[11:19:53.242] --> reply:textDocument/inlayHint(792) 6 ms
I[11:19:53.242] --> textDocument/clangd.fileStatus
I[11:19:53.410] <-- textDocument/foldingRange(793)
I[11:19:53.410] --> reply:textDocument/foldingRange(793) 0 ms
I[11:19:53.432] <-- textDocument/didChange
I[11:19:53.432] --> textDocument/clangd.fileStatus
I[11:19:53.432] <-- textDocument/completion(794)
I[11:19:53.436] Code complete: sema context Expression, query scopes [] (AnyScope=true), expected type <none>
I[11:19:53.436] Code complete: 2 results from Sema, 100 from Index, 0 matched, 0 from identifiers, 100 returned (incomplete).
I[11:19:53.438] --> reply:textDocument/completion(794) 5 ms
I[11:19:53.458] <-- textDocument/inlayHint(795)
I[11:19:53.458] Failed to find compilation database for /home/david/Documentos/prueba_OS/RepasoExamen/311.c
I[11:19:53.458] ASTWorker building file /home/david/Documentos/prueba_OS/RepasoExamen/311.c version 25 with command clangd fallback
[/home/david/Documentos/prueba_OS/RepasoExamen]
/usr/bin/clang -resource-dir=/home/david/.vscode-oss/extensions/kylinideteam.kylin-clangd-0.4.0-linux-x64/res/clangd/lib/clang/21 -- /home/david/Documentos/prueba_OS/RepasoExamen/311.c
I[11:19:53.459] --> textDocument/clangd.fileStatus
I[11:19:53.463] --> textDocument/publishDiagnostics
I[11:19:53.463] --> textDocument/inactiveRegions
I[11:19:53.463] --> reply:textDocument/inlayHint(795) 5 ms
I[11:19:53.463] --> textDocument/clangd.fileStatus
I[11:19:53.632] <-- textDocument/foldingRange(796)
I[11:19:53.632] --> reply:textDocument/foldingRange(796) 0 ms
I[11:19:53.691] <-- textDocument/didChange
I[11:19:53.692] --> textDocument/clangd.fileStatus
I[11:19:53.718] <-- textDocument/inlayHint(797)
I[11:19:53.718] Failed to find compilation database for /home/david/Documentos/prueba_OS/RepasoExamen/311.c
I[11:19:53.718] ASTWorker building file /home/david/Documentos/prueba_OS/RepasoExamen/311.c version 26 with command clangd fallback
[/home/david/Documentos/prueba_OS/RepasoExamen]
/usr/bin/clang -resource-dir=/home/david/.vscode-oss/extensions/kylinideteam.kylin-clangd-0.4.0-linux-x64/res/clangd/lib/clang/21 -- /home/david/Documentos/prueba_OS/RepasoExamen/311.c
I[11:19:53.719] --> textDocument/clangd.fileStatus
I[11:19:53.723] --> textDocument/publishDiagnostics
I[11:19:53.723] --> textDocument/inactiveRegions
I[11:19:53.724] --> reply:textDocument/inlayHint(797) 5 ms
I[11:19:53.724] --> textDocument/clangd.fileStatus
I[11:19:53.893] <-- textDocument/foldingRange(798)
I[11:19:53.893] --> reply:textDocument/foldingRange(798) 0 ms
I[11:19:53.976] <-- textDocument/codeAction(799)
I[11:19:53.976] --> reply:textDocument/codeAction(799) 0 ms
I[11:19:53.976] --> textDocument/clangd.fileStatus
I[11:19:54.042] <-- textDocument/documentSymbol(800)
I[11:19:54.042] <-- textDocument/documentSymbol(801)
I[11:19:54.043] --> reply:textDocument/documentSymbol(800) 0 ms
I[11:19:54.043] --> reply:textDocument/documentSymbol(801) 0 ms
I[11:19:54.043] --> textDocument/clangd.fileStatus
I[11:19:54.493] <-- textDocument/inlayHint(802)
I[11:19:54.493] --> reply:textDocument/inlayHint(802) 0 ms
I[11:19:54.493] --> textDocument/clangd.fileStatus
I[11:19:54.692] <-- textDocument/documentLink(803)
I[11:19:54.692] --> reply:textDocument/documentLink(803) 0 ms
I[11:19:54.692] --> textDocument/clangd.fileStatus
I[11:19:55.875] <-- textDocument/didChange
I[11:19:55.875] --> textDocument/clangd.fileStatus
I[11:19:55.886] <-- textDocument/completion(804)
I[11:19:55.891] Code complete: sema context Expression, query scopes [] (AnyScope=true), expected type <none>
I[11:19:55.891] Code complete: 1 results from Sema, 100 from Index, 0 matched, 0 from identifiers, 100 returned (incomplete).
I[11:19:55.893] --> reply:textDocument/completion(804) 7 ms
I[11:19:55.908] <-- textDocument/inlayHint(805)
I[11:19:55.908] Failed to find compilation database for /home/david/Documentos/prueba_OS/RepasoExamen/311.c
I[11:19:55.908] ASTWorker building file /home/david/Documentos/prueba_OS/RepasoExamen/311.c version 27 with command clangd fallback
[/home/david/Documentos/prueba_OS/RepasoExamen]
/usr/bin/clang -resource-dir=/home/david/.vscode-oss/extensions/kylinideteam.kylin-clangd-0.4.0-linux-x64/res/clangd/lib/clang/21 -- /home/david/Documentos/prueba_OS/RepasoExamen/311.c
I[11:19:55.909] --> textDocument/clangd.fileStatus
I[11:19:55.913] --> textDocument/publishDiagnostics
I[11:19:55.913] --> textDocument/inactiveRegions
I[11:19:55.913] --> reply:textDocument/inlayHint(805) 5 ms
I[11:19:55.913] --> textDocument/clangd.fileStatus
I[11:19:56.075] <-- textDocument/foldingRange(806)
I[11:19:56.076] --> reply:textDocument/foldingRange(806) 0 ms
I[11:19:56.166] <-- textDocument/codeAction(807)
I[11:19:56.166] --> reply:textDocument/codeAction(807) 0 ms
I[11:19:56.166] --> textDocument/clangd.fileStatus
I[11:19:56.226] <-- textDocument/documentSymbol(808)
I[11:19:56.226] <-- textDocument/documentSymbol(809)
I[11:19:56.226] --> reply:textDocument/documentSymbol(808) 0 ms
I[11:19:56.226] --> reply:textDocument/documentSymbol(809) 0 ms
I[11:19:56.226] --> textDocument/clangd.fileStatus
I[11:19:56.321] <-- textDocument/didChange
I[11:19:56.321] --> textDocument/clangd.fileStatus
I[11:19:56.347] <-- textDocument/inlayHint(810)
I[11:19:56.347] Failed to find compilation database for /home/david/Documentos/prueba_OS/RepasoExamen/311.c
I[11:19:56.348] ASTWorker building file /home/david/Documentos/prueba_OS/RepasoExamen/311.c version 28 with command clangd fallback
[/home/david/Documentos/prueba_OS/RepasoExamen]
/usr/bin/clang -resource-dir=/home/david/.vscode-oss/extensions/kylinideteam.kylin-clangd-0.4.0-linux-x64/res/clangd/lib/clang/21 -- /home/david/Documentos/prueba_OS/RepasoExamen/311.c
I[11:19:56.348] --> textDocument/clangd.fileStatus
I[11:19:56.352] --> textDocument/publishDiagnostics
I[11:19:56.352] --> textDocument/inactiveRegions
I[11:19:56.352] --> reply:textDocument/inlayHint(810) 4 ms
I[11:19:56.352] --> textDocument/clangd.fileStatus
I[11:19:56.522] <-- textDocument/foldingRange(811)
I[11:19:56.522] --> reply:textDocument/foldingRange(811) 0 ms
I[11:19:56.544] <-- textDocument/didChange
I[11:19:56.544] --> textDocument/clangd.fileStatus
I[11:19:56.569] <-- textDocument/inlayHint(812)
I[11:19:56.569] Failed to find compilation database for /home/david/Documentos/prueba_OS/RepasoExamen/311.c
I[11:19:56.570] ASTWorker building file /home/david/Documentos/prueba_OS/RepasoExamen/311.c version 29 with command clangd fallback
[/home/david/Documentos/prueba_OS/RepasoExamen]
/usr/bin/clang -resource-dir=/home/david/.vscode-oss/extensions/kylinideteam.kylin-clangd-0.4.0-linux-x64/res/clangd/lib/clang/21 -- /home/david/Documentos/prueba_OS/RepasoExamen/311.c
I[11:19:56.570] --> textDocument/clangd.fileStatus
I[11:19:56.574] --> textDocument/publishDiagnostics
I[11:19:56.574] --> textDocument/inactiveRegions
I[11:19:56.574] --> reply:textDocument/inlayHint(812) 5 ms
I[11:19:56.575] --> textDocument/clangd.fileStatus
I[11:19:56.744] <-- textDocument/foldingRange(813)
I[11:19:56.745] --> reply:textDocument/foldingRange(813) 0 ms
I[11:19:56.829] <-- textDocument/codeAction(814)
I[11:19:56.829] --> reply:textDocument/codeAction(814) 0 ms
I[11:19:56.829] --> textDocument/clangd.fileStatus
I[11:19:56.894] <-- textDocument/documentSymbol(815)
I[11:19:56.894] --> reply:textDocument/documentSymbol(815) 0 ms
I[11:19:56.894] --> textDocument/clangd.fileStatus
I[11:19:56.894] <-- textDocument/documentSymbol(816)
I[11:19:56.895] --> reply:textDocument/documentSymbol(816) 0 ms
I[11:19:56.895] --> textDocument/clangd.fileStatus
I[11:19:57.190] <-- textDocument/didSave
I[11:19:57.190] File version went from 5 to 5
I[11:19:57.190] File version went from 29 to 29
I[11:19:57.190] File version went from 1 to 1
I[11:19:57.190] File version went from 1 to 1
I[11:19:57.190] File version went from 3 to 3
I[11:19:57.190] --> textDocument/clangd.fileStatus
I[11:19:57.190] --> textDocument/clangd.fileStatus
I[11:19:57.190] --> textDocument/clangd.fileStatus
I[11:19:57.190] --> textDocument/clangd.fileStatus
I[11:19:57.190] --> textDocument/clangd.fileStatus
I[11:19:57.240] Failed to find compilation database for /home/david/Documentos/prueba_OS/RepasoExamen/39.c
I[11:19:57.240] ASTWorker building file /home/david/Documentos/prueba_OS/RepasoExamen/39.c version 5 with command clangd fallback
[/home/david/Documentos/prueba_OS/RepasoExamen]
/usr/bin/clang -resource-dir=/home/david/.vscode-oss/extensions/kylinideteam.kylin-clangd-0.4.0-linux-x64/res/clangd/lib/clang/21 -- /home/david/Documentos/prueba_OS/RepasoExamen/39.c
I[11:19:57.240] Failed to find compilation database for /home/david/Documentos/prueba_OS/RepasoExamen/28.c
I[11:19:57.240] Failed to find compilation database for /home/david/Documentos/prueba_OS/RepasoExamen/311.c
I[11:19:57.240] ASTWorker building file /home/david/Documentos/prueba_OS/RepasoExamen/28.c version 1 with command clangd fallback
[/home/david/Documentos/prueba_OS/RepasoExamen]
/usr/bin/clang -resource-dir=/home/david/.vscode-oss/extensions/kylinideteam.kylin-clangd-0.4.0-linux-x64/res/clangd/lib/clang/21 -- /home/david/Documentos/prueba_OS/RepasoExamen/28.c
I[11:19:57.240] Failed to find compilation database for /home/david/Documentos/prueba_OS/RepasoExamen/35.c
I[11:19:57.240] ASTWorker building file /home/david/Documentos/prueba_OS/RepasoExamen/35.c version 3 with command clangd fallback
[/home/david/Documentos/prueba_OS/RepasoExamen]
/usr/bin/clang -resource-dir=/home/david/.vscode-oss/extensions/kylinideteam.kylin-clangd-0.4.0-linux-x64/res/clangd/lib/clang/21 -- /home/david/Documentos/prueba_OS/RepasoExamen/35.c
I[11:19:57.241] ASTWorker building file /home/david/Documentos/prueba_OS/RepasoExamen/311.c version 29 with command clangd fallback
[/home/david/Documentos/prueba_OS/RepasoExamen]
/usr/bin/clang -resource-dir=/home/david/.vscode-oss/extensions/kylinideteam.kylin-clangd-0.4.0-linux-x64/res/clangd/lib/clang/21 -- /home/david/Documentos/prueba_OS/RepasoExamen/311.c
I[11:19:57.241] Failed to find compilation database for /home/david/Documentos/prueba_OS/RepasoExamen/29.c
I[11:19:57.241] ASTWorker building file /home/david/Documentos/prueba_OS/RepasoExamen/29.c version 1 with command clangd fallback
[/home/david/Documentos/prueba_OS/RepasoExamen]
/usr/bin/clang -resource-dir=/home/david/.vscode-oss/extensions/kylinideteam.kylin-clangd-0.4.0-linux-x64/res/clangd/lib/clang/21 -- /home/david/Documentos/prueba_OS/RepasoExamen/29.c
I[11:19:57.241] --> textDocument/clangd.fileStatus
I[11:19:57.241] --> textDocument/clangd.fileStatus
I[11:19:57.241] --> textDocument/clangd.fileStatus
I[11:19:57.241] --> textDocument/clangd.fileStatus
I[11:19:57.241] --> textDocument/clangd.fileStatus
I[11:19:57.241] --> textDocument/clangd.fileStatus
I[11:19:57.241] --> textDocument/clangd.fileStatus
I[11:19:57.241] --> textDocument/clangd.fileStatus
I[11:19:57.241] --> textDocument/clangd.fileStatus
I[11:19:57.241] --> textDocument/clangd.fileStatus
I[11:19:57.241] --> textDocument/clangd.fileStatus
I[11:19:57.241] --> textDocument/clangd.fileStatus
I[11:19:57.241] --> textDocument/clangd.fileStatus
I[11:19:57.241] --> textDocument/clangd.fileStatus
I[11:19:57.241] --> textDocument/clangd.fileStatus
I[11:19:57.241] --> textDocument/clangd.fileStatus
I[11:19:57.241] --> textDocument/clangd.fileStatus
I[11:19:57.242] --> textDocument/clangd.fileStatus
I[11:19:57.242] --> textDocument/clangd.fileStatus
I[11:19:57.242] --> textDocument/clangd.fileStatus
I[11:19:57.345] <-- textDocument/inlayHint(817)
I[11:19:57.345] --> reply:textDocument/inlayHint(817) 0 ms
I[11:19:57.345] --> textDocument/clangd.fileStatus
I[11:19:57.544] <-- textDocument/documentLink(818)
I[11:19:57.545] --> reply:textDocument/documentLink(818) 0 ms
I[11:19:57.545] --> textDocument/clangd.fileStatus
I[11:19:58.426] <-- textDocument/inlayHint(819)
I[11:19:58.426] --> reply:textDocument/inlayHint(819) 0 ms
I[11:19:58.427] --> textDocument/clangd.fileStatus
I[11:19:58.456] <-- textDocument/inlayHint(820)
I[11:19:58.457] --> reply:textDocument/inlayHint(820) 0 ms
I[11:19:58.457] --> textDocument/clangd.fileStatus
I[11:19:59.480] <-- textDocument/hover(821)
I[11:19:59.481] --> reply:textDocument/hover(821) 0 ms
I[11:19:59.481] --> textDocument/clangd.fileStatus
I[11:19:59.776] <-- textDocument/hover(822)
I[11:19:59.777] --> reply:textDocument/hover(822) 0 ms
I[11:19:59.777] --> textDocument/clangd.fileStatus
I[11:20:00.048] <-- textDocument/hover(823)
I[11:20:00.049] --> reply:textDocument/hover(823) 0 ms
I[11:20:00.049] --> textDocument/clangd.fileStatus
I[11:20:00.494] <-- textDocument/codeAction(824)
I[11:20:00.494] --> reply:textDocument/codeAction(824) 0 ms
I[11:20:00.494] --> textDocument/clangd.fileStatus
I[11:20:00.960] <-- textDocument/hover(825)
I[11:20:00.960] --> reply:textDocument/hover(825) 0 ms
I[11:20:00.960] --> textDocument/clangd.fileStatus
I[11:20:01.272] <-- textDocument/hover(826)
I[11:20:01.272] --> reply:textDocument/hover(826) 0 ms
I[11:20:01.272] --> textDocument/clangd.fileStatus
I[11:20:02.384] <-- textDocument/hover(827)
I[11:20:02.385] --> reply:textDocument/hover(827) 0 ms
I[11:20:02.385] --> textDocument/clangd.fileStatus
I[11:20:03.228] <-- textDocument/inlayHint(828)
I[11:20:03.228] --> reply:textDocument/inlayHint(828) 0 ms
I[11:20:03.228] --> textDocument/clangd.fileStatus
I[11:20:03.289] <-- textDocument/inlayHint(829)
I[11:20:03.290] --> reply:textDocument/inlayHint(829) 0 ms
I[11:20:03.290] --> textDocument/clangd.fileStatus
I[11:20:03.734] <-- textDocument/inlayHint(830)
I[11:20:03.734] --> reply:textDocument/inlayHint(830) 0 ms
I[11:20:03.734] --> textDocument/clangd.fileStatus
I[11:20:04.621] <-- textDocument/documentHighlight(831)
I[11:20:04.621] --> reply:textDocument/documentHighlight(831) 0 ms
I[11:20:04.621] --> textDocument/clangd.fileStatus
I[11:20:04.973] <-- textDocument/codeAction(832)
I[11:20:04.973] --> reply:textDocument/codeAction(832) 0 ms
I[11:20:04.973] --> textDocument/clangd.fileStatus
I[11:20:05.412] <-- textDocument/codeAction(833)
I[11:20:05.412] --> reply:textDocument/codeAction(833) 0 ms
I[11:20:05.412] --> textDocument/clangd.fileStatus
I[11:20:05.472] <-- textDocument/hover(834)
I[11:20:05.472] --> reply:textDocument/hover(834) 0 ms
I[11:20:05.472] --> textDocument/clangd.fileStatus
I[11:20:06.259] <-- textDocument/inlayHint(835)
I[11:20:06.259] --> reply:textDocument/inlayHint(835) 0 ms
I[11:20:06.259] --> textDocument/clangd.fileStatus
I[11:20:06.314] <-- textDocument/inlayHint(836)
I[11:20:06.315] --> reply:textDocument/inlayHint(836) 0 ms
I[11:20:06.315] --> textDocument/clangd.fileStatus
I[11:20:06.360] <-- textDocument/inlayHint(837)
I[11:20:06.360] --> reply:textDocument/inlayHint(837) 0 ms
I[11:20:06.360] --> textDocument/clangd.fileStatus
I[11:20:06.387] <-- textDocument/inlayHint(838)
I[11:20:06.387] --> reply:textDocument/inlayHint(838) 0 ms
I[11:20:06.387] --> textDocument/clangd.fileStatus
I[11:20:09.361] <-- textDocument/hover(839)
I[11:20:09.361] --> reply:textDocument/hover(839) 0 ms
I[11:20:09.361] --> textDocument/clangd.fileStatus
I[11:20:09.676] <-- textDocument/codeAction(840)
I[11:20:09.676] --> reply:textDocument/codeAction(840) 0 ms
I[11:20:09.676] --> textDocument/clangd.fileStatus
I[11:20:09.933] <-- textDocument/documentHighlight(841)
I[11:20:09.933] --> reply:textDocument/documentHighlight(841) 0 ms
I[11:20:09.933] --> textDocument/clangd.fileStatus
I[11:20:10.300] <-- textDocument/codeAction(842)
I[11:20:10.301] --> reply:textDocument/codeAction(842) 0 ms
I[11:20:10.301] --> textDocument/clangd.fileStatus
I[11:20:10.741] <-- textDocument/hover(843)
I[11:20:10.741] --> reply:textDocument/hover(843) 0 ms
I[11:20:10.741] --> textDocument/clangd.fileStatus
I[11:20:11.438] <-- textDocument/codeAction(844)
I[11:20:11.438] --> reply:textDocument/codeAction(844) 0 ms
I[11:20:11.438] --> textDocument/clangd.fileStatus
I[11:20:12.900] <-- textDocument/hover(845)
I[11:20:12.901] --> reply:textDocument/hover(845) 0 ms
I[11:20:12.901] --> textDocument/clangd.fileStatus
I[11:20:13.668] <-- textDocument/codeAction(846)
I[11:20:13.668] --> reply:textDocument/codeAction(846) 0 ms
I[11:20:13.668] --> textDocument/clangd.fileStatus
I[11:20:13.819] <-- textDocument/inlayHint(847)
I[11:20:13.819] --> reply:textDocument/inlayHint(847) 0 ms
I[11:20:13.819] --> textDocument/clangd.fileStatus
I[11:20:13.851] <-- textDocument/inlayHint(848)
I[11:20:13.851] --> reply:textDocument/inlayHint(848) 0 ms
I[11:20:13.851] --> textDocument/clangd.fileStatus
I[11:20:13.878] <-- textDocument/inlayHint(849)
I[11:20:13.878] --> reply:textDocument/inlayHint(849) 0 ms
I[11:20:13.878] --> textDocument/clangd.fileStatus
I[11:20:13.912] <-- textDocument/inlayHint(850)
I[11:20:13.913] --> reply:textDocument/inlayHint(850) 0 ms
I[11:20:13.913] --> textDocument/clangd.fileStatus
I[11:20:14.435] <-- textDocument/inlayHint(851)
I[11:20:14.436] --> reply:textDocument/inlayHint(851) 0 ms
I[11:20:14.436] --> textDocument/clangd.fileStatus
I[11:20:14.499] <-- textDocument/inlayHint(852)
I[11:20:14.499] --> reply:textDocument/inlayHint(852) 0 ms
I[11:20:14.499] --> textDocument/clangd.fileStatus
I[11:20:14.563] <-- textDocument/inlayHint(853)
I[11:20:14.563] --> reply:textDocument/inlayHint(853) 0 ms
I[11:20:14.563] --> textDocument/clangd.fileStatus
I[11:20:15.043] <-- textDocument/inlayHint(854)
I[11:20:15.043] --> reply:textDocument/inlayHint(854) 0 ms
I[11:20:15.043] --> textDocument/clangd.fileStatus
I[11:20:16.121] <-- textDocument/hover(855)
I[11:20:16.121] --> reply:textDocument/hover(855) 0 ms
I[11:20:16.121] --> textDocument/clangd.fileStatus
I[11:20:16.844] <-- textDocument/codeAction(856)
I[11:20:16.844] --> reply:textDocument/codeAction(856) 0 ms
I[11:20:16.844] --> textDocument/clangd.fileStatus
I[11:20:17.539] <-- textDocument/inlayHint(857)
I[11:20:17.540] --> reply:textDocument/inlayHint(857) 0 ms
I[11:20:17.540] --> textDocument/clangd.fileStatus
I[11:20:17.581] <-- textDocument/inlayHint(858)
I[11:20:17.581] --> reply:textDocument/inlayHint(858) 0 ms
I[11:20:17.581] --> textDocument/clangd.fileStatus
I[11:20:17.608] <-- textDocument/inlayHint(859)
I[11:20:17.608] --> reply:textDocument/inlayHint(859) 0 ms
I[11:20:17.608] --> textDocument/clangd.fileStatus
I[11:20:17.683] <-- textDocument/inlayHint(860)
I[11:20:17.684] --> reply:textDocument/inlayHint(860) 0 ms
I[11:20:17.684] --> textDocument/clangd.fileStatus
I[11:20:17.941] <-- textDocument/inlayHint(861)
I[11:20:17.942] --> reply:textDocument/inlayHint(861) 0 ms
I[11:20:17.942] --> textDocument/clangd.fileStatus
I[11:20:17.990] <-- textDocument/inlayHint(862)
I[11:20:17.991] --> reply:textDocument/inlayHint(862) 0 ms
I[11:20:17.991] --> textDocument/clangd.fileStatus
I[11:20:18.532] <-- textDocument/inlayHint(863)
I[11:20:18.532] --> reply:textDocument/inlayHint(863) 0 ms
I[11:20:18.532] --> textDocument/clangd.fileStatus
I[11:20:18.579] <-- textDocument/inlayHint(864)
I[11:20:18.579] --> reply:textDocument/inlayHint(864) 0 ms
I[11:20:18.579] --> textDocument/clangd.fileStatus
I[11:20:18.627] <-- textDocument/inlayHint(865)
I[11:20:18.627] --> reply:textDocument/inlayHint(865) 0 ms
I[11:20:18.627] --> textDocument/clangd.fileStatus
I[11:20:20.109] <-- textDocument/inlayHint(866)
I[11:20:20.109] --> reply:textDocument/inlayHint(866) 0 ms
I[11:20:20.109] --> textDocument/clangd.fileStatus
I[11:20:20.136] <-- textDocument/inlayHint(867)
I[11:20:20.136] --> reply:textDocument/inlayHint(867) 0 ms
I[11:20:20.136] --> textDocument/clangd.fileStatus
I[11:20:20.706] <-- textDocument/hover(868)
I[11:20:20.706] --> reply:textDocument/hover(868) 0 ms
I[11:20:20.707] --> textDocument/clangd.fileStatus
I[11:20:21.204] <-- textDocument/documentHighlight(869)
I[11:20:21.205] --> reply:textDocument/documentHighlight(869) 0 ms
I[11:20:21.205] --> textDocument/clangd.fileStatus
I[11:20:21.316] <-- textDocument/hover(870)
I[11:20:21.317] --> reply:textDocument/hover(870) 0 ms
I[11:20:21.317] --> textDocument/clangd.fileStatus
I[11:20:21.404] <-- textDocument/codeAction(871)
I[11:20:21.404] --> reply:textDocument/codeAction(871) 0 ms
I[11:20:21.404] --> textDocument/clangd.fileStatus
I[11:20:22.276] <-- textDocument/documentHighlight(872)
I[11:20:22.277] --> reply:textDocument/documentHighlight(872) 0 ms
I[11:20:22.277] --> textDocument/clangd.fileStatus
I[11:20:22.476] <-- textDocument/codeAction(873)
I[11:20:22.476] --> reply:textDocument/codeAction(873) 0 ms
I[11:20:22.476] --> textDocument/clangd.fileStatus
I[11:20:23.012] <-- textDocument/codeAction(874)
I[11:20:23.012] --> reply:textDocument/codeAction(874) 0 ms
I[11:20:23.012] --> textDocument/clangd.fileStatus
I[11:20:23.401] <-- textDocument/hover(875)
I[11:20:23.402] --> reply:textDocument/hover(875) 0 ms
I[11:20:23.402] --> textDocument/clangd.fileStatus
I[11:20:23.604] <-- textDocument/documentHighlight(876)
I[11:20:23.604] --> reply:textDocument/documentHighlight(876) 0 ms
I[11:20:23.604] --> textDocument/clangd.fileStatus
I[11:20:23.804] <-- textDocument/codeAction(877)
I[11:20:23.804] --> reply:textDocument/codeAction(877) 0 ms
I[11:20:23.804] --> textDocument/clangd.fileStatus
I[11:20:24.544] <-- textDocument/hover(878)
I[11:20:24.544] --> reply:textDocument/hover(878) 0 ms
I[11:20:24.544] --> textDocument/clangd.fileStatus
I[11:20:24.790] <-- textDocument/hover(879)
I[11:20:24.790] --> reply:textDocument/hover(879) 0 ms
I[11:20:24.790] --> textDocument/clangd.fileStatus
I[11:20:24.965] <-- textDocument/documentHighlight(880)
I[11:20:24.965] --> reply:textDocument/documentHighlight(880) 0 ms
I[11:20:24.965] --> textDocument/clangd.fileStatus
I[11:20:25.164] <-- textDocument/codeAction(881)
I[11:20:25.164] --> reply:textDocument/codeAction(881) 0 ms
I[11:20:25.164] --> textDocument/clangd.fileStatus
I[11:21:31.172] <-- textDocument/documentHighlight(882)
I[11:21:31.173] --> reply:textDocument/documentHighlight(882) 0 ms
I[11:21:31.173] --> textDocument/clangd.fileStatus
I[11:21:46.530] <-- textDocument/hover(883)
I[11:21:46.531] --> reply:textDocument/hover(883) 0 ms
I[11:21:46.531] --> textDocument/clangd.fileStatus
I[11:21:47.857] <-- textDocument/hover(884)
I[11:21:47.857] --> reply:textDocument/hover(884) 0 ms
I[11:21:47.857] --> textDocument/clangd.fileStatus
I[11:21:48.469] <-- textDocument/hover(885)
I[11:21:48.470] --> reply:textDocument/hover(885) 0 ms
I[11:21:48.470] --> textDocument/clangd.fileStatus
I[11:21:48.782] <-- textDocument/hover(886)
I[11:21:48.782] --> reply:textDocument/hover(886) 0 ms
I[11:21:48.782] --> textDocument/clangd.fileStatus
I[11:21:49.771] <-- textDocument/inlayHint(887)
I[11:21:49.771] --> reply:textDocument/inlayHint(887) 0 ms
I[11:21:49.771] --> textDocument/clangd.fileStatus
I[11:21:50.531] <-- textDocument/inlayHint(888)
I[11:21:50.531] --> reply:textDocument/inlayHint(888) 0 ms
I[11:21:50.531] --> textDocument/clangd.fileStatus
I[11:21:50.557] <-- textDocument/inlayHint(889)
I[11:21:50.557] --> reply:textDocument/inlayHint(889) 0 ms
I[11:21:50.557] --> textDocument/clangd.fileStatus
I[11:21:51.031] <-- textDocument/inlayHint(890)
I[11:21:51.031] --> reply:textDocument/inlayHint(890) 0 ms
I[11:21:51.031] --> textDocument/clangd.fileStatus
I[11:21:51.078] <-- textDocument/inlayHint(891)
I[11:21:51.079] --> reply:textDocument/inlayHint(891) 0 ms
I[11:21:51.079] --> textDocument/clangd.fileStatus
I[11:21:54.227] <-- textDocument/inlayHint(892)
I[11:21:54.228] --> reply:textDocument/inlayHint(892) 0 ms
I[11:21:54.228] --> textDocument/clangd.fileStatus
I[11:21:54.283] <-- textDocument/inlayHint(893)
I[11:21:54.283] --> reply:textDocument/inlayHint(893) 0 ms
I[11:21:54.283] --> textDocument/clangd.fileStatus
I[11:21:55.248] <-- textDocument/hover(894)
I[11:21:55.249] --> reply:textDocument/hover(894) 0 ms
I[11:21:55.249] --> textDocument/clangd.fileStatus
I[11:21:55.406] <-- textDocument/documentHighlight(895)
I[11:21:55.406] --> reply:textDocument/documentHighlight(895) 0 ms
I[11:21:55.406] --> textDocument/clangd.fileStatus
I[11:21:55.611] <-- textDocument/documentHighlight(896)
I[11:21:55.611] --> reply:textDocument/documentHighlight(896) 0 ms
I[11:21:55.611] --> textDocument/clangd.fileStatus
I[11:21:55.810] <-- textDocument/codeAction(897)
I[11:21:55.811] --> reply:textDocument/codeAction(897) 0 ms
I[11:21:55.811] --> textDocument/clangd.fileStatus
I[11:21:56.964] <-- textDocument/documentHighlight(898)
I[11:21:56.964] --> reply:textDocument/documentHighlight(898) 0 ms
I[11:21:56.964] --> textDocument/clangd.fileStatus
I[11:21:57.164] <-- textDocument/codeAction(899)
I[11:21:57.164] --> reply:textDocument/codeAction(899) 0 ms
I[11:21:57.164] --> textDocument/clangd.fileStatus
I[11:22:01.822] <-- textDocument/inlayHint(900)
I[11:22:01.822] --> reply:textDocument/inlayHint(900) 0 ms
I[11:22:01.822] --> textDocument/clangd.fileStatus
I[11:22:01.878] <-- textDocument/inlayHint(901)
I[11:22:01.878] --> reply:textDocument/inlayHint(901) 0 ms
I[11:22:01.878] --> textDocument/clangd.fileStatus
I[11:22:02.434] <-- textDocument/hover(902)
I[11:22:02.435] --> reply:textDocument/hover(902) 0 ms
I[11:22:02.435] --> textDocument/clangd.fileStatus
I[11:22:03.214] <-- textDocument/codeAction(903)
I[11:22:03.214] --> reply:textDocument/codeAction(903) 0 ms
I[11:22:03.214] --> textDocument/clangd.fileStatus
I[11:22:10.929] <-- textDocument/hover(904)
I[11:22:10.929] --> reply:textDocument/hover(904) 0 ms
I[11:22:10.929] --> textDocument/clangd.fileStatus
I[11:22:16.066] <-- textDocument/hover(905)
I[11:22:16.066] --> reply:textDocument/hover(905) 0 ms
I[11:22:16.066] --> textDocument/clangd.fileStatus
I[11:22:18.305] <-- textDocument/hover(906)
I[11:22:18.306] --> reply:textDocument/hover(906) 0 ms
I[11:22:18.306] --> textDocument/clangd.fileStatus
I[11:22:56.608] <-- textDocument/codeAction(907)
I[11:22:56.608] --> reply:textDocument/codeAction(907) 0 ms
I[11:22:56.608] --> textDocument/clangd.fileStatus
I[11:22:57.237] <-- textDocument/codeAction(908)
I[11:22:57.237] --> reply:textDocument/codeAction(908) 0 ms
I[11:22:57.237] --> textDocument/clangd.fileStatus
I[11:22:58.332] <-- textDocument/codeAction(909)
I[11:22:58.333] --> reply:textDocument/codeAction(909) 0 ms
I[11:22:58.333] --> textDocument/clangd.fileStatus
I[11:23:00.180] <-- textDocument/didChange
I[11:23:00.180] --> textDocument/clangd.fileStatus
I[11:23:00.207] <-- textDocument/inlayHint(910)
I[11:23:00.207] Failed to find compilation database for /home/david/Documentos/prueba_OS/RepasoExamen/311.c
I[11:23:00.207] ASTWorker building file /home/david/Documentos/prueba_OS/RepasoExamen/311.c version 30 with command clangd fallback
[/home/david/Documentos/prueba_OS/RepasoExamen]
/usr/bin/clang -resource-dir=/home/david/.vscode-oss/extensions/kylinideteam.kylin-clangd-0.4.0-linux-x64/res/clangd/lib/clang/21 -- /home/david/Documentos/prueba_OS/RepasoExamen/311.c
I[11:23:00.208] --> textDocument/clangd.fileStatus
I[11:23:00.211] --> textDocument/publishDiagnostics
I[11:23:00.211] --> textDocument/inactiveRegions
I[11:23:00.211] --> reply:textDocument/inlayHint(910) 4 ms
I[11:23:00.211] --> textDocument/clangd.fileStatus
I[11:23:00.382] <-- textDocument/foldingRange(911)
I[11:23:00.382] --> reply:textDocument/foldingRange(911) 0 ms
I[11:23:00.432] <-- textDocument/codeAction(912)
I[11:23:00.432] --> reply:textDocument/codeAction(912) 0 ms
I[11:23:00.432] --> textDocument/clangd.fileStatus
I[11:23:00.532] <-- textDocument/documentSymbol(913)
I[11:23:00.532] <-- textDocument/documentSymbol(914)
I[11:23:00.532] --> reply:textDocument/documentSymbol(913) 0 ms
I[11:23:00.532] --> reply:textDocument/documentSymbol(914) 0 ms
I[11:23:00.532] --> textDocument/clangd.fileStatus
I[11:23:00.982] <-- textDocument/inlayHint(915)
I[11:23:00.983] --> reply:textDocument/inlayHint(915) 0 ms
I[11:23:00.983] --> textDocument/clangd.fileStatus
I[11:23:01.182] <-- textDocument/documentLink(916)
I[11:23:01.183] --> reply:textDocument/documentLink(916) 0 ms
I[11:23:01.183] --> textDocument/clangd.fileStatus
I[11:23:03.229] <-- textDocument/hover(917)
I[11:23:03.230] --> reply:textDocument/hover(917) 0 ms
I[11:23:03.230] --> textDocument/clangd.fileStatus
I[11:23:07.769] <-- textDocument/hover(918)
I[11:23:07.769] --> reply:textDocument/hover(918) 0 ms
I[11:23:07.769] --> textDocument/clangd.fileStatus
I[11:23:07.953] <-- textDocument/hover(919)
I[11:23:07.953] --> reply:textDocument/hover(919) 0 ms
I[11:23:07.953] --> textDocument/clangd.fileStatus
I[11:23:08.045] <-- textDocument/documentHighlight(920)
I[11:23:08.046] --> reply:textDocument/documentHighlight(920) 0 ms
I[11:23:08.046] --> textDocument/clangd.fileStatus
I[11:23:08.245] <-- textDocument/codeAction(921)
I[11:23:08.246] --> reply:textDocument/codeAction(921) 0 ms
I[11:23:08.246] --> textDocument/clangd.fileStatus
I[11:23:10.794] <-- textDocument/hover(922)
I[11:23:10.794] --> reply:textDocument/hover(922) 0 ms
I[11:23:10.794] --> textDocument/clangd.fileStatus
I[11:23:11.304] <-- textDocument/hover(923)
I[11:23:11.305] --> reply:textDocument/hover(923) 0 ms
I[11:23:11.305] --> textDocument/clangd.fileStatus
I[11:23:12.102] <-- textDocument/hover(924)
I[11:23:12.102] --> reply:textDocument/hover(924) 0 ms
I[11:23:12.102] --> textDocument/clangd.fileStatus
I[11:23:12.412] <-- textDocument/hover(925)
I[11:23:12.412] --> reply:textDocument/hover(925) 0 ms
I[11:23:12.412] --> textDocument/clangd.fileStatus
I[11:23:13.169] <-- textDocument/hover(926)
I[11:23:13.169] --> reply:textDocument/hover(926) 0 ms
I[11:23:13.169] --> textDocument/clangd.fileStatus
I[11:23:13.637] <-- textDocument/documentHighlight(927)
I[11:23:13.637] --> reply:textDocument/documentHighlight(927) 0 ms
I[11:23:13.638] --> textDocument/clangd.fileStatus
I[11:23:13.837] <-- textDocument/codeAction(928)
I[11:23:13.837] --> reply:textDocument/codeAction(928) 0 ms
I[11:23:13.837] --> textDocument/clangd.fileStatus
I[11:23:14.341] <-- textDocument/codeAction(929)
I[11:23:14.342] --> reply:textDocument/codeAction(929) 0 ms
I[11:23:14.342] --> textDocument/clangd.fileStatus
I[11:23:14.829] <-- textDocument/documentHighlight(930)
I[11:23:14.829] --> reply:textDocument/documentHighlight(930) 0 ms
I[11:23:14.829] --> textDocument/clangd.fileStatus
I[11:23:15.029] <-- textDocument/codeAction(931)
I[11:23:15.029] --> reply:textDocument/codeAction(931) 0 ms
I[11:23:15.029] --> textDocument/clangd.fileStatus
I[11:23:22.126] <-- textDocument/hover(932)
I[11:23:22.126] --> reply:textDocument/hover(932) 0 ms
I[11:23:22.126] --> textDocument/clangd.fileStatus
I[11:23:23.452] <-- textDocument/inlayHint(933)
I[11:23:23.452] --> reply:textDocument/inlayHint(933) 0 ms
I[11:23:23.453] --> textDocument/clangd.fileStatus
I[11:23:23.491] <-- textDocument/inlayHint(934)
I[11:23:23.491] --> reply:textDocument/inlayHint(934) 0 ms
I[11:23:23.491] --> textDocument/clangd.fileStatus
I[11:23:24.439] <-- textDocument/inlayHint(935)
I[11:23:24.440] --> reply:textDocument/inlayHint(935) 0 ms
I[11:23:24.440] --> textDocument/clangd.fileStatus
I[11:23:24.515] <-- textDocument/inlayHint(936)
I[11:23:24.516] --> reply:textDocument/inlayHint(936) 0 ms
I[11:23:24.516] --> textDocument/clangd.fileStatus
I[11:23:24.938] <-- textDocument/hover(937)
I[11:23:24.938] --> reply:textDocument/hover(937) 0 ms
I[11:23:24.938] --> textDocument/clangd.fileStatus
I[11:23:25.282] <-- textDocument/hover(938)
I[11:23:25.282] --> reply:textDocument/hover(938) 0 ms
I[11:23:25.282] --> textDocument/clangd.fileStatus
I[11:23:25.489] <-- textDocument/hover(939)
I[11:23:25.489] --> reply:textDocument/hover(939) 0 ms
I[11:23:25.489] --> textDocument/clangd.fileStatus
I[11:23:25.557] <-- textDocument/documentHighlight(940)
I[11:23:25.558] --> reply:textDocument/documentHighlight(940) 0 ms
I[11:23:25.558] --> textDocument/clangd.fileStatus
I[11:23:25.757] <-- textDocument/codeAction(941)
I[11:23:25.757] --> reply:textDocument/codeAction(941) 0 ms
I[11:23:25.757] --> textDocument/clangd.fileStatus
I[11:23:25.920] <-- textDocument/hover(942)
I[11:23:25.921] --> reply:textDocument/hover(942) 0 ms
I[11:23:25.921] --> textDocument/clangd.fileStatus
I[11:23:26.120] <-- textDocument/hover(943)
I[11:23:26.121] --> reply:textDocument/hover(943) 0 ms
I[11:23:26.121] --> textDocument/clangd.fileStatus
I[11:23:26.362] <-- textDocument/hover(944)
I[11:23:26.362] --> reply:textDocument/hover(944) 0 ms
I[11:23:26.362] --> textDocument/clangd.fileStatus
I[11:23:26.687] <-- textDocument/didChange
I[11:23:26.687] --> textDocument/clangd.fileStatus
I[11:23:26.689] <-- textDocument/completion(945)
I[11:23:26.689] --> reply:textDocument/completion(945) 0 ms
I[11:23:26.713] <-- textDocument/inlayHint(946)
I[11:23:26.713] Failed to find compilation database for /home/david/Documentos/prueba_OS/RepasoExamen/311.c
I[11:23:26.713] ASTWorker building file /home/david/Documentos/prueba_OS/RepasoExamen/311.c version 31 with command clangd fallback
[/home/david/Documentos/prueba_OS/RepasoExamen]
/usr/bin/clang -resource-dir=/home/david/.vscode-oss/extensions/kylinideteam.kylin-clangd-0.4.0-linux-x64/res/clangd/lib/clang/21 -- /home/david/Documentos/prueba_OS/RepasoExamen/311.c
I[11:23:26.714] --> textDocument/clangd.fileStatus
I[11:23:26.718] --> textDocument/publishDiagnostics
I[11:23:26.718] --> textDocument/inactiveRegions
I[11:23:26.718] --> reply:textDocument/inlayHint(946) 5 ms
I[11:23:26.719] --> textDocument/clangd.fileStatus
I[11:23:26.886] <-- textDocument/didChange
I[11:23:26.886] --> textDocument/clangd.fileStatus
I[11:23:26.886] <-- textDocument/completion(947)
I[11:23:26.886] --> reply:textDocument/completion(947) 0 ms
I[11:23:26.911] <-- textDocument/inlayHint(948)
I[11:23:26.911] Failed to find compilation database for /home/david/Documentos/prueba_OS/RepasoExamen/311.c
I[11:23:26.911] ASTWorker building file /home/david/Documentos/prueba_OS/RepasoExamen/311.c version 32 with command clangd fallback
[/home/david/Documentos/prueba_OS/RepasoExamen]
/usr/bin/clang -resource-dir=/home/david/.vscode-oss/extensions/kylinideteam.kylin-clangd-0.4.0-linux-x64/res/clangd/lib/clang/21 -- /home/david/Documentos/prueba_OS/RepasoExamen/311.c
I[11:23:26.912] --> textDocument/clangd.fileStatus
I[11:23:26.917] --> textDocument/publishDiagnostics
I[11:23:26.917] --> textDocument/inactiveRegions
I[11:23:26.917] --> reply:textDocument/inlayHint(948) 6 ms
I[11:23:26.917] --> textDocument/clangd.fileStatus
I[11:23:27.086] <-- textDocument/foldingRange(949)
I[11:23:27.086] --> reply:textDocument/foldingRange(949) 0 ms
I[11:23:27.172] <-- textDocument/codeAction(950)
I[11:23:27.172] --> reply:textDocument/codeAction(950) 0 ms
I[11:23:27.172] --> textDocument/clangd.fileStatus
I[11:23:27.209] <-- textDocument/hover(951)
I[11:23:27.210] --> reply:textDocument/hover(951) 0 ms
I[11:23:27.210] --> textDocument/clangd.fileStatus
I[11:23:27.236] <-- textDocument/documentSymbol(952)
I[11:23:27.236] <-- textDocument/documentSymbol(953)
I[11:23:27.236] --> reply:textDocument/documentSymbol(952) 0 ms
I[11:23:27.236] --> reply:textDocument/documentSymbol(953) 0 ms
I[11:23:27.236] --> textDocument/clangd.fileStatus
I[11:23:27.244] <-- textDocument/inlayHint(954)
I[11:23:27.245] --> reply:textDocument/inlayHint(954) 0 ms
I[11:23:27.245] --> textDocument/clangd.fileStatus
I[11:23:27.299] <-- textDocument/inlayHint(955)
I[11:23:27.300] --> reply:textDocument/inlayHint(955) 0 ms
I[11:23:27.300] --> textDocument/clangd.fileStatus
I[11:23:27.364] <-- textDocument/inlayHint(956)
I[11:23:27.364] --> reply:textDocument/inlayHint(956) 0 ms
I[11:23:27.364] --> textDocument/clangd.fileStatus
I[11:23:27.686] <-- textDocument/inlayHint(957)
I[11:23:27.687] --> reply:textDocument/inlayHint(957) 0 ms
I[11:23:27.687] --> textDocument/clangd.fileStatus
I[11:23:27.886] <-- textDocument/documentLink(958)
I[11:23:27.886] --> reply:textDocument/documentLink(958) 0 ms
I[11:23:27.886] --> textDocument/clangd.fileStatus
I[11:23:28.098] <-- textDocument/hover(959)
I[11:23:28.098] --> reply:textDocument/hover(959) 0 ms
I[11:23:28.098] --> textDocument/clangd.fileStatus
I[11:23:28.385] <-- textDocument/hover(960)
I[11:23:28.385] --> reply:textDocument/hover(960) 0 ms
I[11:23:28.385] --> textDocument/clangd.fileStatus
I[11:23:28.564] <-- textDocument/didChange
I[11:23:28.564] --> textDocument/clangd.fileStatus
I[11:23:28.565] <-- textDocument/completion(961)
I[11:23:28.565] --> reply:textDocument/completion(961) 0 ms
I[11:23:28.589] <-- textDocument/inlayHint(962)
I[11:23:28.590] Failed to find compilation database for /home/david/Documentos/prueba_OS/RepasoExamen/311.c
I[11:23:28.590] ASTWorker building file /home/david/Documentos/prueba_OS/RepasoExamen/311.c version 33 with command clangd fallback
[/home/david/Documentos/prueba_OS/RepasoExamen]
/usr/bin/clang -resource-dir=/home/david/.vscode-oss/extensions/kylinideteam.kylin-clangd-0.4.0-linux-x64/res/clangd/lib/clang/21 -- /home/david/Documentos/prueba_OS/RepasoExamen/311.c
I[11:23:28.591] --> textDocument/clangd.fileStatus
I[11:23:28.594] --> textDocument/publishDiagnostics
I[11:23:28.594] --> textDocument/inactiveRegions
I[11:23:28.594] --> reply:textDocument/inlayHint(962) 4 ms
I[11:23:28.594] --> textDocument/clangd.fileStatus
I[11:23:28.703] <-- textDocument/didChange
I[11:23:28.703] --> textDocument/clangd.fileStatus
I[11:23:28.703] <-- textDocument/completion(963)
I[11:23:28.703] --> reply:textDocument/completion(963) 0 ms
I[11:23:28.728] <-- textDocument/inlayHint(964)
I[11:23:28.728] Failed to find compilation database for /home/david/Documentos/prueba_OS/RepasoExamen/311.c
I[11:23:28.728] ASTWorker building file /home/david/Documentos/prueba_OS/RepasoExamen/311.c version 34 with command clangd fallback
[/home/david/Documentos/prueba_OS/RepasoExamen]
/usr/bin/clang -resource-dir=/home/david/.vscode-oss/extensions/kylinideteam.kylin-clangd-0.4.0-linux-x64/res/clangd/lib/clang/21 -- /home/david/Documentos/prueba_OS/RepasoExamen/311.c
I[11:23:28.729] --> textDocument/clangd.fileStatus
I[11:23:28.733] --> textDocument/publishDiagnostics
I[11:23:28.733] --> textDocument/inactiveRegions
I[11:23:28.733] --> reply:textDocument/inlayHint(964) 4 ms
I[11:23:28.733] --> textDocument/clangd.fileStatus
I[11:23:28.903] <-- textDocument/foldingRange(965)
I[11:23:28.904] --> reply:textDocument/foldingRange(965) 0 ms
I[11:23:28.985] <-- textDocument/codeAction(966)
I[11:23:28.985] --> reply:textDocument/codeAction(966) 0 ms
I[11:23:28.985] --> textDocument/clangd.fileStatus
I[11:23:29.053] <-- textDocument/documentSymbol(967)
I[11:23:29.053] <-- textDocument/documentSymbol(968)
I[11:23:29.053] --> reply:textDocument/documentSymbol(967) 0 ms
I[11:23:29.053] --> reply:textDocument/documentSymbol(968) 0 ms
I[11:23:29.053] --> textDocument/clangd.fileStatus
I[11:23:29.503] <-- textDocument/inlayHint(969)
I[11:23:29.503] --> reply:textDocument/inlayHint(969) 0 ms
I[11:23:29.503] --> textDocument/clangd.fileStatus
I[11:23:29.703] <-- textDocument/documentLink(970)
I[11:23:29.703] --> reply:textDocument/documentLink(970) 0 ms
I[11:23:29.703] --> textDocument/clangd.fileStatus
I[11:23:29.826] <-- textDocument/didSave
I[11:23:29.826] File version went from 5 to 5
I[11:23:29.826] File version went from 34 to 34
I[11:23:29.826] File version went from 1 to 1
I[11:23:29.826] File version went from 1 to 1
I[11:23:29.826] File version went from 3 to 3
I[11:23:29.826] --> textDocument/clangd.fileStatus
I[11:23:29.826] --> textDocument/clangd.fileStatus
I[11:23:29.826] --> textDocument/clangd.fileStatus
I[11:23:29.826] --> textDocument/clangd.fileStatus
I[11:23:29.826] --> textDocument/clangd.fileStatus
I[11:23:29.876] Failed to find compilation database for /home/david/Documentos/prueba_OS/RepasoExamen/35.c
I[11:23:29.876] ASTWorker building file /home/david/Documentos/prueba_OS/RepasoExamen/35.c version 3 with command clangd fallback
[/home/david/Documentos/prueba_OS/RepasoExamen]
/usr/bin/clang -resource-dir=/home/david/.vscode-oss/extensions/kylinideteam.kylin-clangd-0.4.0-linux-x64/res/clangd/lib/clang/21 -- /home/david/Documentos/prueba_OS/RepasoExamen/35.c
I[11:23:29.876] Failed to find compilation database for /home/david/Documentos/prueba_OS/RepasoExamen/311.c
I[11:23:29.876] Failed to find compilation database for /home/david/Documentos/prueba_OS/RepasoExamen/39.c
I[11:23:29.876] ASTWorker building file /home/david/Documentos/prueba_OS/RepasoExamen/311.c version 34 with command clangd fallback
[/home/david/Documentos/prueba_OS/RepasoExamen]
/usr/bin/clang -resource-dir=/home/david/.vscode-oss/extensions/kylinideteam.kylin-clangd-0.4.0-linux-x64/res/clangd/lib/clang/21 -- /home/david/Documentos/prueba_OS/RepasoExamen/311.c
I[11:23:29.876] Failed to find compilation database for /home/david/Documentos/prueba_OS/RepasoExamen/28.c
I[11:23:29.876] ASTWorker building file /home/david/Documentos/prueba_OS/RepasoExamen/39.c version 5 with command clangd fallback
[/home/david/Documentos/prueba_OS/RepasoExamen]
/usr/bin/clang -resource-dir=/home/david/.vscode-oss/extensions/kylinideteam.kylin-clangd-0.4.0-linux-x64/res/clangd/lib/clang/21 -- /home/david/Documentos/prueba_OS/RepasoExamen/39.c
I[11:23:29.876] Failed to find compilation database for /home/david/Documentos/prueba_OS/RepasoExamen/29.c
I[11:23:29.876] ASTWorker building file /home/david/Documentos/prueba_OS/RepasoExamen/28.c version 1 with command clangd fallback
[/home/david/Documentos/prueba_OS/RepasoExamen]
/usr/bin/clang -resource-dir=/home/david/.vscode-oss/extensions/kylinideteam.kylin-clangd-0.4.0-linux-x64/res/clangd/lib/clang/21 -- /home/david/Documentos/prueba_OS/RepasoExamen/28.c
I[11:23:29.877] ASTWorker building file /home/david/Documentos/prueba_OS/RepasoExamen/29.c version 1 with command clangd fallback
[/home/david/Documentos/prueba_OS/RepasoExamen]
/usr/bin/clang -resource-dir=/home/david/.vscode-oss/extensions/kylinideteam.kylin-clangd-0.4.0-linux-x64/res/clangd/lib/clang/21 -- /home/david/Documentos/prueba_OS/RepasoExamen/29.c
I[11:23:29.877] --> textDocument/clangd.fileStatus
I[11:23:29.877] --> textDocument/clangd.fileStatus
I[11:23:29.877] --> textDocument/clangd.fileStatus
I[11:23:29.877] --> textDocument/clangd.fileStatus
I[11:23:29.877] --> textDocument/clangd.fileStatus
I[11:23:29.877] --> textDocument/clangd.fileStatus
I[11:23:29.877] --> textDocument/clangd.fileStatus
I[11:23:29.877] --> textDocument/clangd.fileStatus
I[11:23:29.877] --> textDocument/clangd.fileStatus
I[11:23:29.877] --> textDocument/clangd.fileStatus
I[11:23:29.877] --> textDocument/clangd.fileStatus
I[11:23:29.877] --> textDocument/clangd.fileStatus
I[11:23:29.877] --> textDocument/clangd.fileStatus
I[11:23:29.877] --> textDocument/clangd.fileStatus
I[11:23:29.877] --> textDocument/clangd.fileStatus
I[11:23:29.877] --> textDocument/clangd.fileStatus
I[11:23:29.877] --> textDocument/clangd.fileStatus
I[11:23:29.877] --> textDocument/clangd.fileStatus
I[11:23:29.877] --> textDocument/clangd.fileStatus
I[11:23:29.877] --> textDocument/clangd.fileStatus
I[11:23:33.415] <-- textDocument/codeAction(971)
I[11:23:33.415] --> reply:textDocument/codeAction(971) 0 ms
I[11:23:33.415] --> textDocument/clangd.fileStatus
I[11:24:18.539] <-- textDocument/codeAction(972)
I[11:24:18.539] --> reply:textDocument/codeAction(972) 0 ms
I[11:24:18.539] --> textDocument/clangd.fileStatus
I[11:24:18.560] <-- textDocument/documentLink(973)
I[11:24:18.560] --> reply:textDocument/documentLink(973) 0 ms
I[11:24:18.560] --> textDocument/clangd.fileStatus
I[11:24:18.569] <-- textDocument/inlayHint(974)
I[11:24:18.569] --> reply:textDocument/inlayHint(974) 0 ms
I[11:24:18.569] --> textDocument/clangd.fileStatus
I[11:24:18.734] <-- textDocument/foldingRange(975)
I[11:24:18.734] --> reply:textDocument/foldingRange(975) 0 ms
I[11:24:18.791] <-- textDocument/codeAction(976)
I[11:24:18.791] --> reply:textDocument/codeAction(976) 0 ms
I[11:24:18.791] --> textDocument/clangd.fileStatus
I[11:24:18.835] <-- textDocument/documentSymbol(977)
I[11:24:18.835] --> reply:textDocument/documentSymbol(977) 0 ms
I[11:24:18.835] --> textDocument/clangd.fileStatus
I[11:24:19.583] <-- textDocument/hover(978)
I[11:24:19.583] --> reply:textDocument/hover(978) 0 ms
I[11:24:19.583] --> textDocument/clangd.fileStatus
I[11:24:20.028] <-- textDocument/documentHighlight(979)
I[11:24:20.028] --> reply:textDocument/documentHighlight(979) 0 ms
I[11:24:20.028] --> textDocument/clangd.fileStatus
I[11:24:20.117] <-- textDocument/documentHighlight(980)
I[11:24:20.117] --> reply:textDocument/documentHighlight(980) 0 ms
I[11:24:20.117] --> textDocument/clangd.fileStatus
I[11:24:20.317] <-- textDocument/codeAction(981)
I[11:24:20.317] --> reply:textDocument/codeAction(981) 0 ms
I[11:24:20.317] --> textDocument/clangd.fileStatus
I[11:24:21.115] <-- textDocument/documentHighlight(982)
I[11:24:21.115] --> reply:textDocument/documentHighlight(982) 0 ms
I[11:24:21.115] --> textDocument/clangd.fileStatus
I[11:24:21.315] <-- textDocument/codeAction(983)
I[11:24:21.315] --> reply:textDocument/codeAction(983) 0 ms
I[11:24:21.315] --> textDocument/clangd.fileStatus
I[11:24:21.433] <-- textDocument/didChange
I[11:24:21.433] --> textDocument/clangd.fileStatus
I[11:24:21.460] <-- textDocument/inlayHint(984)
I[11:24:21.460] Failed to find compilation database for /home/david/Documentos/prueba_OS/RepasoExamen/311.c
I[11:24:21.460] ASTWorker building file /home/david/Documentos/prueba_OS/RepasoExamen/311.c version 35 with command clangd fallback
[/home/david/Documentos/prueba_OS/RepasoExamen]
/usr/bin/clang -resource-dir=/home/david/.vscode-oss/extensions/kylinideteam.kylin-clangd-0.4.0-linux-x64/res/clangd/lib/clang/21 -- /home/david/Documentos/prueba_OS/RepasoExamen/311.c
I[11:24:21.461] --> textDocument/clangd.fileStatus
I[11:24:21.465] --> textDocument/publishDiagnostics
I[11:24:21.465] --> textDocument/inactiveRegions
I[11:24:21.465] --> reply:textDocument/inlayHint(984) 5 ms
I[11:24:21.465] --> textDocument/clangd.fileStatus
I[11:24:21.635] <-- textDocument/foldingRange(985)
I[11:24:21.635] --> reply:textDocument/foldingRange(985) 0 ms
I[11:24:21.685] <-- textDocument/codeAction(986)
I[11:24:21.685] --> reply:textDocument/codeAction(986) 0 ms
I[11:24:21.685] --> textDocument/clangd.fileStatus
I[11:24:21.785] <-- textDocument/documentSymbol(987)
I[11:24:21.785] <-- textDocument/documentSymbol(988)
I[11:24:21.785] --> reply:textDocument/documentSymbol(987) 0 ms
I[11:24:21.785] --> reply:textDocument/documentSymbol(988) 0 ms
I[11:24:21.785] --> textDocument/clangd.fileStatus
I[11:24:21.786] <-- textDocument/didChange
I[11:24:21.786] --> textDocument/clangd.fileStatus
I[11:24:21.812] <-- textDocument/inlayHint(989)
I[11:24:21.812] Failed to find compilation database for /home/david/Documentos/prueba_OS/RepasoExamen/311.c
I[11:24:21.812] ASTWorker building file /home/david/Documentos/prueba_OS/RepasoExamen/311.c version 36 with command clangd fallback
[/home/david/Documentos/prueba_OS/RepasoExamen]
/usr/bin/clang -resource-dir=/home/david/.vscode-oss/extensions/kylinideteam.kylin-clangd-0.4.0-linux-x64/res/clangd/lib/clang/21 -- /home/david/Documentos/prueba_OS/RepasoExamen/311.c
I[11:24:21.813] --> textDocument/clangd.fileStatus
I[11:24:21.817] --> textDocument/publishDiagnostics
I[11:24:21.817] --> textDocument/inactiveRegions
I[11:24:21.817] --> reply:textDocument/inlayHint(989) 5 ms
I[11:24:21.817] --> textDocument/clangd.fileStatus
I[11:24:21.987] <-- textDocument/foldingRange(990)
I[11:24:21.987] --> reply:textDocument/foldingRange(990) 0 ms
I[11:24:22.065] <-- textDocument/didChange
I[11:24:22.066] --> textDocument/clangd.fileStatus
I[11:24:22.091] <-- textDocument/inlayHint(991)
I[11:24:22.091] Failed to find compilation database for /home/david/Documentos/prueba_OS/RepasoExamen/311.c
I[11:24:22.092] ASTWorker building file /home/david/Documentos/prueba_OS/RepasoExamen/311.c version 37 with command clangd fallback
[/home/david/Documentos/prueba_OS/RepasoExamen]
/usr/bin/clang -resource-dir=/home/david/.vscode-oss/extensions/kylinideteam.kylin-clangd-0.4.0-linux-x64/res/clangd/lib/clang/21 -- /home/david/Documentos/prueba_OS/RepasoExamen/311.c
I[11:24:22.092] --> textDocument/clangd.fileStatus
I[11:24:22.097] --> textDocument/publishDiagnostics
I[11:24:22.097] --> textDocument/inactiveRegions
I[11:24:22.097] --> reply:textDocument/inlayHint(991) 5 ms
I[11:24:22.097] --> textDocument/clangd.fileStatus
I[11:24:22.266] <-- textDocument/foldingRange(992)
I[11:24:22.266] --> reply:textDocument/foldingRange(992) 0 ms
I[11:24:22.350] <-- textDocument/codeAction(993)
I[11:24:22.350] --> reply:textDocument/codeAction(993) 0 ms
I[11:24:22.350] --> textDocument/clangd.fileStatus
I[11:24:22.416] <-- textDocument/documentSymbol(994)
I[11:24:22.416] <-- textDocument/documentSymbol(995)
I[11:24:22.416] --> reply:textDocument/documentSymbol(994) 0 ms
I[11:24:22.416] --> reply:textDocument/documentSymbol(995) 0 ms
I[11:24:22.416] --> textDocument/clangd.fileStatus
I[11:24:22.866] <-- textDocument/inlayHint(996)
I[11:24:22.866] --> reply:textDocument/inlayHint(996) 0 ms
I[11:24:22.866] --> textDocument/clangd.fileStatus
I[11:24:23.066] <-- textDocument/documentLink(997)
I[11:24:23.066] --> reply:textDocument/documentLink(997) 0 ms
I[11:24:23.066] --> textDocument/clangd.fileStatus
I[11:24:24.570] <-- textDocument/hover(998)
I[11:24:24.571] --> reply:textDocument/hover(998) 0 ms
I[11:24:24.571] --> textDocument/clangd.fileStatus
I[11:24:24.656] <-- textDocument/definition(999)
I[11:24:24.656] --> reply:textDocument/definition(999) 0 ms
I[11:24:24.656] --> textDocument/clangd.fileStatus
I[11:24:24.839] <-- textDocument/didSave
I[11:24:24.839] File version went from 5 to 5
I[11:24:24.840] File version went from 37 to 37
I[11:24:24.840] File version went from 1 to 1
I[11:24:24.840] File version went from 1 to 1
I[11:24:24.840] --> textDocument/clangd.fileStatus
I[11:24:24.840] --> textDocument/clangd.fileStatus
I[11:24:24.840] File version went from 3 to 3
I[11:24:24.840] --> textDocument/clangd.fileStatus
I[11:24:24.840] --> textDocument/clangd.fileStatus
I[11:24:24.840] --> textDocument/clangd.fileStatus
I[11:24:24.890] Failed to find compilation database for /home/david/Documentos/prueba_OS/RepasoExamen/39.c
I[11:24:24.890] Failed to find compilation database for /home/david/Documentos/prueba_OS/RepasoExamen/29.c
I[11:24:24.890] ASTWorker building file /home/david/Documentos/prueba_OS/RepasoExamen/39.c version 5 with command clangd fallback
[/home/david/Documentos/prueba_OS/RepasoExamen]
/usr/bin/clang -resource-dir=/home/david/.vscode-oss/extensions/kylinideteam.kylin-clangd-0.4.0-linux-x64/res/clangd/lib/clang/21 -- /home/david/Documentos/prueba_OS/RepasoExamen/39.c
I[11:24:24.890] ASTWorker building file /home/david/Documentos/prueba_OS/RepasoExamen/29.c version 1 with command clangd fallback
[/home/david/Documentos/prueba_OS/RepasoExamen]
/usr/bin/clang -resource-dir=/home/david/.vscode-oss/extensions/kylinideteam.kylin-clangd-0.4.0-linux-x64/res/clangd/lib/clang/21 -- /home/david/Documentos/prueba_OS/RepasoExamen/29.c
I[11:24:24.890] Failed to find compilation database for /home/david/Documentos/prueba_OS/RepasoExamen/35.c
I[11:24:24.890] ASTWorker building file /home/david/Documentos/prueba_OS/RepasoExamen/35.c version 3 with command clangd fallback
[/home/david/Documentos/prueba_OS/RepasoExamen]
/usr/bin/clang -resource-dir=/home/david/.vscode-oss/extensions/kylinideteam.kylin-clangd-0.4.0-linux-x64/res/clangd/lib/clang/21 -- /home/david/Documentos/prueba_OS/RepasoExamen/35.c
I[11:24:24.890] Failed to find compilation database for /home/david/Documentos/prueba_OS/RepasoExamen/311.c
I[11:24:24.890] Failed to find compilation database for /home/david/Documentos/prueba_OS/RepasoExamen/28.c
I[11:24:24.890] ASTWorker building file /home/david/Documentos/prueba_OS/RepasoExamen/311.c version 37 with command clangd fallback
[/home/david/Documentos/prueba_OS/RepasoExamen]
/usr/bin/clang -resource-dir=/home/david/.vscode-oss/extensions/kylinideteam.kylin-clangd-0.4.0-linux-x64/res/clangd/lib/clang/21 -- /home/david/Documentos/prueba_OS/RepasoExamen/311.c
I[11:24:24.890] ASTWorker building file /home/david/Documentos/prueba_OS/RepasoExamen/28.c version 1 with command clangd fallback
[/home/david/Documentos/prueba_OS/RepasoExamen]
/usr/bin/clang -resource-dir=/home/david/.vscode-oss/extensions/kylinideteam.kylin-clangd-0.4.0-linux-x64/res/clangd/lib/clang/21 -- /home/david/Documentos/prueba_OS/RepasoExamen/28.c
I[11:24:24.890] --> textDocument/clangd.fileStatus
I[11:24:24.890] --> textDocument/clangd.fileStatus
I[11:24:24.890] --> textDocument/clangd.fileStatus
I[11:24:24.890] --> textDocument/clangd.fileStatus
I[11:24:24.890] --> textDocument/clangd.fileStatus
I[11:24:24.890] --> textDocument/clangd.fileStatus
I[11:24:24.890] --> textDocument/clangd.fileStatus
I[11:24:24.890] --> textDocument/clangd.fileStatus
I[11:24:24.890] --> textDocument/clangd.fileStatus
I[11:24:24.891] --> textDocument/clangd.fileStatus
I[11:24:24.891] --> textDocument/clangd.fileStatus
I[11:24:24.891] --> textDocument/clangd.fileStatus
I[11:24:24.891] --> textDocument/clangd.fileStatus
I[11:24:24.891] --> textDocument/clangd.fileStatus
I[11:24:24.891] --> textDocument/clangd.fileStatus
I[11:24:24.891] --> textDocument/clangd.fileStatus
I[11:24:24.891] --> textDocument/clangd.fileStatus
I[11:24:24.891] --> textDocument/clangd.fileStatus
I[11:24:24.891] --> textDocument/clangd.fileStatus
I[11:24:24.891] --> textDocument/clangd.fileStatus
I[11:24:25.993] <-- textDocument/hover(1000)
I[11:24:25.993] --> reply:textDocument/hover(1000) 0 ms
I[11:24:25.993] --> textDocument/clangd.fileStatus
I[11:24:26.077] <-- textDocument/documentHighlight(1001)
I[11:24:26.077] --> reply:textDocument/documentHighlight(1001) 0 ms
I[11:24:26.078] --> textDocument/clangd.fileStatus
I[11:24:26.269] <-- textDocument/documentHighlight(1002)
I[11:24:26.269] --> reply:textDocument/documentHighlight(1002) 0 ms
I[11:24:26.269] --> textDocument/clangd.fileStatus
I[11:24:26.469] <-- textDocument/codeAction(1003)
I[11:24:26.469] --> reply:textDocument/codeAction(1003) 0 ms
I[11:24:26.469] --> textDocument/clangd.fileStatus
I[11:24:26.909] <-- textDocument/inlayHint(1004)
I[11:24:26.910] --> reply:textDocument/inlayHint(1004) 0 ms
I[11:24:26.910] --> textDocument/clangd.fileStatus
I[11:24:26.996] <-- textDocument/inlayHint(1005)
I[11:24:26.996] --> reply:textDocument/inlayHint(1005) 0 ms
I[11:24:26.996] --> textDocument/clangd.fileStatus
I[11:24:28.161] <-- textDocument/hover(1006)
I[11:24:28.161] --> reply:textDocument/hover(1006) 0 ms
I[11:24:28.161] --> textDocument/clangd.fileStatus
I[11:24:28.365] <-- textDocument/documentHighlight(1007)
I[11:24:28.366] --> reply:textDocument/documentHighlight(1007) 0 ms
I[11:24:28.366] --> textDocument/clangd.fileStatus
I[11:24:28.565] <-- textDocument/codeAction(1008)
I[11:24:28.565] --> reply:textDocument/codeAction(1008) 0 ms
I[11:24:28.565] --> textDocument/clangd.fileStatus
I[11:24:29.642] <-- textDocument/documentHighlight(1009)
I[11:24:29.642] --> reply:textDocument/documentHighlight(1009) 0 ms
I[11:24:29.642] --> textDocument/clangd.fileStatus
I[11:24:29.842] <-- textDocument/codeAction(1010)
I[11:24:29.842] --> reply:textDocument/codeAction(1010) 0 ms
I[11:24:29.842] --> textDocument/clangd.fileStatus
I[11:24:29.879] <-- textDocument/didChange
I[11:24:29.879] --> textDocument/clangd.fileStatus
I[11:24:29.905] <-- textDocument/inlayHint(1011)
I[11:24:29.905] Failed to find compilation database for /home/david/Documentos/prueba_OS/RepasoExamen/311.c
I[11:24:29.905] ASTWorker building file /home/david/Documentos/prueba_OS/RepasoExamen/311.c version 38 with command clangd fallback
[/home/david/Documentos/prueba_OS/RepasoExamen]
/usr/bin/clang -resource-dir=/home/david/.vscode-oss/extensions/kylinideteam.kylin-clangd-0.4.0-linux-x64/res/clangd/lib/clang/21 -- /home/david/Documentos/prueba_OS/RepasoExamen/311.c
I[11:24:29.907] --> textDocument/clangd.fileStatus
I[11:24:29.911] --> textDocument/publishDiagnostics
I[11:24:29.911] --> textDocument/inactiveRegions
I[11:24:29.912] --> reply:textDocument/inlayHint(1011) 6 ms
I[11:24:29.912] --> textDocument/clangd.fileStatus
I[11:24:30.080] <-- textDocument/foldingRange(1012)
I[11:24:30.080] --> reply:textDocument/foldingRange(1012) 0 ms
I[11:24:30.146] <-- textDocument/didChange
I[11:24:30.146] --> textDocument/clangd.fileStatus
I[11:24:30.172] <-- textDocument/inlayHint(1013)
I[11:24:30.172] Failed to find compilation database for /home/david/Documentos/prueba_OS/RepasoExamen/311.c
I[11:24:30.172] ASTWorker building file /home/david/Documentos/prueba_OS/RepasoExamen/311.c version 39 with command clangd fallback
[/home/david/Documentos/prueba_OS/RepasoExamen]
/usr/bin/clang -resource-dir=/home/david/.vscode-oss/extensions/kylinideteam.kylin-clangd-0.4.0-linux-x64/res/clangd/lib/clang/21 -- /home/david/Documentos/prueba_OS/RepasoExamen/311.c
I[11:24:30.173] --> textDocument/clangd.fileStatus
I[11:24:30.178] --> textDocument/publishDiagnostics
I[11:24:30.178] --> textDocument/inactiveRegions
I[11:24:30.178] --> reply:textDocument/inlayHint(1013) 6 ms
I[11:24:30.178] --> textDocument/clangd.fileStatus
I[11:24:30.346] <-- textDocument/foldingRange(1014)
I[11:24:30.347] --> reply:textDocument/foldingRange(1014) 0 ms
I[11:24:30.430] <-- textDocument/codeAction(1015)
I[11:24:30.430] --> reply:textDocument/codeAction(1015) 0 ms
I[11:24:30.430] --> textDocument/clangd.fileStatus
I[11:24:30.497] <-- textDocument/documentSymbol(1016)
I[11:24:30.497] <-- textDocument/documentSymbol(1017)
I[11:24:30.497] --> reply:textDocument/documentSymbol(1016) 0 ms
I[11:24:30.497] --> reply:textDocument/documentSymbol(1017) 0 ms
I[11:24:30.497] --> textDocument/clangd.fileStatus
I[11:24:30.738] <-- textDocument/didSave
I[11:24:30.738] File version went from 5 to 5
I[11:24:30.738] File version went from 39 to 39
I[11:24:30.738] File version went from 1 to 1
I[11:24:30.738] File version went from 1 to 1
I[11:24:30.738] File version went from 3 to 3
I[11:24:30.738] --> textDocument/clangd.fileStatus
I[11:24:30.738] --> textDocument/clangd.fileStatus
I[11:24:30.738] --> textDocument/clangd.fileStatus
I[11:24:30.738] --> textDocument/clangd.fileStatus
I[11:24:30.738] --> textDocument/clangd.fileStatus
I[11:24:30.788] Failed to find compilation database for /home/david/Documentos/prueba_OS/RepasoExamen/311.c
I[11:24:30.788] ASTWorker building file /home/david/Documentos/prueba_OS/RepasoExamen/311.c version 39 with command clangd fallback
[/home/david/Documentos/prueba_OS/RepasoExamen]
/usr/bin/clang -resource-dir=/home/david/.vscode-oss/extensions/kylinideteam.kylin-clangd-0.4.0-linux-x64/res/clangd/lib/clang/21 -- /home/david/Documentos/prueba_OS/RepasoExamen/311.c
I[11:24:30.788] Failed to find compilation database for /home/david/Documentos/prueba_OS/RepasoExamen/29.c
I[11:24:30.788] Failed to find compilation database for /home/david/Documentos/prueba_OS/RepasoExamen/39.c
I[11:24:30.788] Failed to find compilation database for /home/david/Documentos/prueba_OS/RepasoExamen/35.c
I[11:24:30.788] ASTWorker building file /home/david/Documentos/prueba_OS/RepasoExamen/29.c version 1 with command clangd fallback
[/home/david/Documentos/prueba_OS/RepasoExamen]
/usr/bin/clang -resource-dir=/home/david/.vscode-oss/extensions/kylinideteam.kylin-clangd-0.4.0-linux-x64/res/clangd/lib/clang/21 -- /home/david/Documentos/prueba_OS/RepasoExamen/29.c
I[11:24:30.788] ASTWorker building file /home/david/Documentos/prueba_OS/RepasoExamen/39.c version 5 with command clangd fallback
[/home/david/Documentos/prueba_OS/RepasoExamen]
/usr/bin/clang -resource-dir=/home/david/.vscode-oss/extensions/kylinideteam.kylin-clangd-0.4.0-linux-x64/res/clangd/lib/clang/21 -- /home/david/Documentos/prueba_OS/RepasoExamen/39.c
I[11:24:30.788] Failed to find compilation database for /home/david/Documentos/prueba_OS/RepasoExamen/28.c
I[11:24:30.788] ASTWorker building file /home/david/Documentos/prueba_OS/RepasoExamen/35.c version 3 with command clangd fallback
[/home/david/Documentos/prueba_OS/RepasoExamen]
/usr/bin/clang -resource-dir=/home/david/.vscode-oss/extensions/kylinideteam.kylin-clangd-0.4.0-linux-x64/res/clangd/lib/clang/21 -- /home/david/Documentos/prueba_OS/RepasoExamen/35.c
I[11:24:30.788] ASTWorker building file /home/david/Documentos/prueba_OS/RepasoExamen/28.c version 1 with command clangd fallback
[/home/david/Documentos/prueba_OS/RepasoExamen]
/usr/bin/clang -resource-dir=/home/david/.vscode-oss/extensions/kylinideteam.kylin-clangd-0.4.0-linux-x64/res/clangd/lib/clang/21 -- /home/david/Documentos/prueba_OS/RepasoExamen/28.c
I[11:24:30.789] --> textDocument/clangd.fileStatus
I[11:24:30.789] --> textDocument/clangd.fileStatus
I[11:24:30.789] --> textDocument/clangd.fileStatus
I[11:24:30.789] --> textDocument/clangd.fileStatus
I[11:24:30.789] --> textDocument/clangd.fileStatus
I[11:24:30.789] --> textDocument/clangd.fileStatus
I[11:24:30.789] --> textDocument/clangd.fileStatus
I[11:24:30.789] --> textDocument/clangd.fileStatus
I[11:24:30.789] --> textDocument/clangd.fileStatus
I[11:24:30.789] --> textDocument/clangd.fileStatus
I[11:24:30.789] --> textDocument/clangd.fileStatus
I[11:24:30.789] --> textDocument/clangd.fileStatus
I[11:24:30.789] --> textDocument/clangd.fileStatus
I[11:24:30.789] --> textDocument/clangd.fileStatus
I[11:24:30.789] --> textDocument/clangd.fileStatus
I[11:24:30.789] --> textDocument/clangd.fileStatus
I[11:24:30.789] --> textDocument/clangd.fileStatus
I[11:24:30.789] --> textDocument/clangd.fileStatus
I[11:24:30.789] --> textDocument/clangd.fileStatus
I[11:24:30.789] --> textDocument/clangd.fileStatus
I[11:24:30.947] <-- textDocument/inlayHint(1018)
I[11:24:30.947] --> reply:textDocument/inlayHint(1018) 0 ms
I[11:24:30.947] --> textDocument/clangd.fileStatus
I[11:24:31.147] <-- textDocument/documentLink(1019)
I[11:24:31.147] --> reply:textDocument/documentLink(1019) 0 ms
I[11:24:31.147] --> textDocument/clangd.fileStatus
I[11:24:31.804] <-- textDocument/inlayHint(1020)
I[11:24:31.804] --> reply:textDocument/inlayHint(1020) 0 ms
I[11:24:31.805] --> textDocument/clangd.fileStatus
I[11:24:31.867] <-- textDocument/inlayHint(1021)
I[11:24:31.867] --> reply:textDocument/inlayHint(1021) 0 ms
I[11:24:31.867] --> textDocument/clangd.fileStatus
I[11:24:32.404] <-- textDocument/inlayHint(1022)
I[11:24:32.404] --> reply:textDocument/inlayHint(1022) 0 ms
I[11:24:32.404] --> textDocument/clangd.fileStatus
I[11:24:32.979] <-- textDocument/inlayHint(1023)
I[11:24:32.979] --> reply:textDocument/inlayHint(1023) 0 ms
I[11:24:32.980] --> textDocument/clangd.fileStatus
I[11:24:33.059] <-- textDocument/inlayHint(1024)
I[11:24:33.059] --> reply:textDocument/inlayHint(1024) 0 ms
I[11:24:33.059] --> textDocument/clangd.fileStatus
I[11:24:33.348] <-- textDocument/inlayHint(1025)
I[11:24:33.348] --> reply:textDocument/inlayHint(1025) 0 ms
I[11:24:33.348] --> textDocument/clangd.fileStatus
I[11:24:33.427] <-- textDocument/inlayHint(1026)
I[11:24:33.427] --> reply:textDocument/inlayHint(1026) 0 ms
I[11:24:33.428] --> textDocument/clangd.fileStatus
I[11:25:05.737] <-- textDocument/hover(1027)
I[11:25:05.738] --> reply:textDocument/hover(1027) 0 ms
I[11:25:05.738] --> textDocument/clangd.fileStatus
I[11:25:05.857] <-- textDocument/documentHighlight(1028)
I[11:25:05.857] --> reply:textDocument/documentHighlight(1028) 0 ms
I[11:25:05.857] --> textDocument/clangd.fileStatus
I[11:25:06.056] <-- textDocument/codeAction(1029)
I[11:25:06.056] --> reply:textDocument/codeAction(1029) 0 ms
I[11:25:06.056] --> textDocument/clangd.fileStatus
I[11:25:10.678] <-- textDocument/codeAction(1030)
I[11:25:10.678] --> reply:textDocument/codeAction(1030) 0 ms
I[11:25:10.678] --> textDocument/clangd.fileStatus
I[11:25:12.400] <-- textDocument/didSave
I[11:25:12.400] File version went from 5 to 5
I[11:25:12.400] File version went from 39 to 39
I[11:25:12.400] File version went from 1 to 1
I[11:25:12.400] File version went from 1 to 1
I[11:25:12.400] --> textDocument/clangd.fileStatus
I[11:25:12.400] File version went from 3 to 3
I[11:25:12.400] --> textDocument/clangd.fileStatus
I[11:25:12.400] --> textDocument/clangd.fileStatus
I[11:25:12.400] --> textDocument/clangd.fileStatus
I[11:25:12.400] --> textDocument/clangd.fileStatus
I[11:25:12.450] Failed to find compilation database for /home/david/Documentos/prueba_OS/RepasoExamen/39.c
I[11:25:12.450] Failed to find compilation database for /home/david/Documentos/prueba_OS/RepasoExamen/311.c
I[11:25:12.450] ASTWorker building file /home/david/Documentos/prueba_OS/RepasoExamen/39.c version 5 with command clangd fallback
[/home/david/Documentos/prueba_OS/RepasoExamen]
/usr/bin/clang -resource-dir=/home/david/.vscode-oss/extensions/kylinideteam.kylin-clangd-0.4.0-linux-x64/res/clangd/lib/clang/21 -- /home/david/Documentos/prueba_OS/RepasoExamen/39.c
I[11:25:12.450] Failed to find compilation database for /home/david/Documentos/prueba_OS/RepasoExamen/35.c
I[11:25:12.450] ASTWorker building file /home/david/Documentos/prueba_OS/RepasoExamen/311.c version 39 with command clangd fallback
[/home/david/Documentos/prueba_OS/RepasoExamen]
/usr/bin/clang -resource-dir=/home/david/.vscode-oss/extensions/kylinideteam.kylin-clangd-0.4.0-linux-x64/res/clangd/lib/clang/21 -- /home/david/Documentos/prueba_OS/RepasoExamen/311.c
I[11:25:12.451] Failed to find compilation database for /home/david/Documentos/prueba_OS/RepasoExamen/28.c
I[11:25:12.451] ASTWorker building file /home/david/Documentos/prueba_OS/RepasoExamen/35.c version 3 with command clangd fallback
[/home/david/Documentos/prueba_OS/RepasoExamen]
/usr/bin/clang -resource-dir=/home/david/.vscode-oss/extensions/kylinideteam.kylin-clangd-0.4.0-linux-x64/res/clangd/lib/clang/21 -- /home/david/Documentos/prueba_OS/RepasoExamen/35.c
I[11:25:12.451] Failed to find compilation database for /home/david/Documentos/prueba_OS/RepasoExamen/29.c
I[11:25:12.451] ASTWorker building file /home/david/Documentos/prueba_OS/RepasoExamen/29.c version 1 with command clangd fallback
[/home/david/Documentos/prueba_OS/RepasoExamen]
/usr/bin/clang -resource-dir=/home/david/.vscode-oss/extensions/kylinideteam.kylin-clangd-0.4.0-linux-x64/res/clangd/lib/clang/21 -- /home/david/Documentos/prueba_OS/RepasoExamen/29.c
I[11:25:12.451] ASTWorker building file /home/david/Documentos/prueba_OS/RepasoExamen/28.c version 1 with command clangd fallback
[/home/david/Documentos/prueba_OS/RepasoExamen]
/usr/bin/clang -resource-dir=/home/david/.vscode-oss/extensions/kylinideteam.kylin-clangd-0.4.0-linux-x64/res/clangd/lib/clang/21 -- /home/david/Documentos/prueba_OS/RepasoExamen/28.c
I[11:25:12.451] --> textDocument/clangd.fileStatus
I[11:25:12.451] --> textDocument/clangd.fileStatus
I[11:25:12.451] --> textDocument/clangd.fileStatus
I[11:25:12.451] --> textDocument/clangd.fileStatus
I[11:25:12.451] --> textDocument/clangd.fileStatus
I[11:25:12.451] --> textDocument/clangd.fileStatus
I[11:25:12.451] --> textDocument/clangd.fileStatus
I[11:25:12.451] --> textDocument/clangd.fileStatus
I[11:25:12.451] --> textDocument/clangd.fileStatus
I[11:25:12.451] --> textDocument/clangd.fileStatus
I[11:25:12.451] --> textDocument/clangd.fileStatus
I[11:25:12.451] --> textDocument/clangd.fileStatus
I[11:25:12.451] --> textDocument/clangd.fileStatus
I[11:25:12.451] --> textDocument/clangd.fileStatus
I[11:25:12.451] --> textDocument/clangd.fileStatus
I[11:25:12.451] --> textDocument/clangd.fileStatus
I[11:25:12.451] --> textDocument/clangd.fileStatus
I[11:25:12.451] --> textDocument/clangd.fileStatus
I[11:25:12.451] --> textDocument/clangd.fileStatus
I[11:25:12.451] --> textDocument/clangd.fileStatus
I[11:25:14.178] <-- textDocument/hover(1031)
I[11:25:14.178] --> reply:textDocument/hover(1031) 0 ms
I[11:25:14.178] --> textDocument/clangd.fileStatus
I[11:25:15.117] <-- textDocument/codeAction(1032)
I[11:25:15.117] --> reply:textDocument/codeAction(1032) 0 ms
I[11:25:15.117] --> textDocument/clangd.fileStatus
I[11:26:31.955] <-- textDocument/hover(1033)
I[11:26:31.956] --> reply:textDocument/hover(1033) 1 ms
I[11:26:31.956] --> textDocument/clangd.fileStatus
I[11:26:32.413] <-- textDocument/codeAction(1034)
I[11:26:32.413] --> reply:textDocument/codeAction(1034) 0 ms
I[11:26:32.413] --> textDocument/clangd.fileStatus
I[11:26:32.582] <-- textDocument/documentHighlight(1035)
I[11:26:32.582] --> reply:textDocument/documentHighlight(1035) 0 ms
I[11:26:32.582] --> textDocument/clangd.fileStatus
I[11:26:32.773] <-- textDocument/documentHighlight(1036)
I[11:26:32.773] --> reply:textDocument/documentHighlight(1036) 0 ms
I[11:26:32.773] --> textDocument/clangd.fileStatus
I[11:26:32.973] <-- textDocument/codeAction(1037)
I[11:26:32.973] --> reply:textDocument/codeAction(1037) 0 ms
I[11:26:32.973] --> textDocument/clangd.fileStatus
I[11:37:54.609] <-- textDocument/documentHighlight(1038)
I[11:37:54.609] --> reply:textDocument/documentHighlight(1038) 0 ms
I[11:37:54.609] --> textDocument/clangd.fileStatus
I[11:38:31.392] <-- textDocument/documentHighlight(1039)
I[11:38:31.393] --> reply:textDocument/documentHighlight(1039) 0 ms
I[11:38:31.393] --> textDocument/clangd.fileStatus
I[11:40:28.512] <-- textDocument/documentHighlight(1040)
I[11:40:28.513] --> reply:textDocument/documentHighlight(1040) 0 ms
I[11:40:28.513] --> textDocument/clangd.fileStatus
I[11:45:59.523] <-- textDocument/documentHighlight(1041)
I[11:45:59.523] --> reply:textDocument/documentHighlight(1041) 0 ms
I[11:45:59.523] --> textDocument/clangd.fileStatus
I[11:46:00.836] <-- textDocument/codeAction(1042)
I[11:46:00.842] --> reply:textDocument/codeAction(1042) 5 ms
I[11:46:00.842] --> textDocument/clangd.fileStatus
I[11:46:00.888] <-- textDocument/documentLink(1043)
I[11:46:00.888] --> reply:textDocument/documentLink(1043) 0 ms
I[11:46:00.888] --> textDocument/clangd.fileStatus
I[11:46:00.901] <-- textDocument/inlayHint(1044)
I[11:46:00.901] --> reply:textDocument/inlayHint(1044) 0 ms
I[11:46:00.901] --> textDocument/clangd.fileStatus
I[11:46:00.952] <-- textDocument/documentHighlight(1045)
I[11:46:00.952] --> reply:textDocument/documentHighlight(1045) 0 ms
I[11:46:00.952] --> textDocument/clangd.fileStatus
I[11:46:01.029] <-- textDocument/foldingRange(1046)
I[11:46:01.030] --> reply:textDocument/foldingRange(1046) 0 ms
I[11:46:01.091] <-- textDocument/codeAction(1047)
I[11:46:01.091] --> reply:textDocument/codeAction(1047) 0 ms
I[11:46:01.091] --> textDocument/clangd.fileStatus
I[11:46:01.131] <-- textDocument/documentSymbol(1048)
I[11:46:01.131] --> reply:textDocument/documentSymbol(1048) 0 ms
I[11:46:01.131] --> textDocument/clangd.fileStatus
I[11:46:01.271] <-- textDocument/inlayHint(1049)
I[11:46:01.272] --> reply:textDocument/inlayHint(1049) 0 ms
I[11:46:01.272] --> textDocument/clangd.fileStatus
I[11:46:02.865] <-- textDocument/codeAction(1050)
I[11:46:02.865] --> reply:textDocument/codeAction(1050) 0 ms
I[11:46:02.865] --> textDocument/clangd.fileStatus
I[11:46:02.893] <-- textDocument/documentLink(1051)
I[11:46:02.894] --> reply:textDocument/documentLink(1051) 0 ms
I[11:46:02.894] --> textDocument/clangd.fileStatus
I[11:46:02.903] <-- textDocument/inlayHint(1052)
I[11:46:02.903] --> reply:textDocument/inlayHint(1052) 0 ms
I[11:46:02.903] --> textDocument/clangd.fileStatus
I[11:46:02.947] <-- textDocument/documentHighlight(1053)
I[11:46:02.947] --> reply:textDocument/documentHighlight(1053) 0 ms
I[11:46:02.947] --> textDocument/clangd.fileStatus
I[11:46:03.065] <-- textDocument/foldingRange(1054)
I[11:46:03.065] --> reply:textDocument/foldingRange(1054) 0 ms
I[11:46:03.116] <-- textDocument/codeAction(1055)
I[11:46:03.116] --> reply:textDocument/codeAction(1055) 0 ms
I[11:46:03.116] --> textDocument/clangd.fileStatus
I[11:46:03.160] <-- textDocument/documentSymbol(1056)
I[11:46:03.160] --> reply:textDocument/documentSymbol(1056) 0 ms
I[11:46:03.160] --> textDocument/clangd.fileStatus
I[11:46:03.300] <-- textDocument/inlayHint(1057)
I[11:46:03.300] --> reply:textDocument/inlayHint(1057) 0 ms
I[11:46:03.300] --> textDocument/clangd.fileStatus
I[11:46:03.636] <-- textDocument/codeAction(1058)
I[11:46:03.642] --> reply:textDocument/codeAction(1058) 6 ms
I[11:46:03.642] --> textDocument/clangd.fileStatus
I[11:46:03.661] <-- textDocument/documentLink(1059)
I[11:46:03.661] <-- textDocument/inlayHint(1060)
I[11:46:03.662] --> reply:textDocument/documentLink(1059) 0 ms
I[11:46:03.662] --> reply:textDocument/inlayHint(1060) 0 ms
I[11:46:03.662] --> textDocument/clangd.fileStatus
I[11:46:03.831] <-- textDocument/foldingRange(1061)
I[11:46:03.831] --> reply:textDocument/foldingRange(1061) 0 ms
I[11:46:03.888] <-- textDocument/codeAction(1062)
I[11:46:03.888] --> reply:textDocument/codeAction(1062) 0 ms
I[11:46:03.888] --> textDocument/clangd.fileStatus
I[11:46:03.932] <-- textDocument/documentSymbol(1063)
I[11:46:03.932] --> reply:textDocument/documentSymbol(1063) 0 ms
I[11:46:03.933] --> textDocument/clangd.fileStatus
I[11:46:04.290] <-- textDocument/codeAction(1064)
I[11:46:04.295] --> reply:textDocument/codeAction(1064) 4 ms
I[11:46:04.295] --> textDocument/clangd.fileStatus
I[11:46:04.319] <-- textDocument/documentLink(1065)
I[11:46:04.319] --> reply:textDocument/documentLink(1065) 0 ms
I[11:46:04.319] --> textDocument/clangd.fileStatus
I[11:46:04.329] <-- textDocument/inlayHint(1066)
I[11:46:04.329] --> reply:textDocument/inlayHint(1066) 0 ms
I[11:46:04.329] --> textDocument/clangd.fileStatus
I[11:46:04.485] <-- textDocument/foldingRange(1067)
I[11:46:04.485] --> reply:textDocument/foldingRange(1067) 0 ms
I[11:46:04.542] <-- textDocument/codeAction(1068)
I[11:46:04.542] --> reply:textDocument/codeAction(1068) 0 ms
I[11:46:04.542] --> textDocument/clangd.fileStatus
I[11:46:04.586] <-- textDocument/documentSymbol(1069)
I[11:46:04.586] --> reply:textDocument/documentSymbol(1069) 0 ms
I[11:46:04.586] --> textDocument/clangd.fileStatus
I[11:46:06.353] <-- textDocument/codeAction(1070)
I[11:46:06.353] --> reply:textDocument/codeAction(1070) 0 ms
I[11:46:06.353] --> textDocument/clangd.fileStatus
I[11:46:07.629] <-- textDocument/codeAction(1071)
I[11:46:07.634] --> reply:textDocument/codeAction(1071) 5 ms
I[11:46:07.635] --> textDocument/clangd.fileStatus
I[11:46:07.659] <-- textDocument/documentLink(1072)
I[11:46:07.659] --> reply:textDocument/documentLink(1072) 0 ms
I[11:46:07.659] --> textDocument/clangd.fileStatus
I[11:46:07.673] <-- textDocument/inlayHint(1073)
I[11:46:07.673] --> reply:textDocument/inlayHint(1073) 0 ms
I[11:46:07.673] --> textDocument/clangd.fileStatus
I[11:46:07.823] <-- textDocument/foldingRange(1074)
I[11:46:07.824] --> reply:textDocument/foldingRange(1074) 0 ms
I[11:46:07.880] <-- textDocument/codeAction(1075)
I[11:46:07.880] --> reply:textDocument/codeAction(1075) 0 ms
I[11:46:07.880] --> textDocument/clangd.fileStatus
I[11:46:07.924] <-- textDocument/documentSymbol(1076)
I[11:46:07.925] --> reply:textDocument/documentSymbol(1076) 0 ms
I[11:46:07.925] --> textDocument/clangd.fileStatus
I[11:46:08.574] <-- textDocument/codeAction(1077)
I[11:46:08.578] --> reply:textDocument/codeAction(1077) 4 ms
I[11:46:08.578] --> textDocument/clangd.fileStatus
I[11:46:08.600] <-- textDocument/documentLink(1078)
I[11:46:08.601] --> reply:textDocument/documentLink(1078) 0 ms
I[11:46:08.601] --> textDocument/clangd.fileStatus
I[11:46:08.611] <-- textDocument/inlayHint(1079)
I[11:46:08.611] --> reply:textDocument/inlayHint(1079) 0 ms
I[11:46:08.611] --> textDocument/clangd.fileStatus
I[11:46:08.658] <-- textDocument/documentHighlight(1080)
I[11:46:08.658] --> reply:textDocument/documentHighlight(1080) 0 ms
I[11:46:08.658] --> textDocument/clangd.fileStatus
I[11:46:08.765] <-- textDocument/foldingRange(1081)
I[11:46:08.765] --> reply:textDocument/foldingRange(1081) 0 ms
I[11:46:08.826] <-- textDocument/codeAction(1082)
I[11:46:08.826] --> reply:textDocument/codeAction(1082) 0 ms
I[11:46:08.826] --> textDocument/clangd.fileStatus
I[11:46:08.867] <-- textDocument/documentSymbol(1083)
I[11:46:08.867] --> reply:textDocument/documentSymbol(1083) 0 ms
I[11:46:08.867] --> textDocument/clangd.fileStatus
I[11:46:09.149] <-- textDocument/inlayHint(1084)
I[11:46:09.149] --> reply:textDocument/inlayHint(1084) 0 ms
I[11:46:09.149] --> textDocument/clangd.fileStatus
I[11:46:09.183] <-- textDocument/inlayHint(1085)
I[11:46:09.183] --> reply:textDocument/inlayHint(1085) 0 ms
I[11:46:09.183] --> textDocument/clangd.fileStatus
I[11:46:09.356] <-- textDocument/inlayHint(1086)
I[11:46:09.357] --> reply:textDocument/inlayHint(1086) 0 ms
I[11:46:09.357] --> textDocument/clangd.fileStatus
I[11:46:09.453] <-- textDocument/inlayHint(1087)
I[11:46:09.453] --> reply:textDocument/inlayHint(1087) 0 ms
I[11:46:09.454] --> textDocument/clangd.fileStatus
I[11:46:09.917] <-- textDocument/inlayHint(1088)
I[11:46:09.917] --> reply:textDocument/inlayHint(1088) 0 ms
I[11:46:09.917] --> textDocument/clangd.fileStatus
I[11:46:10.343] <-- textDocument/inlayHint(1089)
I[11:46:10.343] --> reply:textDocument/inlayHint(1089) 0 ms
I[11:46:10.344] --> textDocument/clangd.fileStatus
I[11:46:10.376] <-- textDocument/inlayHint(1090)
I[11:46:10.376] --> reply:textDocument/inlayHint(1090) 0 ms
I[11:46:10.376] --> textDocument/clangd.fileStatus
I[11:46:10.577] <-- textDocument/inlayHint(1091)
I[11:46:10.577] --> reply:textDocument/inlayHint(1091) 0 ms
I[11:46:10.577] --> textDocument/clangd.fileStatus
I[11:46:10.605] <-- textDocument/inlayHint(1092)
I[11:46:10.605] --> reply:textDocument/inlayHint(1092) 0 ms
I[11:46:10.605] --> textDocument/clangd.fileStatus
I[11:46:10.960] <-- textDocument/inlayHint(1093)
I[11:46:10.960] --> reply:textDocument/inlayHint(1093) 0 ms
I[11:46:10.960] --> textDocument/clangd.fileStatus
I[11:46:10.994] <-- textDocument/inlayHint(1094)
I[11:46:10.994] --> reply:textDocument/inlayHint(1094) 0 ms
I[11:46:10.995] --> textDocument/clangd.fileStatus
I[11:46:11.257] <-- textDocument/inlayHint(1095)
I[11:46:11.257] --> reply:textDocument/inlayHint(1095) 0 ms
I[11:46:11.257] --> textDocument/clangd.fileStatus
I[11:46:11.298] <-- textDocument/inlayHint(1096)
I[11:46:11.299] --> reply:textDocument/inlayHint(1096) 0 ms
I[11:46:11.299] --> textDocument/clangd.fileStatus
I[11:46:11.544] <-- textDocument/inlayHint(1097)
I[11:46:11.544] --> reply:textDocument/inlayHint(1097) 0 ms
I[11:46:11.544] --> textDocument/clangd.fileStatus
I[11:46:11.577] <-- textDocument/inlayHint(1098)
I[11:46:11.577] --> reply:textDocument/inlayHint(1098) 0 ms
I[11:46:11.577] --> textDocument/clangd.fileStatus
I[11:46:20.152] <-- textDocument/codeAction(1099)
I[11:46:20.153] --> reply:textDocument/codeAction(1099) 0 ms
I[11:46:20.153] --> textDocument/clangd.fileStatus
I[11:46:20.176] <-- textDocument/documentLink(1100)
I[11:46:20.177] --> reply:textDocument/documentLink(1100) 0 ms
I[11:46:20.177] --> textDocument/clangd.fileStatus
I[11:46:20.187] <-- textDocument/inlayHint(1101)
I[11:46:20.187] --> reply:textDocument/inlayHint(1101) 0 ms
I[11:46:20.187] --> textDocument/clangd.fileStatus
I[11:46:20.347] <-- textDocument/foldingRange(1102)
I[11:46:20.347] --> reply:textDocument/foldingRange(1102) 0 ms
I[11:46:20.405] <-- textDocument/codeAction(1103)
I[11:46:20.405] --> reply:textDocument/codeAction(1103) 0 ms
I[11:46:20.405] --> textDocument/clangd.fileStatus
I[11:46:20.448] <-- textDocument/documentSymbol(1104)
I[11:46:20.448] --> reply:textDocument/documentSymbol(1104) 0 ms
I[11:46:20.448] --> textDocument/clangd.fileStatus
I[11:46:21.823] <-- textDocument/documentHighlight(1105)
I[11:46:21.823] --> reply:textDocument/documentHighlight(1105) 0 ms
I[11:46:21.823] --> textDocument/clangd.fileStatus
I[11:46:22.023] <-- textDocument/codeAction(1106)
I[11:46:22.023] --> reply:textDocument/codeAction(1106) 0 ms
I[11:46:22.023] --> textDocument/clangd.fileStatus
I[11:46:24.736] <-- textDocument/codeAction(1107)
I[11:46:24.736] --> reply:textDocument/codeAction(1107) 0 ms
I[11:46:24.736] --> textDocument/clangd.fileStatus
I[11:46:24.761] <-- textDocument/documentLink(1108)
I[11:46:24.761] <-- textDocument/inlayHint(1109)
I[11:46:24.761] --> reply:textDocument/documentLink(1108) 0 ms
I[11:46:24.761] --> reply:textDocument/inlayHint(1109) 0 ms
I[11:46:24.761] --> textDocument/clangd.fileStatus
I[11:46:24.930] <-- textDocument/foldingRange(1110)
I[11:46:24.930] --> reply:textDocument/foldingRange(1110) 0 ms
I[11:46:24.989] <-- textDocument/codeAction(1111)
I[11:46:24.989] --> reply:textDocument/codeAction(1111) 0 ms
I[11:46:24.989] --> textDocument/clangd.fileStatus
I[11:46:25.031] <-- textDocument/documentSymbol(1112)
I[11:46:25.032] --> reply:textDocument/documentSymbol(1112) 0 ms
I[11:46:25.032] --> textDocument/clangd.fileStatus
I[11:46:25.706] <-- textDocument/inlayHint(1113)
I[11:46:25.706] --> reply:textDocument/inlayHint(1113) 0 ms
I[11:46:25.706] --> textDocument/clangd.fileStatus
I[11:46:26.209] <-- textDocument/inlayHint(1114)
I[11:46:26.210] --> reply:textDocument/inlayHint(1114) 0 ms
I[11:46:26.210] --> textDocument/clangd.fileStatus
I[11:46:26.287] <-- textDocument/inlayHint(1115)
I[11:46:26.287] --> reply:textDocument/inlayHint(1115) 0 ms
I[11:46:26.288] --> textDocument/clangd.fileStatus
I[11:46:26.322] <-- textDocument/inlayHint(1116)
I[11:46:26.322] --> reply:textDocument/inlayHint(1116) 0 ms
I[11:46:26.322] --> textDocument/clangd.fileStatus
I[11:46:26.735] <-- textDocument/inlayHint(1117)
I[11:46:26.735] --> reply:textDocument/inlayHint(1117) 0 ms
I[11:46:26.735] --> textDocument/clangd.fileStatus
I[11:46:26.848] <-- textDocument/inlayHint(1118)
I[11:46:26.848] --> reply:textDocument/inlayHint(1118) 0 ms
I[11:46:26.848] --> textDocument/clangd.fileStatus
I[11:46:27.871] <-- textDocument/inlayHint(1119)
I[11:46:27.872] --> reply:textDocument/inlayHint(1119) 0 ms
I[11:46:27.872] --> textDocument/clangd.fileStatus
I[11:46:27.904] <-- textDocument/inlayHint(1120)
I[11:46:27.905] --> reply:textDocument/inlayHint(1120) 0 ms
I[11:46:27.905] --> textDocument/clangd.fileStatus
I[11:46:28.263] <-- textDocument/inlayHint(1121)
I[11:46:28.263] --> reply:textDocument/inlayHint(1121) 0 ms
I[11:46:28.263] --> textDocument/clangd.fileStatus
I[11:46:28.311] <-- textDocument/inlayHint(1122)
I[11:46:28.311] --> reply:textDocument/inlayHint(1122) 0 ms
I[11:46:28.311] --> textDocument/clangd.fileStatus
I[11:46:28.551] <-- textDocument/inlayHint(1123)
I[11:46:28.552] --> reply:textDocument/inlayHint(1123) 0 ms
I[11:46:28.552] --> textDocument/clangd.fileStatus
I[11:46:28.620] <-- textDocument/inlayHint(1124)
I[11:46:28.620] --> reply:textDocument/inlayHint(1124) 0 ms
I[11:46:28.620] --> textDocument/clangd.fileStatus
I[11:46:28.887] <-- textDocument/inlayHint(1125)
I[11:46:28.887] --> reply:textDocument/inlayHint(1125) 0 ms
I[11:46:28.887] --> textDocument/clangd.fileStatus
I[11:46:30.283] <-- textDocument/codeAction(1126)
I[11:46:30.283] --> reply:textDocument/codeAction(1126) 0 ms
I[11:46:30.283] --> textDocument/clangd.fileStatus
I[11:46:30.813] <-- textDocument/hover(1127)
I[11:46:30.814] --> reply:textDocument/hover(1127) 0 ms
I[11:46:30.814] --> textDocument/clangd.fileStatus
I[11:46:31.386] <-- textDocument/codeAction(1128)
I[11:46:31.386] --> reply:textDocument/codeAction(1128) 0 ms
I[11:46:31.386] --> textDocument/clangd.fileStatus
I[11:46:31.772] <-- textDocument/hover(1129)
I[11:46:31.773] --> reply:textDocument/hover(1129) 0 ms
I[11:46:31.773] --> textDocument/clangd.fileStatus
I[11:46:32.140] <-- textDocument/hover(1130)
I[11:46:32.141] --> reply:textDocument/hover(1130) 0 ms
I[11:46:32.141] --> textDocument/clangd.fileStatus
I[11:46:32.674] <-- textDocument/codeAction(1131)
I[11:46:32.674] --> reply:textDocument/codeAction(1131) 0 ms
I[11:46:32.674] --> textDocument/clangd.fileStatus
I[11:46:32.732] <-- textDocument/hover(1132)
I[11:46:32.732] --> reply:textDocument/hover(1132) 0 ms
I[11:46:32.732] --> textDocument/clangd.fileStatus
I[11:46:33.288] <-- textDocument/didChange
I[11:46:33.288] --> textDocument/clangd.fileStatus
I[11:46:33.315] <-- textDocument/inlayHint(1133)
I[11:46:33.315] Failed to find compilation database for /home/david/Documentos/prueba_OS/RepasoExamen/311.c
I[11:46:33.315] ASTWorker building file /home/david/Documentos/prueba_OS/RepasoExamen/311.c version 40 with command clangd fallback
[/home/david/Documentos/prueba_OS/RepasoExamen]
/usr/bin/clang -resource-dir=/home/david/.vscode-oss/extensions/kylinideteam.kylin-clangd-0.4.0-linux-x64/res/clangd/lib/clang/21 -- /home/david/Documentos/prueba_OS/RepasoExamen/311.c
I[11:46:33.316] --> textDocument/clangd.fileStatus
I[11:46:33.320] --> textDocument/clangd.fileStatus
I[11:46:33.320] --> textDocument/publishDiagnostics
I[11:46:33.320] --> textDocument/inactiveRegions
I[11:46:33.320] --> textDocument/clangd.fileStatus
I[11:46:33.320] --> reply:textDocument/inlayHint(1133) 5 ms
I[11:46:33.320] --> textDocument/clangd.fileStatus
I[11:46:33.342] Built preamble of size 756332 for file /home/david/Documentos/prueba_OS/RepasoExamen/311.c version 40 in 0.03 seconds
I[11:46:33.342] --> workspace/semanticTokens/refresh(5)
I[11:46:33.342] --> textDocument/clangd.fileStatus
I[11:46:33.343] <-- reply(5)
I[11:46:33.346] --> textDocument/publishDiagnostics
I[11:46:33.346] --> textDocument/inactiveRegions
I[11:46:33.346] --> textDocument/clangd.fileStatus
I[11:46:33.489] <-- textDocument/foldingRange(1134)
I[11:46:33.490] --> reply:textDocument/foldingRange(1134) 0 ms
I[11:46:33.540] <-- textDocument/codeAction(1135)
I[11:46:33.540] --> reply:textDocument/codeAction(1135) 0 ms
I[11:46:33.540] --> textDocument/clangd.fileStatus
I[11:46:33.640] <-- textDocument/documentSymbol(1136)
I[11:46:33.640] <-- textDocument/documentSymbol(1137)
I[11:46:33.640] --> reply:textDocument/documentSymbol(1136) 0 ms
I[11:46:33.640] --> reply:textDocument/documentSymbol(1137) 0 ms
I[11:46:33.640] --> textDocument/clangd.fileStatus
I[11:46:34.090] <-- textDocument/inlayHint(1138)
I[11:46:34.090] --> reply:textDocument/inlayHint(1138) 0 ms
I[11:46:34.090] --> textDocument/clangd.fileStatus
I[11:46:34.289] <-- textDocument/documentLink(1139)
I[11:46:34.289] --> reply:textDocument/documentLink(1139) 0 ms
I[11:46:34.289] --> textDocument/clangd.fileStatus
I[11:46:34.405] <-- textDocument/didSave
I[11:46:34.405] File version went from 5 to 5
I[11:46:34.405] File version went from 40 to 40
I[11:46:34.405] File version went from 1 to 1
I[11:46:34.405] File version went from 1 to 1
I[11:46:34.405] --> textDocument/clangd.fileStatus
I[11:46:34.405] File version went from 3 to 3
I[11:46:34.405] --> textDocument/clangd.fileStatus
I[11:46:34.405] --> textDocument/clangd.fileStatus
I[11:46:34.405] --> textDocument/clangd.fileStatus
I[11:46:34.405] --> textDocument/clangd.fileStatus
I[11:46:34.455] Failed to find compilation database for /home/david/Documentos/prueba_OS/RepasoExamen/39.c
I[11:46:34.455] Failed to find compilation database for /home/david/Documentos/prueba_OS/RepasoExamen/28.c
I[11:46:34.455] ASTWorker building file /home/david/Documentos/prueba_OS/RepasoExamen/39.c version 5 with command clangd fallback
[/home/david/Documentos/prueba_OS/RepasoExamen]
/usr/bin/clang -resource-dir=/home/david/.vscode-oss/extensions/kylinideteam.kylin-clangd-0.4.0-linux-x64/res/clangd/lib/clang/21 -- /home/david/Documentos/prueba_OS/RepasoExamen/39.c
I[11:46:34.455] ASTWorker building file /home/david/Documentos/prueba_OS/RepasoExamen/28.c version 1 with command clangd fallback
[/home/david/Documentos/prueba_OS/RepasoExamen]
/usr/bin/clang -resource-dir=/home/david/.vscode-oss/extensions/kylinideteam.kylin-clangd-0.4.0-linux-x64/res/clangd/lib/clang/21 -- /home/david/Documentos/prueba_OS/RepasoExamen/28.c
I[11:46:34.455] Failed to find compilation database for /home/david/Documentos/prueba_OS/RepasoExamen/35.c
I[11:46:34.455] ASTWorker building file /home/david/Documentos/prueba_OS/RepasoExamen/35.c version 3 with command clangd fallback
[/home/david/Documentos/prueba_OS/RepasoExamen]
/usr/bin/clang -resource-dir=/home/david/.vscode-oss/extensions/kylinideteam.kylin-clangd-0.4.0-linux-x64/res/clangd/lib/clang/21 -- /home/david/Documentos/prueba_OS/RepasoExamen/35.c
I[11:46:34.455] Failed to find compilation database for /home/david/Documentos/prueba_OS/RepasoExamen/29.c
I[11:46:34.455] Failed to find compilation database for /home/david/Documentos/prueba_OS/RepasoExamen/311.c
I[11:46:34.455] ASTWorker building file /home/david/Documentos/prueba_OS/RepasoExamen/29.c version 1 with command clangd fallback
[/home/david/Documentos/prueba_OS/RepasoExamen]
/usr/bin/clang -resource-dir=/home/david/.vscode-oss/extensions/kylinideteam.kylin-clangd-0.4.0-linux-x64/res/clangd/lib/clang/21 -- /home/david/Documentos/prueba_OS/RepasoExamen/29.c
I[11:46:34.456] ASTWorker building file /home/david/Documentos/prueba_OS/RepasoExamen/311.c version 40 with command clangd fallback
[/home/david/Documentos/prueba_OS/RepasoExamen]
/usr/bin/clang -resource-dir=/home/david/.vscode-oss/extensions/kylinideteam.kylin-clangd-0.4.0-linux-x64/res/clangd/lib/clang/21 -- /home/david/Documentos/prueba_OS/RepasoExamen/311.c
I[11:46:34.456] --> textDocument/clangd.fileStatus
I[11:46:34.456] --> textDocument/clangd.fileStatus
I[11:46:34.456] --> textDocument/clangd.fileStatus
I[11:46:34.456] --> textDocument/clangd.fileStatus
I[11:46:34.456] --> textDocument/clangd.fileStatus
I[11:46:34.456] --> textDocument/clangd.fileStatus
I[11:46:34.456] --> textDocument/clangd.fileStatus
I[11:46:34.456] --> textDocument/clangd.fileStatus
I[11:46:34.456] --> textDocument/clangd.fileStatus
I[11:46:34.456] --> textDocument/clangd.fileStatus
I[11:46:34.456] --> textDocument/clangd.fileStatus
I[11:46:34.456] --> textDocument/clangd.fileStatus
I[11:46:34.456] --> textDocument/clangd.fileStatus
I[11:46:34.456] --> textDocument/clangd.fileStatus
I[11:46:34.456] --> textDocument/clangd.fileStatus
I[11:46:34.456] --> textDocument/clangd.fileStatus
I[11:46:34.456] --> textDocument/clangd.fileStatus
I[11:46:34.456] --> textDocument/clangd.fileStatus
I[11:46:34.456] --> textDocument/clangd.fileStatus
I[11:46:34.456] --> textDocument/clangd.fileStatus
I[11:46:40.824] <-- textDocument/codeAction(1140)
I[11:46:40.824] --> reply:textDocument/codeAction(1140) 0 ms
I[11:46:40.824] --> textDocument/clangd.fileStatus
I[11:46:41.705] <-- textDocument/didChange
I[11:46:41.705] --> textDocument/clangd.fileStatus
I[11:46:41.732] <-- textDocument/inlayHint(1141)
I[11:46:41.732] Failed to find compilation database for /home/david/Documentos/prueba_OS/RepasoExamen/311.c
I[11:46:41.732] ASTWorker building file /home/david/Documentos/prueba_OS/RepasoExamen/311.c version 41 with command clangd fallback
[/home/david/Documentos/prueba_OS/RepasoExamen]
/usr/bin/clang -resource-dir=/home/david/.vscode-oss/extensions/kylinideteam.kylin-clangd-0.4.0-linux-x64/res/clangd/lib/clang/21 -- /home/david/Documentos/prueba_OS/RepasoExamen/311.c
I[11:46:41.733] --> textDocument/clangd.fileStatus
I[11:46:41.737] --> textDocument/clangd.fileStatus
I[11:46:41.737] --> textDocument/publishDiagnostics
I[11:46:41.737] --> textDocument/inactiveRegions
I[11:46:41.737] --> textDocument/clangd.fileStatus
I[11:46:41.737] --> reply:textDocument/inlayHint(1141) 5 ms
I[11:46:41.737] --> textDocument/clangd.fileStatus
I[11:46:41.750] Built preamble of size 658484 for file /home/david/Documentos/prueba_OS/RepasoExamen/311.c version 41 in 0.02 seconds
I[11:46:41.750] --> workspace/semanticTokens/refresh(6)
I[11:46:41.750] --> textDocument/clangd.fileStatus
I[11:46:41.751] <-- reply(6)
I[11:46:41.756] --> textDocument/publishDiagnostics
I[11:46:41.756] --> textDocument/inactiveRegions
I[11:46:41.756] --> textDocument/clangd.fileStatus
I[11:46:41.906] <-- textDocument/foldingRange(1142)
I[11:46:41.907] --> reply:textDocument/foldingRange(1142) 0 ms
I[11:46:42.057] <-- textDocument/documentSymbol(1143)
I[11:46:42.057] --> reply:textDocument/documentSymbol(1143) 0 ms
I[11:46:42.057] --> textDocument/clangd.fileStatus
I[11:46:42.057] <-- textDocument/documentSymbol(1144)
I[11:46:42.057] --> reply:textDocument/documentSymbol(1144) 0 ms
I[11:46:42.057] --> textDocument/clangd.fileStatus
I[11:46:42.222] <-- textDocument/didSave
I[11:46:42.222] File version went from 5 to 5
I[11:46:42.222] File version went from 41 to 41
I[11:46:42.222] File version went from 1 to 1
I[11:46:42.222] File version went from 1 to 1
I[11:46:42.222] File version went from 3 to 3
I[11:46:42.222] --> textDocument/clangd.fileStatus
I[11:46:42.222] --> textDocument/clangd.fileStatus
I[11:46:42.222] --> textDocument/clangd.fileStatus
I[11:46:42.222] --> textDocument/clangd.fileStatus
I[11:46:42.222] --> textDocument/clangd.fileStatus
I[11:46:42.272] Failed to find compilation database for /home/david/Documentos/prueba_OS/RepasoExamen/39.c
I[11:46:42.272] Failed to find compilation database for /home/david/Documentos/prueba_OS/RepasoExamen/311.c
I[11:46:42.272] Failed to find compilation database for /home/david/Documentos/prueba_OS/RepasoExamen/29.c
I[11:46:42.272] Failed to find compilation database for /home/david/Documentos/prueba_OS/RepasoExamen/28.c
I[11:46:42.272] Failed to find compilation database for /home/david/Documentos/prueba_OS/RepasoExamen/35.c
I[11:46:42.273] ASTWorker building file /home/david/Documentos/prueba_OS/RepasoExamen/39.c version 5 with command clangd fallback
[/home/david/Documentos/prueba_OS/RepasoExamen]
/usr/bin/clang -resource-dir=/home/david/.vscode-oss/extensions/kylinideteam.kylin-clangd-0.4.0-linux-x64/res/clangd/lib/clang/21 -- /home/david/Documentos/prueba_OS/RepasoExamen/39.c
I[11:46:42.273] ASTWorker building file /home/david/Documentos/prueba_OS/RepasoExamen/311.c version 41 with command clangd fallback
[/home/david/Documentos/prueba_OS/RepasoExamen]
/usr/bin/clang -resource-dir=/home/david/.vscode-oss/extensions/kylinideteam.kylin-clangd-0.4.0-linux-x64/res/clangd/lib/clang/21 -- /home/david/Documentos/prueba_OS/RepasoExamen/311.c
I[11:46:42.273] ASTWorker building file /home/david/Documentos/prueba_OS/RepasoExamen/29.c version 1 with command clangd fallback
[/home/david/Documentos/prueba_OS/RepasoExamen]
/usr/bin/clang -resource-dir=/home/david/.vscode-oss/extensions/kylinideteam.kylin-clangd-0.4.0-linux-x64/res/clangd/lib/clang/21 -- /home/david/Documentos/prueba_OS/RepasoExamen/29.c
I[11:46:42.273] ASTWorker building file /home/david/Documentos/prueba_OS/RepasoExamen/28.c version 1 with command clangd fallback
[/home/david/Documentos/prueba_OS/RepasoExamen]
/usr/bin/clang -resource-dir=/home/david/.vscode-oss/extensions/kylinideteam.kylin-clangd-0.4.0-linux-x64/res/clangd/lib/clang/21 -- /home/david/Documentos/prueba_OS/RepasoExamen/28.c
I[11:46:42.273] ASTWorker building file /home/david/Documentos/prueba_OS/RepasoExamen/35.c version 3 with command clangd fallback
[/home/david/Documentos/prueba_OS/RepasoExamen]
/usr/bin/clang -resource-dir=/home/david/.vscode-oss/extensions/kylinideteam.kylin-clangd-0.4.0-linux-x64/res/clangd/lib/clang/21 -- /home/david/Documentos/prueba_OS/RepasoExamen/35.c
I[11:46:42.273] --> textDocument/clangd.fileStatus
I[11:46:42.273] --> textDocument/clangd.fileStatus
I[11:46:42.273] --> textDocument/clangd.fileStatus
I[11:46:42.273] --> textDocument/clangd.fileStatus
I[11:46:42.273] --> textDocument/clangd.fileStatus
I[11:46:42.273] --> textDocument/clangd.fileStatus
I[11:46:42.273] --> textDocument/clangd.fileStatus
I[11:46:42.273] --> textDocument/clangd.fileStatus
I[11:46:42.273] --> textDocument/clangd.fileStatus
I[11:46:42.273] --> textDocument/clangd.fileStatus
I[11:46:42.273] --> textDocument/clangd.fileStatus
I[11:46:42.273] --> textDocument/clangd.fileStatus
I[11:46:42.274] --> textDocument/clangd.fileStatus
I[11:46:42.274] --> textDocument/clangd.fileStatus
I[11:46:42.274] --> textDocument/clangd.fileStatus
I[11:46:42.274] --> textDocument/clangd.fileStatus
I[11:46:42.274] --> textDocument/clangd.fileStatus
I[11:46:42.274] --> textDocument/clangd.fileStatus
I[11:46:42.274] --> textDocument/clangd.fileStatus
I[11:46:42.274] --> textDocument/clangd.fileStatus
I[11:46:42.507] <-- textDocument/inlayHint(1145)
I[11:46:42.507] --> reply:textDocument/inlayHint(1145) 0 ms
I[11:46:42.507] --> textDocument/clangd.fileStatus
I[11:46:42.706] <-- textDocument/documentLink(1146)
I[11:46:42.706] --> reply:textDocument/documentLink(1146) 0 ms
I[11:46:42.706] --> textDocument/clangd.fileStatus
I[11:46:59.897] <-- textDocument/hover(1147)
I[11:46:59.898] --> reply:textDocument/hover(1147) 0 ms
I[11:46:59.898] --> textDocument/clangd.fileStatus
I[11:47:00.124] <-- textDocument/documentHighlight(1148)
I[11:47:00.124] --> reply:textDocument/documentHighlight(1148) 0 ms
I[11:47:00.124] --> textDocument/clangd.fileStatus
I[11:47:00.323] <-- textDocument/codeAction(1149)
I[11:47:00.323] --> reply:textDocument/codeAction(1149) 0 ms
I[11:47:00.323] --> textDocument/clangd.fileStatus
I[11:47:01.156] <-- textDocument/didChange
I[11:47:01.156] --> textDocument/clangd.fileStatus
I[11:47:01.183] <-- textDocument/inlayHint(1150)
I[11:47:01.183] Failed to find compilation database for /home/david/Documentos/prueba_OS/RepasoExamen/311.c
I[11:47:01.183] ASTWorker building file /home/david/Documentos/prueba_OS/RepasoExamen/311.c version 42 with command clangd fallback
[/home/david/Documentos/prueba_OS/RepasoExamen]
/usr/bin/clang -resource-dir=/home/david/.vscode-oss/extensions/kylinideteam.kylin-clangd-0.4.0-linux-x64/res/clangd/lib/clang/21 -- /home/david/Documentos/prueba_OS/RepasoExamen/311.c
I[11:47:01.184] --> textDocument/clangd.fileStatus
I[11:47:01.187] --> textDocument/clangd.fileStatus
I[11:47:01.187] --> textDocument/publishDiagnostics
I[11:47:01.187] --> textDocument/inactiveRegions
I[11:47:01.187] --> textDocument/clangd.fileStatus
I[11:47:01.188] --> reply:textDocument/inlayHint(1150) 4 ms
I[11:47:01.188] --> textDocument/clangd.fileStatus
I[11:47:01.202] Built preamble of size 658488 for file /home/david/Documentos/prueba_OS/RepasoExamen/311.c version 42 in 0.02 seconds
I[11:47:01.202] --> workspace/semanticTokens/refresh(7)
I[11:47:01.202] --> textDocument/clangd.fileStatus
I[11:47:01.203] <-- reply(7)
I[11:47:01.208] --> textDocument/publishDiagnostics
I[11:47:01.208] --> textDocument/inactiveRegions
I[11:47:01.208] --> textDocument/clangd.fileStatus
I[11:47:01.358] <-- textDocument/foldingRange(1151)
I[11:47:01.358] --> reply:textDocument/foldingRange(1151) 0 ms
I[11:47:01.508] <-- textDocument/documentSymbol(1152)
I[11:47:01.508] --> reply:textDocument/documentSymbol(1152) 0 ms
I[11:47:01.509] --> textDocument/clangd.fileStatus
I[11:47:01.509] <-- textDocument/documentSymbol(1153)
I[11:47:01.509] --> reply:textDocument/documentSymbol(1153) 0 ms
I[11:47:01.509] --> textDocument/clangd.fileStatus
I[11:47:01.803] <-- textDocument/didChange
I[11:47:01.804] --> textDocument/clangd.fileStatus
I[11:47:01.827] <-- textDocument/inlayHint(1154)
I[11:47:01.827] Failed to find compilation database for /home/david/Documentos/prueba_OS/RepasoExamen/311.c
I[11:47:01.828] ASTWorker building file /home/david/Documentos/prueba_OS/RepasoExamen/311.c version 43 with command clangd fallback
[/home/david/Documentos/prueba_OS/RepasoExamen]
/usr/bin/clang -resource-dir=/home/david/.vscode-oss/extensions/kylinideteam.kylin-clangd-0.4.0-linux-x64/res/clangd/lib/clang/21 -- /home/david/Documentos/prueba_OS/RepasoExamen/311.c
I[11:47:01.828] --> textDocument/clangd.fileStatus
I[11:47:01.832] --> textDocument/clangd.fileStatus
I[11:47:01.832] --> textDocument/publishDiagnostics
I[11:47:01.832] --> textDocument/inactiveRegions
I[11:47:01.832] --> textDocument/clangd.fileStatus
I[11:47:01.832] --> reply:textDocument/inlayHint(1154) 5 ms
I[11:47:01.832] --> textDocument/clangd.fileStatus
I[11:47:01.848] Built preamble of size 658484 for file /home/david/Documentos/prueba_OS/RepasoExamen/311.c version 43 in 0.02 seconds
I[11:47:01.848] --> workspace/semanticTokens/refresh(8)
I[11:47:01.849] --> textDocument/clangd.fileStatus
I[11:47:01.849] <-- reply(8)
I[11:47:01.853] --> textDocument/publishDiagnostics
I[11:47:01.853] --> textDocument/inactiveRegions
I[11:47:01.853] --> textDocument/clangd.fileStatus
I[11:47:02.002] <-- textDocument/foldingRange(1155)
I[11:47:02.003] --> reply:textDocument/foldingRange(1155) 0 ms
I[11:47:02.129] <-- textDocument/didChange
I[11:47:02.129] --> textDocument/clangd.fileStatus
I[11:47:02.153] <-- textDocument/inlayHint(1156)
I[11:47:02.153] Failed to find compilation database for /home/david/Documentos/prueba_OS/RepasoExamen/311.c
I[11:47:02.154] ASTWorker building file /home/david/Documentos/prueba_OS/RepasoExamen/311.c version 44 with command clangd fallback
[/home/david/Documentos/prueba_OS/RepasoExamen]
/usr/bin/clang -resource-dir=/home/david/.vscode-oss/extensions/kylinideteam.kylin-clangd-0.4.0-linux-x64/res/clangd/lib/clang/21 -- /home/david/Documentos/prueba_OS/RepasoExamen/311.c
I[11:47:02.154] <-- textDocument/documentSymbol(1157)
I[11:47:02.155] --> textDocument/clangd.fileStatus
I[11:47:02.164] --> textDocument/clangd.fileStatus
I[11:47:02.164] --> textDocument/publishDiagnostics
I[11:47:02.164] --> textDocument/inactiveRegions
I[11:47:02.164] --> textDocument/clangd.fileStatus
I[11:47:02.164] --> reply:textDocument/inlayHint(1156) 11 ms
I[11:47:02.165] --> textDocument/clangd.fileStatus
I[11:47:02.165] --> reply:textDocument/documentSymbol(1157) 10 ms
I[11:47:02.165] --> textDocument/clangd.fileStatus
I[11:47:02.183] Built preamble of size 756332 for file /home/david/Documentos/prueba_OS/RepasoExamen/311.c version 44 in 0.03 seconds
I[11:47:02.183] --> workspace/semanticTokens/refresh(9)
I[11:47:02.183] --> textDocument/clangd.fileStatus
I[11:47:02.184] <-- reply(9)
I[11:47:02.188] --> textDocument/publishDiagnostics
I[11:47:02.188] --> textDocument/inactiveRegions
I[11:47:02.188] --> textDocument/clangd.fileStatus
I[11:47:02.327] <-- textDocument/foldingRange(1158)
I[11:47:02.328] --> reply:textDocument/foldingRange(1158) 0 ms
I[11:47:02.418] <-- textDocument/codeAction(1159)
I[11:47:02.418] --> reply:textDocument/codeAction(1159) 0 ms
I[11:47:02.418] --> textDocument/clangd.fileStatus
I[11:47:02.477] <-- textDocument/documentSymbol(1160)
I[11:47:02.478] --> reply:textDocument/documentSymbol(1160) 0 ms
I[11:47:02.478] --> textDocument/clangd.fileStatus
I[11:47:02.479] <-- textDocument/documentSymbol(1161)
I[11:47:02.479] --> reply:textDocument/documentSymbol(1161) 0 ms
I[11:47:02.480] --> textDocument/clangd.fileStatus
I[11:47:02.634] <-- textDocument/didSave
I[11:47:02.634] File version went from 5 to 5
I[11:47:02.634] File version went from 44 to 44
I[11:47:02.634] File version went from 1 to 1
I[11:47:02.635] File version went from 1 to 1
I[11:47:02.635] File version went from 3 to 3
I[11:47:02.635] --> textDocument/clangd.fileStatus
I[11:47:02.635] --> textDocument/clangd.fileStatus
I[11:47:02.635] --> textDocument/clangd.fileStatus
I[11:47:02.635] --> textDocument/clangd.fileStatus
I[11:47:02.635] --> textDocument/clangd.fileStatus
I[11:47:02.685] Failed to find compilation database for /home/david/Documentos/prueba_OS/RepasoExamen/39.c
I[11:47:02.685] ASTWorker building file /home/david/Documentos/prueba_OS/RepasoExamen/39.c version 5 with command clangd fallback
[/home/david/Documentos/prueba_OS/RepasoExamen]
/usr/bin/clang -resource-dir=/home/david/.vscode-oss/extensions/kylinideteam.kylin-clangd-0.4.0-linux-x64/res/clangd/lib/clang/21 -- /home/david/Documentos/prueba_OS/RepasoExamen/39.c
I[11:47:02.685] Failed to find compilation database for /home/david/Documentos/prueba_OS/RepasoExamen/29.c
I[11:47:02.685] Failed to find compilation database for /home/david/Documentos/prueba_OS/RepasoExamen/311.c
I[11:47:02.685] ASTWorker building file /home/david/Documentos/prueba_OS/RepasoExamen/29.c version 1 with command clangd fallback
[/home/david/Documentos/prueba_OS/RepasoExamen]
/usr/bin/clang -resource-dir=/home/david/.vscode-oss/extensions/kylinideteam.kylin-clangd-0.4.0-linux-x64/res/clangd/lib/clang/21 -- /home/david/Documentos/prueba_OS/RepasoExamen/29.c
I[11:47:02.685] ASTWorker building file /home/david/Documentos/prueba_OS/RepasoExamen/311.c version 44 with command clangd fallback
[/home/david/Documentos/prueba_OS/RepasoExamen]
/usr/bin/clang -resource-dir=/home/david/.vscode-oss/extensions/kylinideteam.kylin-clangd-0.4.0-linux-x64/res/clangd/lib/clang/21 -- /home/david/Documentos/prueba_OS/RepasoExamen/311.c
I[11:47:02.685] Failed to find compilation database for /home/david/Documentos/prueba_OS/RepasoExamen/28.c
I[11:47:02.685] ASTWorker building file /home/david/Documentos/prueba_OS/RepasoExamen/28.c version 1 with command clangd fallback
[/home/david/Documentos/prueba_OS/RepasoExamen]
/usr/bin/clang -resource-dir=/home/david/.vscode-oss/extensions/kylinideteam.kylin-clangd-0.4.0-linux-x64/res/clangd/lib/clang/21 -- /home/david/Documentos/prueba_OS/RepasoExamen/28.c
I[11:47:02.685] Failed to find compilation database for /home/david/Documentos/prueba_OS/RepasoExamen/35.c
I[11:47:02.685] ASTWorker building file /home/david/Documentos/prueba_OS/RepasoExamen/35.c version 3 with command clangd fallback
[/home/david/Documentos/prueba_OS/RepasoExamen]
/usr/bin/clang -resource-dir=/home/david/.vscode-oss/extensions/kylinideteam.kylin-clangd-0.4.0-linux-x64/res/clangd/lib/clang/21 -- /home/david/Documentos/prueba_OS/RepasoExamen/35.c
I[11:47:02.685] --> textDocument/clangd.fileStatus
I[11:47:02.685] --> textDocument/clangd.fileStatus
I[11:47:02.685] --> textDocument/clangd.fileStatus
I[11:47:02.685] --> textDocument/clangd.fileStatus
I[11:47:02.685] --> textDocument/clangd.fileStatus
I[11:47:02.685] --> textDocument/clangd.fileStatus
I[11:47:02.685] --> textDocument/clangd.fileStatus
I[11:47:02.685] --> textDocument/clangd.fileStatus
I[11:47:02.685] --> textDocument/clangd.fileStatus
I[11:47:02.685] --> textDocument/clangd.fileStatus
I[11:47:02.685] --> textDocument/clangd.fileStatus
I[11:47:02.685] --> textDocument/clangd.fileStatus
I[11:47:02.685] --> textDocument/clangd.fileStatus
I[11:47:02.685] --> textDocument/clangd.fileStatus
I[11:47:02.685] --> textDocument/clangd.fileStatus
I[11:47:02.685] --> textDocument/clangd.fileStatus
I[11:47:02.685] --> textDocument/clangd.fileStatus
I[11:47:02.686] --> textDocument/clangd.fileStatus
I[11:47:02.686] --> textDocument/clangd.fileStatus
I[11:47:02.686] --> textDocument/clangd.fileStatus
I[11:47:02.927] <-- textDocument/inlayHint(1162)
I[11:47:02.928] --> reply:textDocument/inlayHint(1162) 0 ms
I[11:47:02.928] --> textDocument/clangd.fileStatus
I[11:47:03.127] <-- textDocument/documentLink(1163)
I[11:47:03.127] --> reply:textDocument/documentLink(1163) 0 ms
I[11:47:03.127] --> textDocument/clangd.fileStatus
I[11:47:06.287] <-- textDocument/codeAction(1164)
I[11:47:06.287] --> reply:textDocument/codeAction(1164) 0 ms
I[11:47:06.287] --> textDocument/clangd.fileStatus
I[11:47:07.215] <-- textDocument/didChange
I[11:47:07.216] --> textDocument/clangd.fileStatus
I[11:47:07.243] <-- textDocument/inlayHint(1165)
I[11:47:07.243] Failed to find compilation database for /home/david/Documentos/prueba_OS/RepasoExamen/311.c
I[11:47:07.244] ASTWorker building file /home/david/Documentos/prueba_OS/RepasoExamen/311.c version 45 with command clangd fallback
[/home/david/Documentos/prueba_OS/RepasoExamen]
/usr/bin/clang -resource-dir=/home/david/.vscode-oss/extensions/kylinideteam.kylin-clangd-0.4.0-linux-x64/res/clangd/lib/clang/21 -- /home/david/Documentos/prueba_OS/RepasoExamen/311.c
I[11:47:07.245] --> textDocument/clangd.fileStatus
I[11:47:07.249] --> textDocument/clangd.fileStatus
I[11:47:07.249] --> textDocument/publishDiagnostics
I[11:47:07.249] --> textDocument/inactiveRegions
I[11:47:07.249] --> textDocument/clangd.fileStatus
I[11:47:07.249] --> reply:textDocument/inlayHint(1165) 5 ms
I[11:47:07.249] --> textDocument/clangd.fileStatus
I[11:47:07.265] Built preamble of size 709344 for file /home/david/Documentos/prueba_OS/RepasoExamen/311.c version 45 in 0.02 seconds
I[11:47:07.266] --> workspace/semanticTokens/refresh(10)
I[11:47:07.266] --> textDocument/clangd.fileStatus
I[11:47:07.266] <-- reply(10)
I[11:47:07.271] --> textDocument/publishDiagnostics
I[11:47:07.271] --> textDocument/inactiveRegions
I[11:47:07.271] --> textDocument/clangd.fileStatus
I[11:47:07.418] <-- textDocument/foldingRange(1166)
I[11:47:07.418] --> reply:textDocument/foldingRange(1166) 0 ms
I[11:47:07.568] <-- textDocument/documentSymbol(1167)
I[11:47:07.568] <-- textDocument/documentSymbol(1168)
I[11:47:07.568] --> reply:textDocument/documentSymbol(1167) 0 ms
I[11:47:07.568] --> reply:textDocument/documentSymbol(1168) 0 ms
I[11:47:07.568] --> textDocument/clangd.fileStatus
I[11:47:07.578] <-- textDocument/didSave
I[11:47:07.578] File version went from 5 to 5
I[11:47:07.578] File version went from 45 to 45
I[11:47:07.578] File version went from 1 to 1
I[11:47:07.578] File version went from 1 to 1
I[11:47:07.578] File version went from 3 to 3
I[11:47:07.578] --> textDocument/clangd.fileStatus
I[11:47:07.578] --> textDocument/clangd.fileStatus
I[11:47:07.578] --> textDocument/clangd.fileStatus
I[11:47:07.578] --> textDocument/clangd.fileStatus
I[11:47:07.579] --> textDocument/clangd.fileStatus
I[11:47:07.629] Failed to find compilation database for /home/david/Documentos/prueba_OS/RepasoExamen/39.c
I[11:47:07.629] ASTWorker building file /home/david/Documentos/prueba_OS/RepasoExamen/39.c version 5 with command clangd fallback
[/home/david/Documentos/prueba_OS/RepasoExamen]
/usr/bin/clang -resource-dir=/home/david/.vscode-oss/extensions/kylinideteam.kylin-clangd-0.4.0-linux-x64/res/clangd/lib/clang/21 -- /home/david/Documentos/prueba_OS/RepasoExamen/39.c
I[11:47:07.629] Failed to find compilation database for /home/david/Documentos/prueba_OS/RepasoExamen/311.c
I[11:47:07.629] Failed to find compilation database for /home/david/Documentos/prueba_OS/RepasoExamen/28.c
I[11:47:07.629] ASTWorker building file /home/david/Documentos/prueba_OS/RepasoExamen/311.c version 45 with command clangd fallback
[/home/david/Documentos/prueba_OS/RepasoExamen]
/usr/bin/clang -resource-dir=/home/david/.vscode-oss/extensions/kylinideteam.kylin-clangd-0.4.0-linux-x64/res/clangd/lib/clang/21 -- /home/david/Documentos/prueba_OS/RepasoExamen/311.c
I[11:47:07.629] Failed to find compilation database for /home/david/Documentos/prueba_OS/RepasoExamen/35.c
I[11:47:07.629] ASTWorker building file /home/david/Documentos/prueba_OS/RepasoExamen/35.c version 3 with command clangd fallback
[/home/david/Documentos/prueba_OS/RepasoExamen]
/usr/bin/clang -resource-dir=/home/david/.vscode-oss/extensions/kylinideteam.kylin-clangd-0.4.0-linux-x64/res/clangd/lib/clang/21 -- /home/david/Documentos/prueba_OS/RepasoExamen/35.c
I[11:47:07.629] Failed to find compilation database for /home/david/Documentos/prueba_OS/RepasoExamen/29.c
I[11:47:07.629] ASTWorker building file /home/david/Documentos/prueba_OS/RepasoExamen/28.c version 1 with command clangd fallback
[/home/david/Documentos/prueba_OS/RepasoExamen]
/usr/bin/clang -resource-dir=/home/david/.vscode-oss/extensions/kylinideteam.kylin-clangd-0.4.0-linux-x64/res/clangd/lib/clang/21 -- /home/david/Documentos/prueba_OS/RepasoExamen/28.c
I[11:47:07.629] --> textDocument/clangd.fileStatus
I[11:47:07.629] --> textDocument/clangd.fileStatus
I[11:47:07.629] ASTWorker building file /home/david/Documentos/prueba_OS/RepasoExamen/29.c version 1 with command clangd fallback
[/home/david/Documentos/prueba_OS/RepasoExamen]
/usr/bin/clang -resource-dir=/home/david/.vscode-oss/extensions/kylinideteam.kylin-clangd-0.4.0-linux-x64/res/clangd/lib/clang/21 -- /home/david/Documentos/prueba_OS/RepasoExamen/29.c
I[11:47:07.629] --> textDocument/clangd.fileStatus
I[11:47:07.629] --> textDocument/clangd.fileStatus
I[11:47:07.629] --> textDocument/clangd.fileStatus
I[11:47:07.629] --> textDocument/clangd.fileStatus
I[11:47:07.629] --> textDocument/clangd.fileStatus
I[11:47:07.630] --> textDocument/clangd.fileStatus
I[11:47:07.630] --> textDocument/clangd.fileStatus
I[11:47:07.630] --> textDocument/clangd.fileStatus
I[11:47:07.629] --> textDocument/clangd.fileStatus
I[11:47:07.630] --> textDocument/clangd.fileStatus
I[11:47:07.630] --> textDocument/clangd.fileStatus
I[11:47:07.630] --> textDocument/clangd.fileStatus
I[11:47:07.630] --> textDocument/clangd.fileStatus
I[11:47:07.630] --> textDocument/clangd.fileStatus
I[11:47:07.630] --> textDocument/clangd.fileStatus
I[11:47:07.630] --> textDocument/clangd.fileStatus
I[11:47:07.630] --> textDocument/clangd.fileStatus
I[11:47:08.018] <-- textDocument/inlayHint(1169)
I[11:47:08.018] --> reply:textDocument/inlayHint(1169) 0 ms
I[11:47:08.018] --> textDocument/clangd.fileStatus
I[11:47:08.223] <-- textDocument/documentLink(1170)
I[11:47:08.223] --> reply:textDocument/documentLink(1170) 0 ms
I[11:47:08.223] --> textDocument/clangd.fileStatus
I[11:47:20.236] <-- textDocument/didChange
I[11:47:20.237] --> textDocument/clangd.fileStatus
I[11:47:20.260] <-- textDocument/inlayHint(1171)
I[11:47:20.260] Failed to find compilation database for /home/david/Documentos/prueba_OS/RepasoExamen/311.c
I[11:47:20.260] ASTWorker building file /home/david/Documentos/prueba_OS/RepasoExamen/311.c version 46 with command clangd fallback
[/home/david/Documentos/prueba_OS/RepasoExamen]
/usr/bin/clang -resource-dir=/home/david/.vscode-oss/extensions/kylinideteam.kylin-clangd-0.4.0-linux-x64/res/clangd/lib/clang/21 -- /home/david/Documentos/prueba_OS/RepasoExamen/311.c
I[11:47:20.261] --> textDocument/clangd.fileStatus
I[11:47:20.267] --> textDocument/clangd.fileStatus
I[11:47:20.267] --> textDocument/publishDiagnostics
I[11:47:20.267] --> textDocument/inactiveRegions
I[11:47:20.267] --> textDocument/clangd.fileStatus
I[11:47:20.268] --> reply:textDocument/inlayHint(1171) 7 ms
I[11:47:20.268] --> textDocument/clangd.fileStatus
I[11:47:20.284] Built preamble of size 756332 for file /home/david/Documentos/prueba_OS/RepasoExamen/311.c version 46 in 0.02 seconds
I[11:47:20.284] --> workspace/semanticTokens/refresh(11)
I[11:47:20.284] --> textDocument/clangd.fileStatus
I[11:47:20.285] <-- reply(11)
I[11:47:20.289] --> textDocument/publishDiagnostics
I[11:47:20.289] --> textDocument/inactiveRegions
I[11:47:20.289] --> textDocument/clangd.fileStatus
I[11:47:20.435] <-- textDocument/foldingRange(1172)
I[11:47:20.435] --> reply:textDocument/foldingRange(1172) 0 ms
I[11:47:20.521] <-- textDocument/codeAction(1173)
I[11:47:20.521] --> reply:textDocument/codeAction(1173) 0 ms
I[11:47:20.521] --> textDocument/clangd.fileStatus
I[11:47:20.585] <-- textDocument/documentSymbol(1174)
I[11:47:20.585] --> reply:textDocument/documentSymbol(1174) 0 ms
I[11:47:20.585] <-- textDocument/documentSymbol(1175)
I[11:47:20.585] --> reply:textDocument/documentSymbol(1175) 0 ms
I[11:47:20.585] --> textDocument/clangd.fileStatus
I[11:47:20.795] <-- textDocument/didSave
I[11:47:20.795] File version went from 5 to 5
I[11:47:20.795] File version went from 46 to 46
I[11:47:20.795] File version went from 1 to 1
I[11:47:20.795] File version went from 1 to 1
I[11:47:20.795] --> textDocument/clangd.fileStatus
I[11:47:20.795] --> textDocument/clangd.fileStatus
I[11:47:20.795] File version went from 3 to 3
I[11:47:20.795] --> textDocument/clangd.fileStatus
I[11:47:20.795] --> textDocument/clangd.fileStatus
I[11:47:20.795] --> textDocument/clangd.fileStatus
I[11:47:20.845] Failed to find compilation database for /home/david/Documentos/prueba_OS/RepasoExamen/39.c
I[11:47:20.845] ASTWorker building file /home/david/Documentos/prueba_OS/RepasoExamen/39.c version 5 with command clangd fallback
[/home/david/Documentos/prueba_OS/RepasoExamen]
/usr/bin/clang -resource-dir=/home/david/.vscode-oss/extensions/kylinideteam.kylin-clangd-0.4.0-linux-x64/res/clangd/lib/clang/21 -- /home/david/Documentos/prueba_OS/RepasoExamen/39.c
I[11:47:20.845] Failed to find compilation database for /home/david/Documentos/prueba_OS/RepasoExamen/311.c
I[11:47:20.845] Failed to find compilation database for /home/david/Documentos/prueba_OS/RepasoExamen/35.c
I[11:47:20.845] ASTWorker building file /home/david/Documentos/prueba_OS/RepasoExamen/311.c version 46 with command clangd fallback
[/home/david/Documentos/prueba_OS/RepasoExamen]
/usr/bin/clang -resource-dir=/home/david/.vscode-oss/extensions/kylinideteam.kylin-clangd-0.4.0-linux-x64/res/clangd/lib/clang/21 -- /home/david/Documentos/prueba_OS/RepasoExamen/311.c
I[11:47:20.846] Failed to find compilation database for /home/david/Documentos/prueba_OS/RepasoExamen/28.c
I[11:47:20.846] Failed to find compilation database for /home/david/Documentos/prueba_OS/RepasoExamen/29.c
I[11:47:20.846] ASTWorker building file /home/david/Documentos/prueba_OS/RepasoExamen/29.c version 1 with command clangd fallback
[/home/david/Documentos/prueba_OS/RepasoExamen]
/usr/bin/clang -resource-dir=/home/david/.vscode-oss/extensions/kylinideteam.kylin-clangd-0.4.0-linux-x64/res/clangd/lib/clang/21 -- /home/david/Documentos/prueba_OS/RepasoExamen/29.c
I[11:47:20.846] ASTWorker building file /home/david/Documentos/prueba_OS/RepasoExamen/28.c version 1 with command clangd fallback
[/home/david/Documentos/prueba_OS/RepasoExamen]
/usr/bin/clang -resource-dir=/home/david/.vscode-oss/extensions/kylinideteam.kylin-clangd-0.4.0-linux-x64/res/clangd/lib/clang/21 -- /home/david/Documentos/prueba_OS/RepasoExamen/28.c
I[11:47:20.846] ASTWorker building file /home/david/Documentos/prueba_OS/RepasoExamen/35.c version 3 with command clangd fallback
[/home/david/Documentos/prueba_OS/RepasoExamen]
/usr/bin/clang -resource-dir=/home/david/.vscode-oss/extensions/kylinideteam.kylin-clangd-0.4.0-linux-x64/res/clangd/lib/clang/21 -- /home/david/Documentos/prueba_OS/RepasoExamen/35.c
I[11:47:20.846] --> textDocument/clangd.fileStatus
I[11:47:20.846] --> textDocument/clangd.fileStatus
I[11:47:20.846] --> textDocument/clangd.fileStatus
I[11:47:20.846] --> textDocument/clangd.fileStatus
I[11:47:20.846] --> textDocument/clangd.fileStatus
I[11:47:20.846] --> textDocument/clangd.fileStatus
I[11:47:20.846] --> textDocument/clangd.fileStatus
I[11:47:20.846] --> textDocument/clangd.fileStatus
I[11:47:20.846] --> textDocument/clangd.fileStatus
I[11:47:20.846] --> textDocument/clangd.fileStatus
I[11:47:20.846] --> textDocument/clangd.fileStatus
I[11:47:20.846] --> textDocument/clangd.fileStatus
I[11:47:20.846] --> textDocument/clangd.fileStatus
I[11:47:20.846] --> textDocument/clangd.fileStatus
I[11:47:20.846] --> textDocument/clangd.fileStatus
I[11:47:20.846] --> textDocument/clangd.fileStatus
I[11:47:20.846] --> textDocument/clangd.fileStatus
I[11:47:20.846] --> textDocument/clangd.fileStatus
I[11:47:20.846] --> textDocument/clangd.fileStatus
I[11:47:20.846] --> textDocument/clangd.fileStatus
I[11:47:21.035] <-- textDocument/inlayHint(1176)
I[11:47:21.035] --> reply:textDocument/inlayHint(1176) 0 ms
I[11:47:21.035] --> textDocument/clangd.fileStatus
I[11:47:21.235] <-- textDocument/documentLink(1177)
I[11:47:21.235] --> reply:textDocument/documentLink(1177) 0 ms
I[11:47:21.235] --> textDocument/clangd.fileStatus
I[11:54:09.642] <-- textDocument/inlayHint(1178)
I[11:54:09.643] --> reply:textDocument/inlayHint(1178) 1 ms
I[11:54:09.643] --> textDocument/clangd.fileStatus
