I[11:07:38.192] clangd version 21.0.0git (https://github.com/llvm/llvm-project c6cec7bd9cef993b377903b88375e00badcbf11b)
I[11:07:38.192] Features: linux
I[11:07:38.192] PID: 28345
I[11:07:38.192] Working directory: /home/david/Documentos/prueba_OS
I[11:07:38.192] argv[0]: /home/david/.vscode-oss/extensions/kylinideteam.kylin-clangd-0.4.0-linux-x64/res/clangd/bin/clangd
I[11:07:38.192] argv[1]: --clang-tidy=1
I[11:07:38.192] Starting LSP over stdin/stdout
I[11:07:38.194] <-- initialize(0)
I[11:07:38.195] --> reply:initialize(0) 0 ms
I[11:07:38.198] <-- initialized
I[11:07:38.211] <-- textDocument/didOpen
I[11:07:38.211] --> textDocument/publishDiagnostics
I[11:07:38.212] Failed to find compilation database for /home/david/Documentos/prueba_OS/RepasoExamen/311.c
I[11:07:38.212] ASTWorker building file /home/david/Documentos/prueba_OS/RepasoExamen/311.c version 1 with command clangd fallback
[/home/david/Documentos/prueba_OS/RepasoExamen]
/usr/bin/clang -resource-dir=/home/david/.vscode-oss/extensions/kylinideteam.kylin-clangd-0.4.0-linux-x64/res/clangd/lib/clang/21 -- /home/david/Documentos/prueba_OS/RepasoExamen/311.c
I[11:07:38.213] --> textDocument/clangd.fileStatus
I[11:07:38.236] <-- textDocument/documentLink(1)
I[11:07:38.236] <-- textDocument/inlayHint(2)
I[11:07:38.238] Built preamble of size 709344 for file /home/david/Documentos/prueba_OS/RepasoExamen/311.c version 1 in 0.02 seconds
I[11:07:38.238] --> workspace/semanticTokens/refresh(0)
I[11:07:38.238] Indexing c17 standard library in the context of /home/david/Documentos/prueba_OS/RepasoExamen/311.c
I[11:07:38.240] <-- reply(0)
I[11:07:38.244] --> textDocument/publishDiagnostics
I[11:07:38.244] --> textDocument/inactiveRegions
I[11:07:38.244] --> reply:textDocument/documentLink(1) 8 ms
I[11:07:38.244] --> reply:textDocument/inlayHint(2) 8 ms
I[11:07:38.244] --> textDocument/clangd.fileStatus
I[11:07:38.293] Indexed c17 standard library: 2884 symbols, 11 filtered
I[11:07:38.352] <-- textDocument/documentLink(3)
I[11:07:38.352] --> reply:textDocument/documentLink(3) 0 ms
I[11:07:38.352] --> textDocument/clangd.fileStatus
I[11:07:38.440] <-- textDocument/foldingRange(4)
I[11:07:38.441] --> reply:textDocument/foldingRange(4) 0 ms
I[11:07:38.511] <-- $/setTrace
I[11:07:38.511] unhandled notification $/setTrace
I[11:07:38.533] <-- textDocument/documentSymbol(5)
I[11:07:38.533] --> reply:textDocument/documentSymbol(5) 0 ms
I[11:07:38.533] --> textDocument/clangd.fileStatus
I[11:07:39.578] <-- $/setTrace
I[11:07:39.578] unhandled notification $/setTrace
I[11:07:39.611] <-- textDocument/documentLink(6)
I[11:07:39.611] --> reply:textDocument/documentLink(6) 0 ms
I[11:07:39.611] --> textDocument/clangd.fileStatus
I[11:07:39.616] <-- textDocument/inlayHint(7)
I[11:07:39.616] --> reply:textDocument/inlayHint(7) 0 ms
I[11:07:39.616] --> textDocument/clangd.fileStatus
I[11:07:39.654] <-- textDocument/documentSymbol(8)
I[11:07:39.654] --> reply:textDocument/documentSymbol(8) 0 ms
I[11:07:39.654] --> textDocument/clangd.fileStatus
I[11:07:45.450] <-- textDocument/hover(9)
I[11:07:45.451] --> reply:textDocument/hover(9) 1 ms
I[11:07:45.451] --> textDocument/clangd.fileStatus
I[11:07:46.493] <-- textDocument/hover(10)
I[11:07:46.493] --> reply:textDocument/hover(10) 0 ms
I[11:07:46.493] --> textDocument/clangd.fileStatus
I[11:07:46.809] <-- textDocument/hover(11)
I[11:07:46.809] --> reply:textDocument/hover(11) 0 ms
I[11:07:46.809] --> textDocument/clangd.fileStatus
I[11:07:47.168] <-- textDocument/hover(12)
I[11:07:47.168] --> reply:textDocument/hover(12) 0 ms
I[11:07:47.168] --> textDocument/clangd.fileStatus
I[11:07:47.590] <-- textDocument/codeAction(13)
I[11:07:47.590] --> reply:textDocument/codeAction(13) 0 ms
I[11:07:47.590] --> textDocument/clangd.fileStatus
I[11:07:48.176] <-- textDocument/documentHighlight(14)
I[11:07:48.177] --> reply:textDocument/documentHighlight(14) 0 ms
I[11:07:48.177] --> textDocument/clangd.fileStatus
I[11:07:48.244] <-- textDocument/didChange
I[11:07:48.244] --> textDocument/clangd.fileStatus
I[11:07:48.282] <-- textDocument/inlayHint(15)
I[11:07:48.282] Failed to find compilation database for /home/david/Documentos/prueba_OS/RepasoExamen/311.c
I[11:07:48.282] ASTWorker building file /home/david/Documentos/prueba_OS/RepasoExamen/311.c version 2 with command clangd fallback
[/home/david/Documentos/prueba_OS/RepasoExamen]
/usr/bin/clang -resource-dir=/home/david/.vscode-oss/extensions/kylinideteam.kylin-clangd-0.4.0-linux-x64/res/clangd/lib/clang/21 -- /home/david/Documentos/prueba_OS/RepasoExamen/311.c
I[11:07:48.284] --> textDocument/clangd.fileStatus
I[11:07:48.289] --> textDocument/publishDiagnostics
I[11:07:48.289] --> textDocument/inactiveRegions
I[11:07:48.289] --> reply:textDocument/inlayHint(15) 7 ms
I[11:07:48.289] --> textDocument/clangd.fileStatus
I[11:07:48.444] <-- textDocument/foldingRange(16)
I[11:07:48.444] --> reply:textDocument/foldingRange(16) 0 ms
I[11:07:48.548] <-- textDocument/codeAction(17)
I[11:07:48.548] --> reply:textDocument/codeAction(17) 0 ms
I[11:07:48.548] --> textDocument/clangd.fileStatus
I[11:07:48.595] <-- textDocument/documentSymbol(18)
I[11:07:48.595] --> reply:textDocument/documentSymbol(18) 0 ms
I[11:07:48.595] --> textDocument/clangd.fileStatus
I[11:07:48.602] <-- textDocument/documentSymbol(19)
I[11:07:48.602] --> reply:textDocument/documentSymbol(19) 0 ms
I[11:07:48.602] --> textDocument/clangd.fileStatus
I[11:07:49.045] <-- textDocument/inlayHint(20)
I[11:07:49.045] --> reply:textDocument/inlayHint(20) 0 ms
I[11:07:49.045] --> textDocument/clangd.fileStatus
I[11:07:49.221] <-- textDocument/didChange
I[11:07:49.221] --> textDocument/clangd.fileStatus
I[11:07:49.237] <-- textDocument/completion(21)
I[11:07:49.243] Code complete: sema context Expression, query scopes [] (AnyScope=true), expected type <none>
I[11:07:49.243] Code complete: 1 results from Sema, 14 from Index, 0 matched, 0 from identifiers, 15 returned (incomplete).
I[11:07:49.243] --> reply:textDocument/completion(21) 5 ms
I[11:07:49.251] <-- textDocument/inlayHint(22)
I[11:07:49.252] Failed to find compilation database for /home/david/Documentos/prueba_OS/RepasoExamen/311.c
I[11:07:49.252] ASTWorker building file /home/david/Documentos/prueba_OS/RepasoExamen/311.c version 3 with command clangd fallback
[/home/david/Documentos/prueba_OS/RepasoExamen]
/usr/bin/clang -resource-dir=/home/david/.vscode-oss/extensions/kylinideteam.kylin-clangd-0.4.0-linux-x64/res/clangd/lib/clang/21 -- /home/david/Documentos/prueba_OS/RepasoExamen/311.c
I[11:07:49.253] --> textDocument/clangd.fileStatus
I[11:07:49.258] --> textDocument/publishDiagnostics
I[11:07:49.258] --> textDocument/inactiveRegions
I[11:07:49.259] --> reply:textDocument/inlayHint(22) 7 ms
I[11:07:49.259] --> textDocument/clangd.fileStatus
I[11:07:49.421] <-- textDocument/foldingRange(23)
I[11:07:49.422] --> reply:textDocument/foldingRange(23) 0 ms
I[11:07:49.546] <-- textDocument/codeAction(24)
I[11:07:49.547] --> reply:textDocument/codeAction(24) 0 ms
I[11:07:49.547] --> textDocument/clangd.fileStatus
I[11:07:49.572] <-- textDocument/documentSymbol(25)
I[11:07:49.572] --> reply:textDocument/documentSymbol(25) 0 ms
I[11:07:49.572] --> textDocument/clangd.fileStatus
I[11:07:49.586] <-- textDocument/documentSymbol(26)
I[11:07:49.586] --> reply:textDocument/documentSymbol(26) 0 ms
I[11:07:49.586] --> textDocument/clangd.fileStatus
I[11:07:50.022] <-- textDocument/inlayHint(27)
I[11:07:50.022] --> reply:textDocument/inlayHint(27) 0 ms
I[11:07:50.022] --> textDocument/clangd.fileStatus
I[11:07:50.225] <-- textDocument/documentLink(28)
I[11:07:50.225] --> reply:textDocument/documentLink(28) 0 ms
I[11:07:50.225] --> textDocument/clangd.fileStatus
I[11:07:50.542] <-- textDocument/didSave
I[11:07:50.542] File version went from 3 to 3
I[11:07:50.542] --> textDocument/clangd.fileStatus
I[11:07:50.592] Failed to find compilation database for /home/david/Documentos/prueba_OS/RepasoExamen/311.c
I[11:07:50.592] ASTWorker building file /home/david/Documentos/prueba_OS/RepasoExamen/311.c version 3 with command clangd fallback
[/home/david/Documentos/prueba_OS/RepasoExamen]
/usr/bin/clang -resource-dir=/home/david/.vscode-oss/extensions/kylinideteam.kylin-clangd-0.4.0-linux-x64/res/clangd/lib/clang/21 -- /home/david/Documentos/prueba_OS/RepasoExamen/311.c
I[11:07:50.593] --> textDocument/clangd.fileStatus
I[11:07:50.593] --> textDocument/clangd.fileStatus
I[11:07:50.593] --> textDocument/clangd.fileStatus
I[11:07:50.593] --> textDocument/clangd.fileStatus
I[11:08:03.565] <-- textDocument/didOpen
I[11:08:03.565] Failed to find compilation database for /home/david/Documentos/prueba_OS/RepasoExamen/mistat.c
I[11:08:03.565] ASTWorker building file /home/david/Documentos/prueba_OS/RepasoExamen/mistat.c version 1 with command clangd fallback
[/home/david/Documentos/prueba_OS/RepasoExamen]
/usr/bin/clang -resource-dir=/home/david/.vscode-oss/extensions/kylinideteam.kylin-clangd-0.4.0-linux-x64/res/clangd/lib/clang/21 -- /home/david/Documentos/prueba_OS/RepasoExamen/mistat.c
I[11:08:03.566] --> textDocument/clangd.fileStatus
I[11:08:03.573] <-- textDocument/codeAction(29)
I[11:08:03.573] <-- textDocument/documentSymbol(30)
I[11:08:03.582] <-- textDocument/inlayHint(31)
I[11:08:03.582] <-- textDocument/documentLink(32)
I[11:08:03.592] Built preamble of size 571160 for file /home/david/Documentos/prueba_OS/RepasoExamen/mistat.c version 1 in 0.03 seconds
I[11:08:03.592] --> workspace/semanticTokens/refresh(1)
I[11:08:03.593] <-- reply(1)
I[11:08:03.598] --> textDocument/publishDiagnostics
I[11:08:03.598] --> textDocument/inactiveRegions
I[11:08:03.598] --> reply:textDocument/codeAction(29) 24 ms
I[11:08:03.598] --> reply:textDocument/documentSymbol(30) 24 ms
I[11:08:03.598] --> reply:textDocument/inlayHint(31) 16 ms
I[11:08:03.598] --> reply:textDocument/documentLink(32) 15 ms
I[11:08:03.598] --> textDocument/clangd.fileStatus
I[11:08:03.767] <-- textDocument/foldingRange(33)
I[11:08:03.767] --> reply:textDocument/foldingRange(33) 0 ms
I[11:08:03.868] <-- textDocument/documentSymbol(34)
I[11:08:03.868] --> reply:textDocument/documentSymbol(34) 0 ms
I[11:08:03.868] --> textDocument/clangd.fileStatus
I[11:09:23.702] <-- textDocument/hover(35)
I[11:09:23.702] --> reply:textDocument/hover(35) 0 ms
I[11:09:23.702] --> textDocument/clangd.fileStatus
I[11:09:24.661] <-- textDocument/hover(36)
I[11:09:24.661] --> reply:textDocument/hover(36) 0 ms
I[11:09:24.661] --> textDocument/clangd.fileStatus
I[11:09:26.290] <-- textDocument/codeAction(37)
I[11:09:26.290] --> reply:textDocument/codeAction(37) 0 ms
I[11:09:26.291] --> textDocument/clangd.fileStatus
I[11:09:26.326] <-- textDocument/documentLink(38)
I[11:09:26.326] --> reply:textDocument/documentLink(38) 0 ms
I[11:09:26.327] --> textDocument/clangd.fileStatus
I[11:09:26.343] <-- textDocument/inlayHint(39)
I[11:09:26.343] --> reply:textDocument/inlayHint(39) 0 ms
I[11:09:26.344] --> textDocument/clangd.fileStatus
I[11:09:26.386] <-- textDocument/documentHighlight(40)
I[11:09:26.386] --> reply:textDocument/documentHighlight(40) 0 ms
I[11:09:26.386] --> textDocument/clangd.fileStatus
I[11:09:26.482] <-- textDocument/foldingRange(41)
I[11:09:26.483] --> reply:textDocument/foldingRange(41) 0 ms
I[11:09:26.541] <-- textDocument/codeAction(42)
I[11:09:26.541] --> reply:textDocument/codeAction(42) 0 ms
I[11:09:26.541] --> textDocument/clangd.fileStatus
I[11:09:26.584] <-- textDocument/documentSymbol(43)
I[11:09:26.584] --> reply:textDocument/documentSymbol(43) 0 ms
I[11:09:26.584] --> textDocument/clangd.fileStatus
I[11:09:27.279] <-- textDocument/hover(44)
I[11:09:27.280] --> reply:textDocument/hover(44) 0 ms
I[11:09:27.280] --> textDocument/clangd.fileStatus
I[11:09:29.161] <-- textDocument/hover(45)
I[11:09:29.161] --> reply:textDocument/hover(45) 0 ms
I[11:09:29.161] --> textDocument/clangd.fileStatus
I[11:09:29.369] <-- textDocument/hover(46)
I[11:09:29.369] --> reply:textDocument/hover(46) 0 ms
I[11:09:29.369] --> textDocument/clangd.fileStatus
I[11:09:30.905] <-- textDocument/didChange
I[11:09:30.905] --> textDocument/clangd.fileStatus
I[11:09:30.920] <-- textDocument/completion(47)
I[11:09:30.926] Code complete: sema context Expression, query scopes [] (AnyScope=true), expected type <none>
I[11:09:30.926] Code complete: 0 results from Sema, 0 from Index, 0 matched, 0 from identifiers, 0 returned (incomplete).
I[11:09:30.926] --> reply:textDocument/completion(47) 5 ms
I[11:09:30.932] <-- textDocument/inlayHint(48)
I[11:09:30.932] Failed to find compilation database for /home/david/Documentos/prueba_OS/RepasoExamen/311.c
I[11:09:30.932] ASTWorker building file /home/david/Documentos/prueba_OS/RepasoExamen/311.c version 4 with command clangd fallback
[/home/david/Documentos/prueba_OS/RepasoExamen]
/usr/bin/clang -resource-dir=/home/david/.vscode-oss/extensions/kylinideteam.kylin-clangd-0.4.0-linux-x64/res/clangd/lib/clang/21 -- /home/david/Documentos/prueba_OS/RepasoExamen/311.c
I[11:09:30.933] --> textDocument/clangd.fileStatus
I[11:09:30.939] --> textDocument/publishDiagnostics
I[11:09:30.939] --> textDocument/inactiveRegions
I[11:09:30.939] --> reply:textDocument/inlayHint(48) 6 ms
I[11:09:30.939] --> textDocument/clangd.fileStatus
I[11:09:31.023] <-- textDocument/didChange
I[11:09:31.023] --> textDocument/clangd.fileStatus
I[11:09:31.038] <-- textDocument/completion(49)
I[11:09:31.043] Code complete: sema context Expression, query scopes [] (AnyScope=true), expected type <none>
I[11:09:31.043] Code complete: 0 results from Sema, 0 from Index, 0 matched, 0 from identifiers, 0 returned.
I[11:09:31.043] --> reply:textDocument/completion(49) 4 ms
I[11:09:31.049] <-- textDocument/inlayHint(50)
I[11:09:31.049] Failed to find compilation database for /home/david/Documentos/prueba_OS/RepasoExamen/311.c
I[11:09:31.050] ASTWorker building file /home/david/Documentos/prueba_OS/RepasoExamen/311.c version 5 with command clangd fallback
[/home/david/Documentos/prueba_OS/RepasoExamen]
/usr/bin/clang -resource-dir=/home/david/.vscode-oss/extensions/kylinideteam.kylin-clangd-0.4.0-linux-x64/res/clangd/lib/clang/21 -- /home/david/Documentos/prueba_OS/RepasoExamen/311.c
I[11:09:31.050] --> textDocument/clangd.fileStatus
I[11:09:31.056] --> textDocument/publishDiagnostics
I[11:09:31.056] --> textDocument/inactiveRegions
I[11:09:31.057] --> reply:textDocument/inlayHint(50) 7 ms
I[11:09:31.057] --> textDocument/clangd.fileStatus
I[11:09:31.224] <-- textDocument/foldingRange(51)
I[11:09:31.224] --> reply:textDocument/foldingRange(51) 0 ms
I[11:09:31.312] <-- textDocument/codeAction(52)
I[11:09:31.312] --> reply:textDocument/codeAction(52) 0 ms
I[11:09:31.312] --> textDocument/clangd.fileStatus
I[11:09:31.374] <-- textDocument/documentSymbol(53)
I[11:09:31.374] <-- textDocument/documentSymbol(54)
I[11:09:31.374] --> reply:textDocument/documentSymbol(53) 0 ms
I[11:09:31.375] --> reply:textDocument/documentSymbol(54) 0 ms
I[11:09:31.375] --> textDocument/clangd.fileStatus
I[11:09:31.825] <-- textDocument/inlayHint(55)
I[11:09:31.825] --> reply:textDocument/inlayHint(55) 0 ms
I[11:09:31.825] --> textDocument/clangd.fileStatus
I[11:09:32.024] <-- textDocument/documentLink(56)
I[11:09:32.024] --> reply:textDocument/documentLink(56) 0 ms
I[11:09:32.025] --> textDocument/clangd.fileStatus
I[11:09:32.184] <-- textDocument/didChange
I[11:09:32.184] --> textDocument/clangd.fileStatus
I[11:09:32.210] <-- textDocument/inlayHint(57)
I[11:09:32.210] Failed to find compilation database for /home/david/Documentos/prueba_OS/RepasoExamen/311.c
I[11:09:32.210] ASTWorker building file /home/david/Documentos/prueba_OS/RepasoExamen/311.c version 6 with command clangd fallback
[/home/david/Documentos/prueba_OS/RepasoExamen]
/usr/bin/clang -resource-dir=/home/david/.vscode-oss/extensions/kylinideteam.kylin-clangd-0.4.0-linux-x64/res/clangd/lib/clang/21 -- /home/david/Documentos/prueba_OS/RepasoExamen/311.c
I[11:09:32.211] --> textDocument/clangd.fileStatus
I[11:09:32.216] --> textDocument/publishDiagnostics
I[11:09:32.216] --> textDocument/inactiveRegions
I[11:09:32.216] --> reply:textDocument/inlayHint(57) 6 ms
I[11:09:32.217] --> textDocument/clangd.fileStatus
I[11:09:32.384] <-- textDocument/foldingRange(58)
I[11:09:32.385] --> reply:textDocument/foldingRange(58) 0 ms
I[11:09:32.464] <-- textDocument/didChange
I[11:09:32.464] --> textDocument/clangd.fileStatus
I[11:09:32.490] <-- textDocument/inlayHint(59)
I[11:09:32.490] Failed to find compilation database for /home/david/Documentos/prueba_OS/RepasoExamen/311.c
I[11:09:32.490] ASTWorker building file /home/david/Documentos/prueba_OS/RepasoExamen/311.c version 7 with command clangd fallback
[/home/david/Documentos/prueba_OS/RepasoExamen]
/usr/bin/clang -resource-dir=/home/david/.vscode-oss/extensions/kylinideteam.kylin-clangd-0.4.0-linux-x64/res/clangd/lib/clang/21 -- /home/david/Documentos/prueba_OS/RepasoExamen/311.c
I[11:09:32.491] --> textDocument/clangd.fileStatus
I[11:09:32.496] --> textDocument/publishDiagnostics
I[11:09:32.496] --> textDocument/inactiveRegions
I[11:09:32.496] --> reply:textDocument/inlayHint(59) 6 ms
I[11:09:32.496] --> textDocument/clangd.fileStatus
I[11:09:32.664] <-- textDocument/foldingRange(60)
I[11:09:32.664] --> reply:textDocument/foldingRange(60) 0 ms
I[11:09:32.749] <-- textDocument/codeAction(61)
I[11:09:32.749] --> reply:textDocument/codeAction(61) 0 ms
I[11:09:32.749] --> textDocument/clangd.fileStatus
I[11:09:32.814] <-- textDocument/documentSymbol(62)
I[11:09:32.814] <-- textDocument/documentSymbol(63)
I[11:09:32.814] --> reply:textDocument/documentSymbol(62) 0 ms
I[11:09:32.814] --> reply:textDocument/documentSymbol(63) 0 ms
I[11:09:32.814] --> textDocument/clangd.fileStatus
I[11:09:33.265] <-- textDocument/inlayHint(64)
I[11:09:33.265] --> reply:textDocument/inlayHint(64) 0 ms
I[11:09:33.265] --> textDocument/clangd.fileStatus
I[11:09:33.464] <-- textDocument/documentLink(65)
I[11:09:33.464] --> reply:textDocument/documentLink(65) 0 ms
I[11:09:33.464] --> textDocument/clangd.fileStatus
I[11:09:34.751] <-- textDocument/hover(66)
I[11:09:34.752] --> reply:textDocument/hover(66) 0 ms
I[11:09:34.752] --> textDocument/clangd.fileStatus
I[11:09:35.255] <-- textDocument/codeAction(67)
I[11:09:35.255] --> reply:textDocument/codeAction(67) 0 ms
I[11:09:35.255] --> textDocument/clangd.fileStatus
I[11:09:35.420] <-- textDocument/documentHighlight(68)
I[11:09:35.420] --> reply:textDocument/documentHighlight(68) 0 ms
I[11:09:35.420] --> textDocument/clangd.fileStatus
I[11:09:35.620] <-- textDocument/codeAction(69)
I[11:09:35.620] --> reply:textDocument/codeAction(69) 0 ms
I[11:09:35.620] --> textDocument/clangd.fileStatus
I[11:09:35.900] <-- textDocument/didChange
I[11:09:35.900] --> textDocument/clangd.fileStatus
I[11:09:35.926] <-- textDocument/inlayHint(70)
I[11:09:35.926] Failed to find compilation database for /home/david/Documentos/prueba_OS/RepasoExamen/311.c
I[11:09:35.926] ASTWorker building file /home/david/Documentos/prueba_OS/RepasoExamen/311.c version 8 with command clangd fallback
[/home/david/Documentos/prueba_OS/RepasoExamen]
/usr/bin/clang -resource-dir=/home/david/.vscode-oss/extensions/kylinideteam.kylin-clangd-0.4.0-linux-x64/res/clangd/lib/clang/21 -- /home/david/Documentos/prueba_OS/RepasoExamen/311.c
I[11:09:35.927] --> textDocument/clangd.fileStatus
I[11:09:35.932] --> textDocument/publishDiagnostics
I[11:09:35.932] --> textDocument/inactiveRegions
I[11:09:35.933] --> reply:textDocument/inlayHint(70) 7 ms
I[11:09:35.933] --> textDocument/clangd.fileStatus
I[11:09:36.014] <-- textDocument/didChange
I[11:09:36.014] --> textDocument/clangd.fileStatus
I[11:09:36.040] <-- textDocument/inlayHint(71)
I[11:09:36.040] Failed to find compilation database for /home/david/Documentos/prueba_OS/RepasoExamen/311.c
I[11:09:36.040] ASTWorker building file /home/david/Documentos/prueba_OS/RepasoExamen/311.c version 9 with command clangd fallback
[/home/david/Documentos/prueba_OS/RepasoExamen]
/usr/bin/clang -resource-dir=/home/david/.vscode-oss/extensions/kylinideteam.kylin-clangd-0.4.0-linux-x64/res/clangd/lib/clang/21 -- /home/david/Documentos/prueba_OS/RepasoExamen/311.c
I[11:09:36.041] --> textDocument/clangd.fileStatus
I[11:09:36.046] --> textDocument/publishDiagnostics
I[11:09:36.046] --> textDocument/inactiveRegions
I[11:09:36.046] --> reply:textDocument/inlayHint(71) 6 ms
I[11:09:36.046] --> textDocument/clangd.fileStatus
I[11:09:36.215] <-- textDocument/foldingRange(72)
I[11:09:36.215] --> reply:textDocument/foldingRange(72) 0 ms
I[11:09:36.264] <-- textDocument/codeAction(73)
I[11:09:36.264] --> reply:textDocument/codeAction(73) 0 ms
I[11:09:36.265] --> textDocument/clangd.fileStatus
I[11:09:36.364] <-- textDocument/documentSymbol(74)
I[11:09:36.365] <-- textDocument/documentSymbol(75)
I[11:09:36.365] --> reply:textDocument/documentSymbol(74) 0 ms
I[11:09:36.365] --> reply:textDocument/documentSymbol(75) 0 ms
I[11:09:36.365] --> textDocument/clangd.fileStatus
I[11:09:36.648] <-- textDocument/didSave
I[11:09:36.648] File version went from 1 to 1
I[11:09:36.648] File version went from 9 to 9
I[11:09:36.648] --> textDocument/clangd.fileStatus
I[11:09:36.648] --> textDocument/clangd.fileStatus
I[11:09:36.699] Failed to find compilation database for /home/david/Documentos/prueba_OS/RepasoExamen/mistat.c
I[11:09:36.699] ASTWorker building file /home/david/Documentos/prueba_OS/RepasoExamen/mistat.c version 1 with command clangd fallback
[/home/david/Documentos/prueba_OS/RepasoExamen]
/usr/bin/clang -resource-dir=/home/david/.vscode-oss/extensions/kylinideteam.kylin-clangd-0.4.0-linux-x64/res/clangd/lib/clang/21 -- /home/david/Documentos/prueba_OS/RepasoExamen/mistat.c
I[11:09:36.699] Failed to find compilation database for /home/david/Documentos/prueba_OS/RepasoExamen/311.c
I[11:09:36.699] ASTWorker building file /home/david/Documentos/prueba_OS/RepasoExamen/311.c version 9 with command clangd fallback
[/home/david/Documentos/prueba_OS/RepasoExamen]
/usr/bin/clang -resource-dir=/home/david/.vscode-oss/extensions/kylinideteam.kylin-clangd-0.4.0-linux-x64/res/clangd/lib/clang/21 -- /home/david/Documentos/prueba_OS/RepasoExamen/311.c
I[11:09:36.699] --> textDocument/clangd.fileStatus
I[11:09:36.699] --> textDocument/clangd.fileStatus
I[11:09:36.699] --> textDocument/clangd.fileStatus
I[11:09:36.700] --> textDocument/clangd.fileStatus
I[11:09:36.700] --> textDocument/clangd.fileStatus
I[11:09:36.700] --> textDocument/clangd.fileStatus
I[11:09:36.700] --> textDocument/clangd.fileStatus
I[11:09:36.700] --> textDocument/clangd.fileStatus
I[11:09:36.815] <-- textDocument/inlayHint(76)
I[11:09:36.815] --> reply:textDocument/inlayHint(76) 0 ms
I[11:09:36.815] --> textDocument/clangd.fileStatus
I[11:09:37.015] <-- textDocument/documentLink(77)
I[11:09:37.015] --> reply:textDocument/documentLink(77) 0 ms
I[11:09:37.015] --> textDocument/clangd.fileStatus
I[11:10:47.858] <-- textDocument/hover(78)
I[11:10:47.859] --> reply:textDocument/hover(78) 0 ms
I[11:10:47.859] --> textDocument/clangd.fileStatus
I[11:10:49.508] <-- textDocument/codeAction(79)
I[11:10:49.508] --> reply:textDocument/codeAction(79) 0 ms
I[11:10:49.508] --> textDocument/clangd.fileStatus
I[11:10:50.184] <-- textDocument/codeAction(80)
I[11:10:50.184] --> reply:textDocument/codeAction(80) 0 ms
I[11:10:50.184] --> textDocument/clangd.fileStatus
I[11:10:50.280] <-- textDocument/didChange
I[11:10:50.280] --> textDocument/clangd.fileStatus
I[11:10:50.307] <-- textDocument/inlayHint(81)
I[11:10:50.307] Failed to find compilation database for /home/david/Documentos/prueba_OS/RepasoExamen/311.c
I[11:10:50.307] ASTWorker building file /home/david/Documentos/prueba_OS/RepasoExamen/311.c version 10 with command clangd fallback
[/home/david/Documentos/prueba_OS/RepasoExamen]
/usr/bin/clang -resource-dir=/home/david/.vscode-oss/extensions/kylinideteam.kylin-clangd-0.4.0-linux-x64/res/clangd/lib/clang/21 -- /home/david/Documentos/prueba_OS/RepasoExamen/311.c
I[11:10:50.308] --> textDocument/clangd.fileStatus
I[11:10:50.313] --> textDocument/publishDiagnostics
I[11:10:50.313] --> textDocument/inactiveRegions
I[11:10:50.313] --> reply:textDocument/inlayHint(81) 6 ms
I[11:10:50.313] --> textDocument/clangd.fileStatus
I[11:10:50.482] <-- textDocument/foldingRange(82)
I[11:10:50.483] --> reply:textDocument/foldingRange(82) 0 ms
I[11:10:50.632] <-- textDocument/documentSymbol(83)
I[11:10:50.632] <-- textDocument/documentSymbol(84)
I[11:10:50.632] --> reply:textDocument/documentSymbol(83) 0 ms
I[11:10:50.632] --> reply:textDocument/documentSymbol(84) 0 ms
I[11:10:50.632] --> textDocument/clangd.fileStatus
I[11:10:51.082] <-- textDocument/inlayHint(85)
I[11:10:51.082] --> reply:textDocument/inlayHint(85) 0 ms
I[11:10:51.083] --> textDocument/clangd.fileStatus
I[11:10:51.137] <-- textDocument/didChange
I[11:10:51.137] --> textDocument/clangd.fileStatus
I[11:10:51.149] <-- textDocument/completion(86)
I[11:10:51.152] Code complete: sema context Statement, query scopes [] (AnyScope=true), expected type <none>
I[11:10:51.153] Code complete: 2 results from Sema, 73 from Index, 0 matched, 0 from identifiers, 75 returned (incomplete).
I[11:10:51.155] --> reply:textDocument/completion(86) 6 ms
I[11:10:51.171] <-- textDocument/inlayHint(87)
I[11:10:51.172] Failed to find compilation database for /home/david/Documentos/prueba_OS/RepasoExamen/311.c
I[11:10:51.172] ASTWorker building file /home/david/Documentos/prueba_OS/RepasoExamen/311.c version 11 with command clangd fallback
[/home/david/Documentos/prueba_OS/RepasoExamen]
/usr/bin/clang -resource-dir=/home/david/.vscode-oss/extensions/kylinideteam.kylin-clangd-0.4.0-linux-x64/res/clangd/lib/clang/21 -- /home/david/Documentos/prueba_OS/RepasoExamen/311.c
I[11:10:51.172] --> textDocument/clangd.fileStatus
I[11:10:51.176] --> textDocument/publishDiagnostics
I[11:10:51.176] --> textDocument/inactiveRegions
I[11:10:51.176] --> reply:textDocument/inlayHint(87) 4 ms
I[11:10:51.176] --> textDocument/clangd.fileStatus
I[11:10:51.245] <-- textDocument/didChange
I[11:10:51.245] --> textDocument/clangd.fileStatus
I[11:10:51.245] <-- textDocument/completion(88)
I[11:10:51.249] Code complete: sema context Statement, query scopes [] (AnyScope=true), expected type <none>
I[11:10:51.249] Code complete: 2 results from Sema, 25 from Index, 0 matched, 0 from identifiers, 27 returned (incomplete).
I[11:10:51.249] --> reply:textDocument/completion(88) 3 ms
I[11:10:51.271] <-- textDocument/inlayHint(89)
I[11:10:51.271] Failed to find compilation database for /home/david/Documentos/prueba_OS/RepasoExamen/311.c
I[11:10:51.271] ASTWorker building file /home/david/Documentos/prueba_OS/RepasoExamen/311.c version 12 with command clangd fallback
[/home/david/Documentos/prueba_OS/RepasoExamen]
/usr/bin/clang -resource-dir=/home/david/.vscode-oss/extensions/kylinideteam.kylin-clangd-0.4.0-linux-x64/res/clangd/lib/clang/21 -- /home/david/Documentos/prueba_OS/RepasoExamen/311.c
I[11:10:51.272] --> textDocument/clangd.fileStatus
I[11:10:51.275] --> textDocument/publishDiagnostics
I[11:10:51.275] --> textDocument/inactiveRegions
I[11:10:51.275] --> reply:textDocument/inlayHint(89) 4 ms
I[11:10:51.275] --> textDocument/clangd.fileStatus
I[11:10:51.417] <-- textDocument/didChange
I[11:10:51.417] --> textDocument/clangd.fileStatus
I[11:10:51.418] <-- textDocument/completion(90)
I[11:10:51.422] Code complete: sema context Statement, query scopes [] (AnyScope=true), expected type <none>
I[11:10:51.422] Code complete: 1 results from Sema, 1 from Index, 0 matched, 0 from identifiers, 2 returned.
I[11:10:51.422] --> reply:textDocument/completion(90) 4 ms
I[11:10:51.443] <-- textDocument/inlayHint(91)
I[11:10:51.443] Failed to find compilation database for /home/david/Documentos/prueba_OS/RepasoExamen/311.c
I[11:10:51.443] ASTWorker building file /home/david/Documentos/prueba_OS/RepasoExamen/311.c version 13 with command clangd fallback
[/home/david/Documentos/prueba_OS/RepasoExamen]
/usr/bin/clang -resource-dir=/home/david/.vscode-oss/extensions/kylinideteam.kylin-clangd-0.4.0-linux-x64/res/clangd/lib/clang/21 -- /home/david/Documentos/prueba_OS/RepasoExamen/311.c
I[11:10:51.444] --> textDocument/clangd.fileStatus
I[11:10:51.448] --> textDocument/publishDiagnostics
I[11:10:51.448] --> textDocument/inactiveRegions
I[11:10:51.448] --> reply:textDocument/inlayHint(91) 4 ms
I[11:10:51.448] --> textDocument/clangd.fileStatus
I[11:10:51.549] <-- textDocument/didChange
I[11:10:51.549] --> textDocument/clangd.fileStatus
I[11:10:51.550] <-- textDocument/completion(92)
I[11:10:51.554] Code complete: sema context Statement, query scopes [] (AnyScope=true), expected type <none>
I[11:10:51.554] Code complete: 1 results from Sema, 0 from Index, 0 matched, 0 from identifiers, 1 returned.
I[11:10:51.554] --> reply:textDocument/completion(92) 3 ms
I[11:10:51.575] <-- textDocument/inlayHint(93)
I[11:10:51.575] Failed to find compilation database for /home/david/Documentos/prueba_OS/RepasoExamen/311.c
I[11:10:51.576] ASTWorker building file /home/david/Documentos/prueba_OS/RepasoExamen/311.c version 14 with command clangd fallback
[/home/david/Documentos/prueba_OS/RepasoExamen]
/usr/bin/clang -resource-dir=/home/david/.vscode-oss/extensions/kylinideteam.kylin-clangd-0.4.0-linux-x64/res/clangd/lib/clang/21 -- /home/david/Documentos/prueba_OS/RepasoExamen/311.c
I[11:10:51.576] --> textDocument/clangd.fileStatus
I[11:10:51.580] --> textDocument/publishDiagnostics
I[11:10:51.580] --> textDocument/inactiveRegions
I[11:10:51.581] --> reply:textDocument/inlayHint(93) 5 ms
I[11:10:51.581] --> textDocument/clangd.fileStatus
I[11:10:51.655] <-- textDocument/didChange
I[11:10:51.655] --> textDocument/clangd.fileStatus
I[11:10:51.656] <-- textDocument/completion(94)
I[11:10:51.661] Code complete: sema context Statement, query scopes [] (AnyScope=true), expected type <none>
I[11:10:51.661] Code complete: 1 results from Sema, 0 from Index, 0 matched, 0 from identifiers, 1 returned.
I[11:10:51.661] --> reply:textDocument/completion(94) 5 ms
I[11:10:51.681] <-- textDocument/inlayHint(95)
I[11:10:51.681] Failed to find compilation database for /home/david/Documentos/prueba_OS/RepasoExamen/311.c
I[11:10:51.682] ASTWorker building file /home/david/Documentos/prueba_OS/RepasoExamen/311.c version 15 with command clangd fallback
[/home/david/Documentos/prueba_OS/RepasoExamen]
/usr/bin/clang -resource-dir=/home/david/.vscode-oss/extensions/kylinideteam.kylin-clangd-0.4.0-linux-x64/res/clangd/lib/clang/21 -- /home/david/Documentos/prueba_OS/RepasoExamen/311.c
I[11:10:51.682] --> textDocument/clangd.fileStatus
I[11:10:51.686] --> textDocument/publishDiagnostics
I[11:10:51.686] --> textDocument/inactiveRegions
I[11:10:51.686] --> reply:textDocument/inlayHint(95) 4 ms
I[11:10:51.686] --> textDocument/clangd.fileStatus
I[11:10:51.778] <-- textDocument/didChange
I[11:10:51.778] --> textDocument/clangd.fileStatus
I[11:10:51.779] <-- textDocument/completion(96)
I[11:10:51.783] Code complete: sema context Statement, query scopes [] (AnyScope=true), expected type <none>
I[11:10:51.783] Code complete: 1 results from Sema, 0 from Index, 0 matched, 0 from identifiers, 1 returned.
I[11:10:51.783] --> reply:textDocument/completion(96) 4 ms
I[11:10:51.804] <-- textDocument/inlayHint(97)
I[11:10:51.804] Failed to find compilation database for /home/david/Documentos/prueba_OS/RepasoExamen/311.c
I[11:10:51.804] ASTWorker building file /home/david/Documentos/prueba_OS/RepasoExamen/311.c version 16 with command clangd fallback
[/home/david/Documentos/prueba_OS/RepasoExamen]
/usr/bin/clang -resource-dir=/home/david/.vscode-oss/extensions/kylinideteam.kylin-clangd-0.4.0-linux-x64/res/clangd/lib/clang/21 -- /home/david/Documentos/prueba_OS/RepasoExamen/311.c
I[11:10:51.805] --> textDocument/clangd.fileStatus
I[11:10:51.808] --> textDocument/publishDiagnostics
I[11:10:51.808] --> textDocument/inactiveRegions
I[11:10:51.808] --> reply:textDocument/inlayHint(97) 4 ms
I[11:10:51.808] --> textDocument/clangd.fileStatus
I[11:10:51.979] <-- textDocument/foldingRange(98)
I[11:10:51.979] --> reply:textDocument/foldingRange(98) 0 ms
I[11:10:52.061] <-- textDocument/codeAction(99)
I[11:10:52.061] --> reply:textDocument/codeAction(99) 0 ms
I[11:10:52.061] --> textDocument/clangd.fileStatus
I[11:10:52.129] <-- textDocument/documentSymbol(100)
I[11:10:52.129] <-- textDocument/documentSymbol(101)
I[11:10:52.129] --> reply:textDocument/documentSymbol(100) 0 ms
I[11:10:52.129] --> reply:textDocument/documentSymbol(101) 0 ms
I[11:10:52.129] --> textDocument/clangd.fileStatus
I[11:10:52.468] <-- textDocument/didChange
I[11:10:52.469] --> textDocument/clangd.fileStatus
I[11:10:52.495] <-- textDocument/inlayHint(102)
I[11:10:52.495] Failed to find compilation database for /home/david/Documentos/prueba_OS/RepasoExamen/311.c
I[11:10:52.495] ASTWorker building file /home/david/Documentos/prueba_OS/RepasoExamen/311.c version 17 with command clangd fallback
[/home/david/Documentos/prueba_OS/RepasoExamen]
/usr/bin/clang -resource-dir=/home/david/.vscode-oss/extensions/kylinideteam.kylin-clangd-0.4.0-linux-x64/res/clangd/lib/clang/21 -- /home/david/Documentos/prueba_OS/RepasoExamen/311.c
I[11:10:52.496] --> textDocument/clangd.fileStatus
I[11:10:52.499] --> textDocument/publishDiagnostics
I[11:10:52.499] --> textDocument/inactiveRegions
I[11:10:52.499] --> reply:textDocument/inlayHint(102) 4 ms
I[11:10:52.499] --> textDocument/clangd.fileStatus
I[11:10:52.669] <-- textDocument/foldingRange(103)
I[11:10:52.670] --> reply:textDocument/foldingRange(103) 0 ms
I[11:10:52.819] <-- textDocument/documentSymbol(104)
I[11:10:52.819] <-- textDocument/documentSymbol(105)
I[11:10:52.819] --> reply:textDocument/documentSymbol(104) 0 ms
I[11:10:52.819] --> reply:textDocument/documentSymbol(105) 0 ms
I[11:10:52.819] --> textDocument/clangd.fileStatus
I[11:10:53.269] <-- textDocument/inlayHint(106)
I[11:10:53.269] --> reply:textDocument/inlayHint(106) 0 ms
I[11:10:53.269] --> textDocument/clangd.fileStatus
I[11:10:53.275] <-- textDocument/didChange
I[11:10:53.275] --> textDocument/clangd.fileStatus
I[11:10:53.300] <-- textDocument/inlayHint(107)
I[11:10:53.301] Failed to find compilation database for /home/david/Documentos/prueba_OS/RepasoExamen/311.c
I[11:10:53.301] ASTWorker building file /home/david/Documentos/prueba_OS/RepasoExamen/311.c version 18 with command clangd fallback
[/home/david/Documentos/prueba_OS/RepasoExamen]
/usr/bin/clang -resource-dir=/home/david/.vscode-oss/extensions/kylinideteam.kylin-clangd-0.4.0-linux-x64/res/clangd/lib/clang/21 -- /home/david/Documentos/prueba_OS/RepasoExamen/311.c
I[11:10:53.301] --> textDocument/clangd.fileStatus
I[11:10:53.304] --> textDocument/publishDiagnostics
I[11:10:53.304] --> textDocument/inactiveRegions
I[11:10:53.304] --> reply:textDocument/inlayHint(107) 4 ms
I[11:10:53.304] --> textDocument/clangd.fileStatus
I[11:10:53.475] <-- textDocument/foldingRange(108)
I[11:10:53.475] --> reply:textDocument/foldingRange(108) 0 ms
I[11:10:53.557] <-- textDocument/codeAction(109)
I[11:10:53.557] --> reply:textDocument/codeAction(109) 0 ms
I[11:10:53.557] --> textDocument/clangd.fileStatus
I[11:10:53.625] <-- textDocument/documentSymbol(110)
I[11:10:53.625] --> reply:textDocument/documentSymbol(110) 0 ms
I[11:10:53.625] --> textDocument/clangd.fileStatus
I[11:10:53.625] <-- textDocument/documentSymbol(111)
I[11:10:53.625] --> reply:textDocument/documentSymbol(111) 0 ms
I[11:10:53.625] --> textDocument/clangd.fileStatus
I[11:10:53.904] <-- textDocument/didChange
I[11:10:53.904] --> textDocument/clangd.fileStatus
I[11:10:53.930] <-- textDocument/inlayHint(112)
I[11:10:53.930] Failed to find compilation database for /home/david/Documentos/prueba_OS/RepasoExamen/311.c
I[11:10:53.930] ASTWorker building file /home/david/Documentos/prueba_OS/RepasoExamen/311.c version 19 with command clangd fallback
[/home/david/Documentos/prueba_OS/RepasoExamen]
/usr/bin/clang -resource-dir=/home/david/.vscode-oss/extensions/kylinideteam.kylin-clangd-0.4.0-linux-x64/res/clangd/lib/clang/21 -- /home/david/Documentos/prueba_OS/RepasoExamen/311.c
I[11:10:53.931] --> textDocument/clangd.fileStatus
I[11:10:53.934] --> textDocument/publishDiagnostics
I[11:10:53.934] --> textDocument/inactiveRegions
I[11:10:53.934] --> reply:textDocument/inlayHint(112) 4 ms
I[11:10:53.934] --> textDocument/clangd.fileStatus
I[11:10:54.105] <-- textDocument/foldingRange(113)
I[11:10:54.105] --> reply:textDocument/foldingRange(113) 0 ms
I[11:10:54.186] <-- textDocument/codeAction(114)
I[11:10:54.187] --> reply:textDocument/codeAction(114) 0 ms
I[11:10:54.187] --> textDocument/clangd.fileStatus
I[11:10:54.255] <-- textDocument/documentSymbol(115)
I[11:10:54.255] <-- textDocument/documentSymbol(116)
I[11:10:54.255] --> reply:textDocument/documentSymbol(115) 0 ms
I[11:10:54.255] --> reply:textDocument/documentSymbol(116) 0 ms
I[11:10:54.255] --> textDocument/clangd.fileStatus
I[11:10:54.371] <-- textDocument/didSave
I[11:10:54.371] File version went from 1 to 1
I[11:10:54.371] File version went from 19 to 19
I[11:10:54.371] --> textDocument/clangd.fileStatus
I[11:10:54.371] --> textDocument/clangd.fileStatus
I[11:10:54.421] Failed to find compilation database for /home/david/Documentos/prueba_OS/RepasoExamen/mistat.c
I[11:10:54.421] ASTWorker building file /home/david/Documentos/prueba_OS/RepasoExamen/mistat.c version 1 with command clangd fallback
[/home/david/Documentos/prueba_OS/RepasoExamen]
/usr/bin/clang -resource-dir=/home/david/.vscode-oss/extensions/kylinideteam.kylin-clangd-0.4.0-linux-x64/res/clangd/lib/clang/21 -- /home/david/Documentos/prueba_OS/RepasoExamen/mistat.c
I[11:10:54.421] Failed to find compilation database for /home/david/Documentos/prueba_OS/RepasoExamen/311.c
I[11:10:54.421] ASTWorker building file /home/david/Documentos/prueba_OS/RepasoExamen/311.c version 19 with command clangd fallback
[/home/david/Documentos/prueba_OS/RepasoExamen]
/usr/bin/clang -resource-dir=/home/david/.vscode-oss/extensions/kylinideteam.kylin-clangd-0.4.0-linux-x64/res/clangd/lib/clang/21 -- /home/david/Documentos/prueba_OS/RepasoExamen/311.c
I[11:10:54.422] --> textDocument/clangd.fileStatus
I[11:10:54.422] --> textDocument/clangd.fileStatus
I[11:10:54.422] --> textDocument/clangd.fileStatus
I[11:10:54.422] --> textDocument/clangd.fileStatus
I[11:10:54.422] --> textDocument/clangd.fileStatus
I[11:10:54.422] --> textDocument/clangd.fileStatus
I[11:10:54.422] --> textDocument/clangd.fileStatus
I[11:10:54.422] --> textDocument/clangd.fileStatus
I[11:10:54.705] <-- textDocument/inlayHint(117)
I[11:10:54.705] --> reply:textDocument/inlayHint(117) 0 ms
I[11:10:54.706] --> textDocument/clangd.fileStatus
I[11:10:54.905] <-- textDocument/documentLink(118)
I[11:10:54.905] --> reply:textDocument/documentLink(118) 0 ms
I[11:10:54.905] --> textDocument/clangd.fileStatus
I[11:11:23.114] <-- textDocument/documentHighlight(119)
I[11:11:23.114] --> reply:textDocument/documentHighlight(119) 0 ms
I[11:11:23.114] --> textDocument/clangd.fileStatus
I[11:11:23.313] <-- textDocument/codeAction(120)
I[11:11:23.313] --> reply:textDocument/codeAction(120) 0 ms
I[11:11:23.313] --> textDocument/clangd.fileStatus
I[11:11:43.676] <-- textDocument/codeAction(121)
I[11:11:43.676] --> reply:textDocument/codeAction(121) 0 ms
I[11:11:43.676] --> textDocument/clangd.fileStatus
I[11:11:43.708] <-- textDocument/documentLink(122)
I[11:11:43.709] --> reply:textDocument/documentLink(122) 0 ms
I[11:11:43.709] --> textDocument/clangd.fileStatus
I[11:11:43.712] <-- textDocument/inlayHint(123)
I[11:11:43.712] --> reply:textDocument/inlayHint(123) 0 ms
I[11:11:43.712] --> textDocument/clangd.fileStatus
I[11:11:43.870] <-- textDocument/foldingRange(124)
I[11:11:43.870] --> reply:textDocument/foldingRange(124) 0 ms
I[11:11:43.925] <-- textDocument/codeAction(125)
I[11:11:43.925] --> reply:textDocument/codeAction(125) 0 ms
I[11:11:43.926] --> textDocument/clangd.fileStatus
I[11:11:43.972] <-- textDocument/documentSymbol(126)
I[11:11:43.972] --> reply:textDocument/documentSymbol(126) 0 ms
I[11:11:43.972] --> textDocument/clangd.fileStatus
I[11:18:30.487] <-- textDocument/codeAction(127)
I[11:18:30.487] --> reply:textDocument/codeAction(127) 0 ms
I[11:18:30.487] --> textDocument/clangd.fileStatus
I[11:18:30.509] <-- textDocument/documentLink(128)
I[11:18:30.510] --> reply:textDocument/documentLink(128) 0 ms
I[11:18:30.510] --> textDocument/clangd.fileStatus
I[11:18:30.520] <-- textDocument/inlayHint(129)
I[11:18:30.520] --> reply:textDocument/inlayHint(129) 0 ms
I[11:18:30.520] --> textDocument/clangd.fileStatus
I[11:18:30.682] <-- textDocument/foldingRange(130)
I[11:18:30.683] --> reply:textDocument/foldingRange(130) 0 ms
I[11:18:30.737] <-- textDocument/codeAction(131)
I[11:18:30.737] --> reply:textDocument/codeAction(131) 0 ms
I[11:18:30.737] --> textDocument/clangd.fileStatus
I[11:18:30.784] <-- textDocument/documentSymbol(132)
I[11:18:30.784] --> reply:textDocument/documentSymbol(132) 0 ms
I[11:18:30.784] --> textDocument/clangd.fileStatus
I[11:18:34.358] <-- textDocument/hover(133)
I[11:18:34.359] --> reply:textDocument/hover(133) 0 ms
I[11:18:34.359] --> textDocument/clangd.fileStatus
I[11:18:43.472] <-- textDocument/codeAction(134)
I[11:18:43.472] --> reply:textDocument/codeAction(134) 0 ms
I[11:18:43.472] --> textDocument/clangd.fileStatus
I[11:18:43.601] <-- textDocument/didChange
I[11:18:43.602] --> textDocument/clangd.fileStatus
I[11:18:43.629] <-- textDocument/inlayHint(135)
I[11:18:43.629] Failed to find compilation database for /home/david/Documentos/prueba_OS/RepasoExamen/311.c
I[11:18:43.629] ASTWorker building file /home/david/Documentos/prueba_OS/RepasoExamen/311.c version 20 with command clangd fallback
[/home/david/Documentos/prueba_OS/RepasoExamen]
/usr/bin/clang -resource-dir=/home/david/.vscode-oss/extensions/kylinideteam.kylin-clangd-0.4.0-linux-x64/res/clangd/lib/clang/21 -- /home/david/Documentos/prueba_OS/RepasoExamen/311.c
I[11:18:43.630] --> textDocument/clangd.fileStatus
I[11:18:43.635] --> textDocument/publishDiagnostics
I[11:18:43.635] --> textDocument/inactiveRegions
I[11:18:43.635] --> reply:textDocument/inlayHint(135) 6 ms
I[11:18:43.635] --> textDocument/clangd.fileStatus
I[11:18:43.804] <-- textDocument/foldingRange(136)
I[11:18:43.804] --> reply:textDocument/foldingRange(136) 0 ms
I[11:18:43.954] <-- textDocument/documentSymbol(137)
I[11:18:43.954] <-- textDocument/documentSymbol(138)
I[11:18:43.954] --> reply:textDocument/documentSymbol(137) 0 ms
I[11:18:43.954] --> reply:textDocument/documentSymbol(138) 0 ms
I[11:18:43.954] --> textDocument/clangd.fileStatus
I[11:18:44.404] <-- textDocument/inlayHint(139)
I[11:18:44.404] --> reply:textDocument/inlayHint(139) 0 ms
I[11:18:44.404] --> textDocument/clangd.fileStatus
I[11:18:44.606] <-- textDocument/documentLink(140)
I[11:18:44.606] --> reply:textDocument/documentLink(140) 0 ms
I[11:18:44.606] --> textDocument/clangd.fileStatus
I[11:18:46.492] <-- textDocument/didChange
I[11:18:46.492] --> textDocument/clangd.fileStatus
I[11:18:46.503] <-- textDocument/completion(141)
I[11:18:46.507] Code complete: sema context Statement, query scopes [] (AnyScope=true), expected type <none>
I[11:18:46.507] Code complete: 1 results from Sema, 90 from Index, 0 matched, 0 from identifiers, 91 returned (incomplete).
I[11:18:46.509] --> reply:textDocument/completion(141) 6 ms
I[11:18:46.527] <-- textDocument/inlayHint(142)
I[11:18:46.527] Failed to find compilation database for /home/david/Documentos/prueba_OS/RepasoExamen/311.c
I[11:18:46.527] ASTWorker building file /home/david/Documentos/prueba_OS/RepasoExamen/311.c version 21 with command clangd fallback
[/home/david/Documentos/prueba_OS/RepasoExamen]
/usr/bin/clang -resource-dir=/home/david/.vscode-oss/extensions/kylinideteam.kylin-clangd-0.4.0-linux-x64/res/clangd/lib/clang/21 -- /home/david/Documentos/prueba_OS/RepasoExamen/311.c
I[11:18:46.528] --> textDocument/clangd.fileStatus
I[11:18:46.531] --> textDocument/publishDiagnostics
I[11:18:46.532] --> textDocument/inactiveRegions
I[11:18:46.532] --> reply:textDocument/inlayHint(142) 4 ms
I[11:18:46.532] --> textDocument/clangd.fileStatus
I[11:18:46.605] <-- textDocument/didChange
I[11:18:46.605] <-- textDocument/completion(143)
I[11:18:46.605] --> textDocument/clangd.fileStatus
I[11:18:46.609] Code complete: sema context Statement, query scopes [] (AnyScope=true), expected type <none>
I[11:18:46.609] Code complete: 0 results from Sema, 8 from Index, 0 matched, 0 from identifiers, 8 returned (incomplete).
I[11:18:46.609] --> reply:textDocument/completion(143) 3 ms
I[11:18:46.631] <-- textDocument/inlayHint(144)
I[11:18:46.632] Failed to find compilation database for /home/david/Documentos/prueba_OS/RepasoExamen/311.c
I[11:18:46.632] ASTWorker building file /home/david/Documentos/prueba_OS/RepasoExamen/311.c version 22 with command clangd fallback
[/home/david/Documentos/prueba_OS/RepasoExamen]
/usr/bin/clang -resource-dir=/home/david/.vscode-oss/extensions/kylinideteam.kylin-clangd-0.4.0-linux-x64/res/clangd/lib/clang/21 -- /home/david/Documentos/prueba_OS/RepasoExamen/311.c
I[11:18:46.632] --> textDocument/clangd.fileStatus
I[11:18:46.636] --> textDocument/publishDiagnostics
I[11:18:46.636] --> textDocument/inactiveRegions
I[11:18:46.636] --> reply:textDocument/inlayHint(144) 5 ms
I[11:18:46.636] --> textDocument/clangd.fileStatus
I[11:18:46.756] <-- textDocument/didChange
I[11:18:46.756] --> textDocument/clangd.fileStatus
I[11:18:46.756] <-- textDocument/completion(145)
I[11:18:46.760] Code complete: sema context Statement, query scopes [] (AnyScope=true), expected type <none>
I[11:18:46.760] Code complete: 0 results from Sema, 10 from Index, 0 matched, 0 from identifiers, 10 returned.
I[11:18:46.760] --> reply:textDocument/completion(145) 3 ms
I[11:18:46.782] <-- textDocument/inlayHint(146)
I[11:18:46.782] Failed to find compilation database for /home/david/Documentos/prueba_OS/RepasoExamen/311.c
I[11:18:46.782] ASTWorker building file /home/david/Documentos/prueba_OS/RepasoExamen/311.c version 23 with command clangd fallback
[/home/david/Documentos/prueba_OS/RepasoExamen]
/usr/bin/clang -resource-dir=/home/david/.vscode-oss/extensions/kylinideteam.kylin-clangd-0.4.0-linux-x64/res/clangd/lib/clang/21 -- /home/david/Documentos/prueba_OS/RepasoExamen/311.c
I[11:18:46.782] --> textDocument/clangd.fileStatus
I[11:18:46.788] --> textDocument/publishDiagnostics
I[11:18:46.788] --> textDocument/inactiveRegions
I[11:18:46.788] --> reply:textDocument/inlayHint(146) 6 ms
I[11:18:46.788] --> textDocument/clangd.fileStatus
I[11:18:46.957] <-- textDocument/foldingRange(147)
I[11:18:46.957] --> reply:textDocument/foldingRange(147) 0 ms
I[11:18:46.967] <-- textDocument/didChange
I[11:18:46.967] --> textDocument/clangd.fileStatus
I[11:18:46.968] <-- textDocument/completion(148)
I[11:18:46.971] Code complete: sema context Statement, query scopes [] (AnyScope=true), expected type <none>
I[11:18:46.971] Code complete: 1 results from Sema, 10 from Index, 1 matched, 0 from identifiers, 10 returned.
I[11:18:46.971] --> reply:textDocument/completion(148) 3 ms
I[11:18:46.993] <-- textDocument/inlayHint(149)
I[11:18:46.993] Failed to find compilation database for /home/david/Documentos/prueba_OS/RepasoExamen/311.c
I[11:18:46.993] ASTWorker building file /home/david/Documentos/prueba_OS/RepasoExamen/311.c version 24 with command clangd fallback
[/home/david/Documentos/prueba_OS/RepasoExamen]
/usr/bin/clang -resource-dir=/home/david/.vscode-oss/extensions/kylinideteam.kylin-clangd-0.4.0-linux-x64/res/clangd/lib/clang/21 -- /home/david/Documentos/prueba_OS/RepasoExamen/311.c
I[11:18:46.994] --> textDocument/clangd.fileStatus
I[11:18:46.998] --> textDocument/publishDiagnostics
I[11:18:46.998] --> textDocument/inactiveRegions
I[11:18:46.998] --> reply:textDocument/inlayHint(149) 4 ms
I[11:18:46.998] --> textDocument/clangd.fileStatus
I[11:18:47.168] <-- textDocument/foldingRange(150)
I[11:18:47.168] --> reply:textDocument/foldingRange(150) 0 ms
I[11:18:47.251] <-- textDocument/codeAction(151)
I[11:18:47.251] --> reply:textDocument/codeAction(151) 0 ms
I[11:18:47.251] --> textDocument/clangd.fileStatus
I[11:18:47.318] <-- textDocument/documentSymbol(152)
I[11:18:47.318] <-- textDocument/documentSymbol(153)
I[11:18:47.318] --> reply:textDocument/documentSymbol(152) 0 ms
I[11:18:47.318] --> reply:textDocument/documentSymbol(153) 0 ms
I[11:18:47.318] --> textDocument/clangd.fileStatus
I[11:18:47.768] <-- textDocument/inlayHint(154)
I[11:18:47.768] --> reply:textDocument/inlayHint(154) 0 ms
I[11:18:47.768] --> textDocument/clangd.fileStatus
I[11:18:47.968] <-- textDocument/documentLink(155)
I[11:18:47.968] --> reply:textDocument/documentLink(155) 0 ms
I[11:18:47.968] --> textDocument/clangd.fileStatus
I[11:18:55.970] <-- textDocument/didChange
I[11:18:55.970] --> textDocument/clangd.fileStatus
I[11:18:55.979] <-- textDocument/signatureHelp(156)
I[11:18:55.983] --> reply:textDocument/signatureHelp(156) 3 ms
I[11:18:55.997] <-- textDocument/inlayHint(157)
I[11:18:55.997] Failed to find compilation database for /home/david/Documentos/prueba_OS/RepasoExamen/311.c
I[11:18:55.998] ASTWorker building file /home/david/Documentos/prueba_OS/RepasoExamen/311.c version 25 with command clangd fallback
[/home/david/Documentos/prueba_OS/RepasoExamen]
/usr/bin/clang -resource-dir=/home/david/.vscode-oss/extensions/kylinideteam.kylin-clangd-0.4.0-linux-x64/res/clangd/lib/clang/21 -- /home/david/Documentos/prueba_OS/RepasoExamen/311.c
I[11:18:55.998] --> textDocument/clangd.fileStatus
I[11:18:56.002] --> textDocument/publishDiagnostics
I[11:18:56.002] --> textDocument/inactiveRegions
I[11:18:56.002] --> reply:textDocument/inlayHint(157) 4 ms
I[11:18:56.002] --> textDocument/clangd.fileStatus
I[11:18:56.171] <-- textDocument/foldingRange(158)
I[11:18:56.172] --> reply:textDocument/foldingRange(158) 0 ms
I[11:18:56.255] <-- textDocument/codeAction(159)
I[11:18:56.255] --> reply:textDocument/codeAction(159) 0 ms
I[11:18:56.255] --> textDocument/clangd.fileStatus
I[11:18:56.321] <-- textDocument/documentSymbol(160)
I[11:18:56.321] <-- textDocument/documentSymbol(161)
I[11:18:56.321] --> reply:textDocument/documentSymbol(160) 0 ms
I[11:18:56.321] --> reply:textDocument/documentSymbol(161) 0 ms
I[11:18:56.321] --> textDocument/clangd.fileStatus
I[11:18:56.757] <-- textDocument/didChange
I[11:18:56.757] --> textDocument/clangd.fileStatus
I[11:18:56.783] <-- textDocument/inlayHint(162)
I[11:18:56.783] Failed to find compilation database for /home/david/Documentos/prueba_OS/RepasoExamen/311.c
I[11:18:56.783] ASTWorker building file /home/david/Documentos/prueba_OS/RepasoExamen/311.c version 26 with command clangd fallback
[/home/david/Documentos/prueba_OS/RepasoExamen]
/usr/bin/clang -resource-dir=/home/david/.vscode-oss/extensions/kylinideteam.kylin-clangd-0.4.0-linux-x64/res/clangd/lib/clang/21 -- /home/david/Documentos/prueba_OS/RepasoExamen/311.c
I[11:18:56.783] --> textDocument/clangd.fileStatus
I[11:18:56.786] --> textDocument/publishDiagnostics
I[11:18:56.786] --> textDocument/inactiveRegions
I[11:18:56.787] --> reply:textDocument/inlayHint(162) 4 ms
I[11:18:56.787] --> textDocument/clangd.fileStatus
I[11:18:56.878] <-- textDocument/signatureHelp(163)
I[11:18:56.881] --> reply:textDocument/signatureHelp(163) 2 ms
I[11:18:56.957] <-- textDocument/foldingRange(164)
I[11:18:56.957] --> reply:textDocument/foldingRange(164) 0 ms
I[11:18:57.039] <-- textDocument/codeAction(165)
I[11:18:57.040] --> reply:textDocument/codeAction(165) 0 ms
I[11:18:57.040] --> textDocument/clangd.fileStatus
I[11:18:57.107] <-- textDocument/documentSymbol(166)
I[11:18:57.107] <-- textDocument/documentSymbol(167)
I[11:18:57.107] --> reply:textDocument/documentSymbol(166) 0 ms
I[11:18:57.107] --> reply:textDocument/documentSymbol(167) 0 ms
I[11:18:57.107] --> textDocument/clangd.fileStatus
I[11:18:57.557] <-- textDocument/inlayHint(168)
I[11:18:57.557] --> reply:textDocument/inlayHint(168) 0 ms
I[11:18:57.557] --> textDocument/clangd.fileStatus
I[11:18:57.679] <-- textDocument/didChange
I[11:18:57.679] --> textDocument/clangd.fileStatus
I[11:18:57.690] <-- textDocument/completion(169)
I[11:18:57.694] Code complete: sema context Expression, query scopes [] (AnyScope=true), expected type <none>
I[11:18:57.694] Code complete: 3 results from Sema, 100 from Index, 0 matched, 0 from identifiers, 100 returned (incomplete).
I[11:18:57.696] --> reply:textDocument/completion(169) 5 ms
I[11:18:57.710] <-- textDocument/inlayHint(170)
I[11:18:57.710] Failed to find compilation database for /home/david/Documentos/prueba_OS/RepasoExamen/311.c
I[11:18:57.710] ASTWorker building file /home/david/Documentos/prueba_OS/RepasoExamen/311.c version 27 with command clangd fallback
[/home/david/Documentos/prueba_OS/RepasoExamen]
/usr/bin/clang -resource-dir=/home/david/.vscode-oss/extensions/kylinideteam.kylin-clangd-0.4.0-linux-x64/res/clangd/lib/clang/21 -- /home/david/Documentos/prueba_OS/RepasoExamen/311.c
I[11:18:57.711] --> textDocument/clangd.fileStatus
I[11:18:57.715] --> textDocument/publishDiagnostics
I[11:18:57.715] --> textDocument/inactiveRegions
I[11:18:57.715] --> reply:textDocument/inlayHint(170) 5 ms
I[11:18:57.715] --> textDocument/clangd.fileStatus
I[11:18:57.800] <-- textDocument/signatureHelp(171)
I[11:18:57.803] --> reply:textDocument/signatureHelp(171) 3 ms
I[11:18:57.879] <-- textDocument/foldingRange(172)
I[11:18:57.880] --> reply:textDocument/foldingRange(172) 0 ms
I[11:18:57.913] <-- textDocument/didChange
I[11:18:57.913] --> textDocument/clangd.fileStatus
I[11:18:57.914] <-- textDocument/completion(173)
I[11:18:57.918] Code complete: sema context Expression, query scopes [] (AnyScope=true), expected type <none>
I[11:18:57.918] Code complete: 1 results from Sema, 8 from Index, 0 matched, 0 from identifiers, 9 returned (incomplete).
I[11:18:57.919] --> reply:textDocument/completion(173) 4 ms
I[11:18:57.939] <-- textDocument/inlayHint(174)
I[11:18:57.940] Failed to find compilation database for /home/david/Documentos/prueba_OS/RepasoExamen/311.c
I[11:18:57.940] ASTWorker building file /home/david/Documentos/prueba_OS/RepasoExamen/311.c version 28 with command clangd fallback
[/home/david/Documentos/prueba_OS/RepasoExamen]
/usr/bin/clang -resource-dir=/home/david/.vscode-oss/extensions/kylinideteam.kylin-clangd-0.4.0-linux-x64/res/clangd/lib/clang/21 -- /home/david/Documentos/prueba_OS/RepasoExamen/311.c
I[11:18:57.940] --> textDocument/clangd.fileStatus
I[11:18:57.944] --> textDocument/publishDiagnostics
I[11:18:57.944] --> textDocument/inactiveRegions
I[11:18:57.944] --> reply:textDocument/inlayHint(174) 4 ms
I[11:18:57.944] --> textDocument/clangd.fileStatus
I[11:18:57.985] <-- textDocument/didChange
I[11:18:57.985] <-- textDocument/completion(175)
I[11:18:57.985] --> textDocument/clangd.fileStatus
I[11:18:57.989] Code complete: sema context Expression, query scopes [] (AnyScope=true), expected type <none>
I[11:18:57.989] Code complete: 1 results from Sema, 3 from Index, 0 matched, 0 from identifiers, 4 returned.
I[11:18:57.989] --> reply:textDocument/completion(175) 4 ms
I[11:18:58.010] <-- textDocument/inlayHint(176)
I[11:18:58.010] Failed to find compilation database for /home/david/Documentos/prueba_OS/RepasoExamen/311.c
I[11:18:58.010] ASTWorker building file /home/david/Documentos/prueba_OS/RepasoExamen/311.c version 29 with command clangd fallback
[/home/david/Documentos/prueba_OS/RepasoExamen]
/usr/bin/clang -resource-dir=/home/david/.vscode-oss/extensions/kylinideteam.kylin-clangd-0.4.0-linux-x64/res/clangd/lib/clang/21 -- /home/david/Documentos/prueba_OS/RepasoExamen/311.c
I[11:18:58.010] --> textDocument/clangd.fileStatus
I[11:18:58.014] --> textDocument/publishDiagnostics
I[11:18:58.014] --> textDocument/inactiveRegions
I[11:18:58.014] --> reply:textDocument/inlayHint(176) 3 ms
I[11:18:58.014] --> textDocument/clangd.fileStatus
I[11:18:58.105] <-- textDocument/signatureHelp(177)
I[11:18:58.108] --> reply:textDocument/signatureHelp(177) 3 ms
I[11:18:58.185] <-- textDocument/foldingRange(178)
I[11:18:58.185] --> reply:textDocument/foldingRange(178) 0 ms
I[11:18:58.268] <-- textDocument/codeAction(179)
I[11:18:58.268] --> reply:textDocument/codeAction(179) 0 ms
I[11:18:58.268] --> textDocument/clangd.fileStatus
I[11:18:58.335] <-- textDocument/documentSymbol(180)
I[11:18:58.335] <-- textDocument/documentSymbol(181)
I[11:18:58.335] --> reply:textDocument/documentSymbol(180) 0 ms
I[11:18:58.335] --> reply:textDocument/documentSymbol(181) 0 ms
I[11:18:58.335] --> textDocument/clangd.fileStatus
I[11:18:58.743] <-- textDocument/didSave
I[11:18:58.743] File version went from 1 to 1
I[11:18:58.743] File version went from 29 to 29
I[11:18:58.743] --> textDocument/clangd.fileStatus
I[11:18:58.743] --> textDocument/clangd.fileStatus
I[11:18:58.785] <-- textDocument/inlayHint(182)
I[11:18:58.785] Failed to find compilation database for /home/david/Documentos/prueba_OS/RepasoExamen/311.c
I[11:18:58.785] ASTWorker building file /home/david/Documentos/prueba_OS/RepasoExamen/311.c version 29 with command clangd fallback
[/home/david/Documentos/prueba_OS/RepasoExamen]
/usr/bin/clang -resource-dir=/home/david/.vscode-oss/extensions/kylinideteam.kylin-clangd-0.4.0-linux-x64/res/clangd/lib/clang/21 -- /home/david/Documentos/prueba_OS/RepasoExamen/311.c
I[11:18:58.785] --> reply:textDocument/inlayHint(182) 0 ms
I[11:18:58.785] --> textDocument/clangd.fileStatus
I[11:18:58.785] --> textDocument/clangd.fileStatus
I[11:18:58.786] --> textDocument/clangd.fileStatus
I[11:18:58.786] --> textDocument/clangd.fileStatus
I[11:18:58.793] Failed to find compilation database for /home/david/Documentos/prueba_OS/RepasoExamen/mistat.c
I[11:18:58.793] ASTWorker building file /home/david/Documentos/prueba_OS/RepasoExamen/mistat.c version 1 with command clangd fallback
[/home/david/Documentos/prueba_OS/RepasoExamen]
/usr/bin/clang -resource-dir=/home/david/.vscode-oss/extensions/kylinideteam.kylin-clangd-0.4.0-linux-x64/res/clangd/lib/clang/21 -- /home/david/Documentos/prueba_OS/RepasoExamen/mistat.c
I[11:18:58.794] --> textDocument/clangd.fileStatus
I[11:18:58.794] --> textDocument/clangd.fileStatus
I[11:18:58.795] --> textDocument/clangd.fileStatus
I[11:18:58.795] --> textDocument/clangd.fileStatus
I[11:18:58.985] <-- textDocument/documentLink(183)
I[11:18:58.985] --> reply:textDocument/documentLink(183) 0 ms
I[11:18:58.985] --> textDocument/clangd.fileStatus
I[11:18:59.156] <-- textDocument/signatureHelp(184)
I[11:18:59.160] --> reply:textDocument/signatureHelp(184) 3 ms
I[11:18:59.276] <-- textDocument/documentHighlight(185)
I[11:18:59.276] --> reply:textDocument/documentHighlight(185) 0 ms
I[11:18:59.276] --> textDocument/clangd.fileStatus
I[11:18:59.345] <-- textDocument/signatureHelp(186)
I[11:18:59.349] --> reply:textDocument/signatureHelp(186) 3 ms
I[11:18:59.475] <-- textDocument/codeAction(187)
I[11:18:59.475] --> reply:textDocument/codeAction(187) 0 ms
I[11:18:59.475] --> textDocument/clangd.fileStatus
I[11:19:00.316] <-- textDocument/documentHighlight(188)
I[11:19:00.316] --> reply:textDocument/documentHighlight(188) 0 ms
I[11:19:00.316] --> textDocument/clangd.fileStatus
I[11:19:00.386] <-- textDocument/signatureHelp(189)
I[11:19:00.389] --> reply:textDocument/signatureHelp(189) 3 ms
I[11:19:00.497] <-- textDocument/documentHighlight(190)
I[11:19:00.497] --> reply:textDocument/documentHighlight(190) 0 ms
I[11:19:00.497] --> textDocument/clangd.fileStatus
I[11:19:00.567] <-- textDocument/signatureHelp(191)
I[11:19:00.571] --> reply:textDocument/signatureHelp(191) 3 ms
I[11:19:00.697] <-- textDocument/codeAction(192)
I[11:19:00.698] --> reply:textDocument/codeAction(192) 0 ms
I[11:19:00.698] --> textDocument/clangd.fileStatus
I[11:19:00.856] <-- textDocument/signatureHelp(193)
I[11:19:00.859] --> reply:textDocument/signatureHelp(193) 2 ms
I[11:19:00.986] <-- textDocument/codeAction(194)
I[11:19:00.986] --> reply:textDocument/codeAction(194) 0 ms
I[11:19:00.987] --> textDocument/clangd.fileStatus
I[11:19:01.179] <-- textDocument/documentHighlight(195)
I[11:19:01.179] --> reply:textDocument/documentHighlight(195) 0 ms
I[11:19:01.180] --> textDocument/clangd.fileStatus
I[11:19:01.249] <-- textDocument/signatureHelp(196)
I[11:19:01.252] --> reply:textDocument/signatureHelp(196) 2 ms
I[11:19:01.379] <-- textDocument/codeAction(197)
I[11:19:01.379] --> reply:textDocument/codeAction(197) 0 ms
I[11:19:01.379] --> textDocument/clangd.fileStatus
I[11:19:01.437] <-- textDocument/didChange
I[11:19:01.437] --> textDocument/clangd.fileStatus
I[11:19:01.464] <-- textDocument/inlayHint(198)
I[11:19:01.464] Failed to find compilation database for /home/david/Documentos/prueba_OS/RepasoExamen/311.c
I[11:19:01.464] ASTWorker building file /home/david/Documentos/prueba_OS/RepasoExamen/311.c version 30 with command clangd fallback
[/home/david/Documentos/prueba_OS/RepasoExamen]
/usr/bin/clang -resource-dir=/home/david/.vscode-oss/extensions/kylinideteam.kylin-clangd-0.4.0-linux-x64/res/clangd/lib/clang/21 -- /home/david/Documentos/prueba_OS/RepasoExamen/311.c
I[11:19:01.465] --> textDocument/clangd.fileStatus
I[11:19:01.469] --> textDocument/publishDiagnostics
I[11:19:01.469] --> textDocument/inactiveRegions
I[11:19:01.469] --> reply:textDocument/inlayHint(198) 5 ms
I[11:19:01.469] --> textDocument/clangd.fileStatus
I[11:19:01.559] <-- textDocument/signatureHelp(199)
I[11:19:01.562] --> reply:textDocument/signatureHelp(199) 2 ms
I[11:19:01.639] <-- textDocument/foldingRange(200)
I[11:19:01.639] --> reply:textDocument/foldingRange(200) 0 ms
I[11:19:01.722] <-- textDocument/codeAction(201)
I[11:19:01.722] --> reply:textDocument/codeAction(201) 0 ms
I[11:19:01.722] --> textDocument/clangd.fileStatus
I[11:19:01.789] <-- textDocument/documentSymbol(202)
I[11:19:01.789] <-- textDocument/documentSymbol(203)
I[11:19:01.789] --> reply:textDocument/documentSymbol(202) 0 ms
I[11:19:01.789] --> reply:textDocument/documentSymbol(203) 0 ms
I[11:19:01.789] --> textDocument/clangd.fileStatus
I[11:19:02.036] <-- textDocument/didChange
I[11:19:02.036] --> textDocument/clangd.fileStatus
I[11:19:02.062] <-- textDocument/inlayHint(204)
I[11:19:02.062] Failed to find compilation database for /home/david/Documentos/prueba_OS/RepasoExamen/311.c
I[11:19:02.062] ASTWorker building file /home/david/Documentos/prueba_OS/RepasoExamen/311.c version 31 with command clangd fallback
[/home/david/Documentos/prueba_OS/RepasoExamen]
/usr/bin/clang -resource-dir=/home/david/.vscode-oss/extensions/kylinideteam.kylin-clangd-0.4.0-linux-x64/res/clangd/lib/clang/21 -- /home/david/Documentos/prueba_OS/RepasoExamen/311.c
I[11:19:02.063] --> textDocument/clangd.fileStatus
I[11:19:02.066] --> textDocument/publishDiagnostics
I[11:19:02.066] --> textDocument/inactiveRegions
I[11:19:02.066] --> reply:textDocument/inlayHint(204) 4 ms
I[11:19:02.066] --> textDocument/clangd.fileStatus
I[11:19:02.078] <-- textDocument/didChange
I[11:19:02.078] --> textDocument/clangd.fileStatus
I[11:19:02.104] <-- textDocument/inlayHint(205)
I[11:19:02.104] Failed to find compilation database for /home/david/Documentos/prueba_OS/RepasoExamen/311.c
I[11:19:02.104] ASTWorker building file /home/david/Documentos/prueba_OS/RepasoExamen/311.c version 32 with command clangd fallback
[/home/david/Documentos/prueba_OS/RepasoExamen]
/usr/bin/clang -resource-dir=/home/david/.vscode-oss/extensions/kylinideteam.kylin-clangd-0.4.0-linux-x64/res/clangd/lib/clang/21 -- /home/david/Documentos/prueba_OS/RepasoExamen/311.c
I[11:19:02.104] --> textDocument/clangd.fileStatus
I[11:19:02.108] --> textDocument/publishDiagnostics
I[11:19:02.108] --> textDocument/inactiveRegions
I[11:19:02.108] --> reply:textDocument/inlayHint(205) 4 ms
I[11:19:02.108] --> textDocument/clangd.fileStatus
I[11:19:02.117] <-- textDocument/didChange
I[11:19:02.117] --> textDocument/clangd.fileStatus
I[11:19:02.142] <-- textDocument/inlayHint(206)
I[11:19:02.142] Failed to find compilation database for /home/david/Documentos/prueba_OS/RepasoExamen/311.c
I[11:19:02.142] ASTWorker building file /home/david/Documentos/prueba_OS/RepasoExamen/311.c version 33 with command clangd fallback
[/home/david/Documentos/prueba_OS/RepasoExamen]
/usr/bin/clang -resource-dir=/home/david/.vscode-oss/extensions/kylinideteam.kylin-clangd-0.4.0-linux-x64/res/clangd/lib/clang/21 -- /home/david/Documentos/prueba_OS/RepasoExamen/311.c
I[11:19:02.143] --> textDocument/clangd.fileStatus
I[11:19:02.146] --> textDocument/publishDiagnostics
I[11:19:02.146] --> textDocument/inactiveRegions
I[11:19:02.146] --> reply:textDocument/inlayHint(206) 4 ms
I[11:19:02.146] --> textDocument/clangd.fileStatus
I[11:19:02.156] <-- textDocument/didChange
I[11:19:02.156] --> textDocument/clangd.fileStatus
I[11:19:02.182] <-- textDocument/inlayHint(207)
I[11:19:02.182] Failed to find compilation database for /home/david/Documentos/prueba_OS/RepasoExamen/311.c
I[11:19:02.182] ASTWorker building file /home/david/Documentos/prueba_OS/RepasoExamen/311.c version 34 with command clangd fallback
[/home/david/Documentos/prueba_OS/RepasoExamen]
/usr/bin/clang -resource-dir=/home/david/.vscode-oss/extensions/kylinideteam.kylin-clangd-0.4.0-linux-x64/res/clangd/lib/clang/21 -- /home/david/Documentos/prueba_OS/RepasoExamen/311.c
I[11:19:02.182] --> textDocument/clangd.fileStatus
I[11:19:02.186] --> textDocument/publishDiagnostics
I[11:19:02.186] --> textDocument/inactiveRegions
I[11:19:02.186] --> reply:textDocument/inlayHint(207) 4 ms
I[11:19:02.186] --> textDocument/clangd.fileStatus
I[11:19:02.196] <-- textDocument/didChange
I[11:19:02.196] --> textDocument/clangd.fileStatus
I[11:19:02.222] <-- textDocument/inlayHint(208)
I[11:19:02.222] Failed to find compilation database for /home/david/Documentos/prueba_OS/RepasoExamen/311.c
I[11:19:02.222] ASTWorker building file /home/david/Documentos/prueba_OS/RepasoExamen/311.c version 35 with command clangd fallback
[/home/david/Documentos/prueba_OS/RepasoExamen]
/usr/bin/clang -resource-dir=/home/david/.vscode-oss/extensions/kylinideteam.kylin-clangd-0.4.0-linux-x64/res/clangd/lib/clang/21 -- /home/david/Documentos/prueba_OS/RepasoExamen/311.c
I[11:19:02.222] --> textDocument/clangd.fileStatus
I[11:19:02.226] --> textDocument/publishDiagnostics
I[11:19:02.226] --> textDocument/inactiveRegions
I[11:19:02.226] --> reply:textDocument/inlayHint(208) 4 ms
I[11:19:02.226] --> textDocument/clangd.fileStatus
I[11:19:02.237] <-- textDocument/didChange
I[11:19:02.237] --> textDocument/clangd.fileStatus
I[11:19:02.263] <-- textDocument/inlayHint(209)
I[11:19:02.263] Failed to find compilation database for /home/david/Documentos/prueba_OS/RepasoExamen/311.c
I[11:19:02.263] ASTWorker building file /home/david/Documentos/prueba_OS/RepasoExamen/311.c version 36 with command clangd fallback
[/home/david/Documentos/prueba_OS/RepasoExamen]
/usr/bin/clang -resource-dir=/home/david/.vscode-oss/extensions/kylinideteam.kylin-clangd-0.4.0-linux-x64/res/clangd/lib/clang/21 -- /home/david/Documentos/prueba_OS/RepasoExamen/311.c
I[11:19:02.264] --> textDocument/clangd.fileStatus
I[11:19:02.267] --> textDocument/publishDiagnostics
I[11:19:02.267] --> textDocument/inactiveRegions
I[11:19:02.268] --> reply:textDocument/inlayHint(209) 5 ms
I[11:19:02.268] --> textDocument/clangd.fileStatus
I[11:19:02.279] <-- textDocument/didChange
I[11:19:02.279] --> textDocument/clangd.fileStatus
I[11:19:02.305] <-- textDocument/inlayHint(210)
I[11:19:02.305] Failed to find compilation database for /home/david/Documentos/prueba_OS/RepasoExamen/311.c
I[11:19:02.305] ASTWorker building file /home/david/Documentos/prueba_OS/RepasoExamen/311.c version 37 with command clangd fallback
[/home/david/Documentos/prueba_OS/RepasoExamen]
/usr/bin/clang -resource-dir=/home/david/.vscode-oss/extensions/kylinideteam.kylin-clangd-0.4.0-linux-x64/res/clangd/lib/clang/21 -- /home/david/Documentos/prueba_OS/RepasoExamen/311.c
I[11:19:02.306] --> textDocument/clangd.fileStatus
I[11:19:02.309] --> textDocument/publishDiagnostics
I[11:19:02.309] --> textDocument/inactiveRegions
I[11:19:02.309] --> reply:textDocument/inlayHint(210) 4 ms
I[11:19:02.309] --> textDocument/clangd.fileStatus
I[11:19:02.317] <-- textDocument/didChange
I[11:19:02.317] --> textDocument/clangd.fileStatus
I[11:19:02.343] <-- textDocument/inlayHint(211)
I[11:19:02.343] Failed to find compilation database for /home/david/Documentos/prueba_OS/RepasoExamen/311.c
I[11:19:02.343] ASTWorker building file /home/david/Documentos/prueba_OS/RepasoExamen/311.c version 38 with command clangd fallback
[/home/david/Documentos/prueba_OS/RepasoExamen]
/usr/bin/clang -resource-dir=/home/david/.vscode-oss/extensions/kylinideteam.kylin-clangd-0.4.0-linux-x64/res/clangd/lib/clang/21 -- /home/david/Documentos/prueba_OS/RepasoExamen/311.c
I[11:19:02.344] --> textDocument/clangd.fileStatus
I[11:19:02.347] --> textDocument/publishDiagnostics
I[11:19:02.347] --> textDocument/inactiveRegions
I[11:19:02.348] --> reply:textDocument/inlayHint(211) 4 ms
I[11:19:02.348] --> textDocument/clangd.fileStatus
I[11:19:02.357] <-- textDocument/didChange
I[11:19:02.357] --> textDocument/clangd.fileStatus
I[11:19:02.383] <-- textDocument/inlayHint(212)
I[11:19:02.383] Failed to find compilation database for /home/david/Documentos/prueba_OS/RepasoExamen/311.c
I[11:19:02.383] ASTWorker building file /home/david/Documentos/prueba_OS/RepasoExamen/311.c version 39 with command clangd fallback
[/home/david/Documentos/prueba_OS/RepasoExamen]
/usr/bin/clang -resource-dir=/home/david/.vscode-oss/extensions/kylinideteam.kylin-clangd-0.4.0-linux-x64/res/clangd/lib/clang/21 -- /home/david/Documentos/prueba_OS/RepasoExamen/311.c
I[11:19:02.384] --> textDocument/clangd.fileStatus
I[11:19:02.387] --> textDocument/publishDiagnostics
I[11:19:02.387] --> textDocument/inactiveRegions
I[11:19:02.387] --> reply:textDocument/inlayHint(212) 4 ms
I[11:19:02.387] --> textDocument/clangd.fileStatus
I[11:19:02.397] <-- textDocument/didChange
I[11:19:02.397] --> textDocument/clangd.fileStatus
I[11:19:02.423] <-- textDocument/inlayHint(213)
I[11:19:02.423] Failed to find compilation database for /home/david/Documentos/prueba_OS/RepasoExamen/311.c
I[11:19:02.423] ASTWorker building file /home/david/Documentos/prueba_OS/RepasoExamen/311.c version 40 with command clangd fallback
[/home/david/Documentos/prueba_OS/RepasoExamen]
/usr/bin/clang -resource-dir=/home/david/.vscode-oss/extensions/kylinideteam.kylin-clangd-0.4.0-linux-x64/res/clangd/lib/clang/21 -- /home/david/Documentos/prueba_OS/RepasoExamen/311.c
I[11:19:02.424] --> textDocument/clangd.fileStatus
I[11:19:02.430] --> textDocument/publishDiagnostics
I[11:19:02.430] --> textDocument/inactiveRegions
I[11:19:02.430] --> reply:textDocument/inlayHint(213) 7 ms
I[11:19:02.430] --> textDocument/clangd.fileStatus
I[11:19:02.441] <-- textDocument/didChange
I[11:19:02.441] --> textDocument/clangd.fileStatus
I[11:19:02.467] <-- textDocument/inlayHint(214)
I[11:19:02.467] Failed to find compilation database for /home/david/Documentos/prueba_OS/RepasoExamen/311.c
I[11:19:02.468] ASTWorker building file /home/david/Documentos/prueba_OS/RepasoExamen/311.c version 41 with command clangd fallback
[/home/david/Documentos/prueba_OS/RepasoExamen]
/usr/bin/clang -resource-dir=/home/david/.vscode-oss/extensions/kylinideteam.kylin-clangd-0.4.0-linux-x64/res/clangd/lib/clang/21 -- /home/david/Documentos/prueba_OS/RepasoExamen/311.c
I[11:19:02.468] --> textDocument/clangd.fileStatus
I[11:19:02.472] --> textDocument/publishDiagnostics
I[11:19:02.472] --> textDocument/inactiveRegions
I[11:19:02.473] --> reply:textDocument/inlayHint(214) 5 ms
I[11:19:02.473] --> textDocument/clangd.fileStatus
I[11:19:02.562] <-- textDocument/signatureHelp(215)
I[11:19:02.565] --> reply:textDocument/signatureHelp(215) 2 ms
I[11:19:02.642] <-- textDocument/foldingRange(216)
I[11:19:02.642] --> reply:textDocument/foldingRange(216) 0 ms
I[11:19:02.652] <-- textDocument/didChange
I[11:19:02.653] --> textDocument/clangd.fileStatus
I[11:19:02.678] <-- textDocument/inlayHint(217)
I[11:19:02.678] Failed to find compilation database for /home/david/Documentos/prueba_OS/RepasoExamen/311.c
I[11:19:02.678] ASTWorker building file /home/david/Documentos/prueba_OS/RepasoExamen/311.c version 42 with command clangd fallback
[/home/david/Documentos/prueba_OS/RepasoExamen]
/usr/bin/clang -resource-dir=/home/david/.vscode-oss/extensions/kylinideteam.kylin-clangd-0.4.0-linux-x64/res/clangd/lib/clang/21 -- /home/david/Documentos/prueba_OS/RepasoExamen/311.c
I[11:19:02.679] --> textDocument/clangd.fileStatus
I[11:19:02.682] --> textDocument/publishDiagnostics
I[11:19:02.682] --> textDocument/inactiveRegions
I[11:19:02.682] --> reply:textDocument/inlayHint(217) 4 ms
I[11:19:02.682] --> textDocument/clangd.fileStatus
I[11:19:02.773] <-- textDocument/signatureHelp(218)
I[11:19:02.776] --> reply:textDocument/signatureHelp(218) 3 ms
I[11:19:02.853] <-- textDocument/foldingRange(219)
I[11:19:02.853] --> reply:textDocument/foldingRange(219) 0 ms
I[11:19:02.929] <-- textDocument/didChange
I[11:19:02.929] --> textDocument/clangd.fileStatus
I[11:19:02.955] <-- textDocument/inlayHint(220)
I[11:19:02.956] Failed to find compilation database for /home/david/Documentos/prueba_OS/RepasoExamen/311.c
I[11:19:02.956] ASTWorker building file /home/david/Documentos/prueba_OS/RepasoExamen/311.c version 43 with command clangd fallback
[/home/david/Documentos/prueba_OS/RepasoExamen]
/usr/bin/clang -resource-dir=/home/david/.vscode-oss/extensions/kylinideteam.kylin-clangd-0.4.0-linux-x64/res/clangd/lib/clang/21 -- /home/david/Documentos/prueba_OS/RepasoExamen/311.c
I[11:19:02.956] --> textDocument/clangd.fileStatus
I[11:19:02.959] --> textDocument/publishDiagnostics
I[11:19:02.959] --> textDocument/inactiveRegions
I[11:19:02.960] --> reply:textDocument/inlayHint(220) 4 ms
I[11:19:02.960] --> textDocument/clangd.fileStatus
I[11:19:03.050] <-- textDocument/signatureHelp(221)
I[11:19:03.053] --> reply:textDocument/signatureHelp(221) 2 ms
I[11:19:03.130] <-- textDocument/foldingRange(222)
I[11:19:03.130] --> reply:textDocument/foldingRange(222) 0 ms
I[11:19:03.212] <-- textDocument/codeAction(223)
I[11:19:03.213] --> reply:textDocument/codeAction(223) 0 ms
I[11:19:03.213] --> textDocument/clangd.fileStatus
I[11:19:03.280] <-- textDocument/documentSymbol(224)
I[11:19:03.280] <-- textDocument/documentSymbol(225)
I[11:19:03.280] --> reply:textDocument/documentSymbol(224) 0 ms
I[11:19:03.280] --> reply:textDocument/documentSymbol(225) 0 ms
I[11:19:03.281] --> textDocument/clangd.fileStatus
I[11:19:03.597] <-- textDocument/signatureHelp(226)
I[11:19:03.600] --> reply:textDocument/signatureHelp(226) 3 ms
I[11:19:03.728] <-- textDocument/codeAction(227)
I[11:19:03.728] --> reply:textDocument/codeAction(227) 0 ms
I[11:19:03.728] --> textDocument/clangd.fileStatus
I[11:19:03.730] <-- textDocument/inlayHint(228)
I[11:19:03.730] --> reply:textDocument/inlayHint(228) 0 ms
I[11:19:03.730] --> textDocument/clangd.fileStatus
I[11:19:03.930] <-- textDocument/documentLink(229)
I[11:19:03.930] --> reply:textDocument/documentLink(229) 0 ms
I[11:19:03.930] --> textDocument/clangd.fileStatus
I[11:19:04.529] <-- textDocument/documentHighlight(230)
I[11:19:04.530] --> reply:textDocument/documentHighlight(230) 0 ms
I[11:19:04.530] --> textDocument/clangd.fileStatus
I[11:19:04.599] <-- textDocument/signatureHelp(231)
I[11:19:04.602] --> reply:textDocument/signatureHelp(231) 2 ms
I[11:19:04.729] <-- textDocument/codeAction(232)
I[11:19:04.730] --> reply:textDocument/codeAction(232) 0 ms
I[11:19:04.730] --> textDocument/clangd.fileStatus
I[11:19:05.140] <-- textDocument/documentHighlight(233)
I[11:19:05.141] --> reply:textDocument/documentHighlight(233) 0 ms
I[11:19:05.141] --> textDocument/clangd.fileStatus
I[11:19:05.210] <-- textDocument/signatureHelp(234)
I[11:19:05.214] --> reply:textDocument/signatureHelp(234) 3 ms
I[11:19:05.255] <-- textDocument/didChange
I[11:19:05.255] --> textDocument/clangd.fileStatus
I[11:19:05.281] <-- textDocument/inlayHint(235)
I[11:19:05.281] Failed to find compilation database for /home/david/Documentos/prueba_OS/RepasoExamen/311.c
I[11:19:05.281] ASTWorker building file /home/david/Documentos/prueba_OS/RepasoExamen/311.c version 44 with command clangd fallback
[/home/david/Documentos/prueba_OS/RepasoExamen]
/usr/bin/clang -resource-dir=/home/david/.vscode-oss/extensions/kylinideteam.kylin-clangd-0.4.0-linux-x64/res/clangd/lib/clang/21 -- /home/david/Documentos/prueba_OS/RepasoExamen/311.c
I[11:19:05.282] --> textDocument/clangd.fileStatus
I[11:19:05.286] --> textDocument/publishDiagnostics
I[11:19:05.286] --> textDocument/inactiveRegions
I[11:19:05.287] --> reply:textDocument/inlayHint(235) 5 ms
I[11:19:05.287] --> textDocument/clangd.fileStatus
I[11:19:05.376] <-- textDocument/signatureHelp(236)
I[11:19:05.379] --> reply:textDocument/signatureHelp(236) 2 ms
I[11:19:05.455] <-- textDocument/foldingRange(237)
I[11:19:05.456] --> reply:textDocument/foldingRange(237) 0 ms
I[11:19:05.539] <-- textDocument/codeAction(238)
I[11:19:05.539] --> reply:textDocument/codeAction(238) 0 ms
I[11:19:05.539] --> textDocument/clangd.fileStatus
I[11:19:05.606] <-- textDocument/documentSymbol(239)
I[11:19:05.606] <-- textDocument/documentSymbol(240)
I[11:19:05.606] --> reply:textDocument/documentSymbol(239) 0 ms
I[11:19:05.606] --> reply:textDocument/documentSymbol(240) 0 ms
I[11:19:05.606] --> textDocument/clangd.fileStatus
I[11:19:05.856] <-- textDocument/didChange
I[11:19:05.856] --> textDocument/clangd.fileStatus
I[11:19:05.881] <-- textDocument/inlayHint(241)
I[11:19:05.881] Failed to find compilation database for /home/david/Documentos/prueba_OS/RepasoExamen/311.c
I[11:19:05.882] ASTWorker building file /home/david/Documentos/prueba_OS/RepasoExamen/311.c version 45 with command clangd fallback
[/home/david/Documentos/prueba_OS/RepasoExamen]
/usr/bin/clang -resource-dir=/home/david/.vscode-oss/extensions/kylinideteam.kylin-clangd-0.4.0-linux-x64/res/clangd/lib/clang/21 -- /home/david/Documentos/prueba_OS/RepasoExamen/311.c
I[11:19:05.882] --> textDocument/clangd.fileStatus
I[11:19:05.885] --> textDocument/publishDiagnostics
I[11:19:05.886] --> textDocument/inactiveRegions
I[11:19:05.886] --> reply:textDocument/inlayHint(241) 4 ms
I[11:19:05.886] --> textDocument/clangd.fileStatus
I[11:19:05.897] <-- textDocument/didChange
I[11:19:05.897] --> textDocument/clangd.fileStatus
I[11:19:05.922] <-- textDocument/inlayHint(242)
I[11:19:05.922] Failed to find compilation database for /home/david/Documentos/prueba_OS/RepasoExamen/311.c
I[11:19:05.923] ASTWorker building file /home/david/Documentos/prueba_OS/RepasoExamen/311.c version 46 with command clangd fallback
[/home/david/Documentos/prueba_OS/RepasoExamen]
/usr/bin/clang -resource-dir=/home/david/.vscode-oss/extensions/kylinideteam.kylin-clangd-0.4.0-linux-x64/res/clangd/lib/clang/21 -- /home/david/Documentos/prueba_OS/RepasoExamen/311.c
I[11:19:05.923] --> textDocument/clangd.fileStatus
I[11:19:05.926] --> textDocument/publishDiagnostics
I[11:19:05.926] --> textDocument/inactiveRegions
I[11:19:05.926] --> reply:textDocument/inlayHint(242) 4 ms
I[11:19:05.926] --> textDocument/clangd.fileStatus
I[11:19:05.936] <-- textDocument/didChange
I[11:19:05.936] --> textDocument/clangd.fileStatus
I[11:19:05.961] <-- textDocument/inlayHint(243)
I[11:19:05.961] Failed to find compilation database for /home/david/Documentos/prueba_OS/RepasoExamen/311.c
I[11:19:05.961] ASTWorker building file /home/david/Documentos/prueba_OS/RepasoExamen/311.c version 47 with command clangd fallback
[/home/david/Documentos/prueba_OS/RepasoExamen]
/usr/bin/clang -resource-dir=/home/david/.vscode-oss/extensions/kylinideteam.kylin-clangd-0.4.0-linux-x64/res/clangd/lib/clang/21 -- /home/david/Documentos/prueba_OS/RepasoExamen/311.c
I[11:19:05.962] --> textDocument/clangd.fileStatus
I[11:19:05.965] --> textDocument/publishDiagnostics
I[11:19:05.965] --> textDocument/inactiveRegions
I[11:19:05.965] --> reply:textDocument/inlayHint(243) 4 ms
I[11:19:05.965] --> textDocument/clangd.fileStatus
I[11:19:05.975] <-- textDocument/didChange
I[11:19:05.975] --> textDocument/clangd.fileStatus
I[11:19:06.000] <-- textDocument/inlayHint(244)
I[11:19:06.001] Failed to find compilation database for /home/david/Documentos/prueba_OS/RepasoExamen/311.c
I[11:19:06.001] ASTWorker building file /home/david/Documentos/prueba_OS/RepasoExamen/311.c version 48 with command clangd fallback
[/home/david/Documentos/prueba_OS/RepasoExamen]
/usr/bin/clang -resource-dir=/home/david/.vscode-oss/extensions/kylinideteam.kylin-clangd-0.4.0-linux-x64/res/clangd/lib/clang/21 -- /home/david/Documentos/prueba_OS/RepasoExamen/311.c
I[11:19:06.002] --> textDocument/clangd.fileStatus
I[11:19:06.005] --> textDocument/publishDiagnostics
I[11:19:06.005] --> textDocument/inactiveRegions
I[11:19:06.005] --> reply:textDocument/inlayHint(244) 4 ms
I[11:19:06.005] --> textDocument/clangd.fileStatus
I[11:19:06.015] <-- textDocument/didChange
I[11:19:06.015] --> textDocument/clangd.fileStatus
I[11:19:06.040] <-- textDocument/inlayHint(245)
I[11:19:06.040] Failed to find compilation database for /home/david/Documentos/prueba_OS/RepasoExamen/311.c
I[11:19:06.041] ASTWorker building file /home/david/Documentos/prueba_OS/RepasoExamen/311.c version 49 with command clangd fallback
[/home/david/Documentos/prueba_OS/RepasoExamen]
/usr/bin/clang -resource-dir=/home/david/.vscode-oss/extensions/kylinideteam.kylin-clangd-0.4.0-linux-x64/res/clangd/lib/clang/21 -- /home/david/Documentos/prueba_OS/RepasoExamen/311.c
I[11:19:06.041] --> textDocument/clangd.fileStatus
I[11:19:06.044] --> textDocument/publishDiagnostics
I[11:19:06.044] --> textDocument/inactiveRegions
I[11:19:06.044] --> reply:textDocument/inlayHint(245) 4 ms
I[11:19:06.044] --> textDocument/clangd.fileStatus
I[11:19:06.055] <-- textDocument/didChange
I[11:19:06.055] --> textDocument/clangd.fileStatus
I[11:19:06.081] <-- textDocument/inlayHint(246)
I[11:19:06.081] Failed to find compilation database for /home/david/Documentos/prueba_OS/RepasoExamen/311.c
I[11:19:06.081] ASTWorker building file /home/david/Documentos/prueba_OS/RepasoExamen/311.c version 50 with command clangd fallback
[/home/david/Documentos/prueba_OS/RepasoExamen]
/usr/bin/clang -resource-dir=/home/david/.vscode-oss/extensions/kylinideteam.kylin-clangd-0.4.0-linux-x64/res/clangd/lib/clang/21 -- /home/david/Documentos/prueba_OS/RepasoExamen/311.c
I[11:19:06.082] --> textDocument/clangd.fileStatus
I[11:19:06.085] --> textDocument/publishDiagnostics
I[11:19:06.085] --> textDocument/inactiveRegions
I[11:19:06.085] --> reply:textDocument/inlayHint(246) 4 ms
I[11:19:06.085] --> textDocument/clangd.fileStatus
I[11:19:06.095] <-- textDocument/didChange
I[11:19:06.095] --> textDocument/clangd.fileStatus
I[11:19:06.121] <-- textDocument/inlayHint(247)
I[11:19:06.121] Failed to find compilation database for /home/david/Documentos/prueba_OS/RepasoExamen/311.c
I[11:19:06.121] ASTWorker building file /home/david/Documentos/prueba_OS/RepasoExamen/311.c version 51 with command clangd fallback
[/home/david/Documentos/prueba_OS/RepasoExamen]
/usr/bin/clang -resource-dir=/home/david/.vscode-oss/extensions/kylinideteam.kylin-clangd-0.4.0-linux-x64/res/clangd/lib/clang/21 -- /home/david/Documentos/prueba_OS/RepasoExamen/311.c
I[11:19:06.122] --> textDocument/clangd.fileStatus
I[11:19:06.125] --> textDocument/publishDiagnostics
I[11:19:06.125] --> textDocument/inactiveRegions
I[11:19:06.125] --> reply:textDocument/inlayHint(247) 3 ms
I[11:19:06.125] --> textDocument/clangd.fileStatus
I[11:19:06.135] <-- textDocument/didChange
I[11:19:06.135] --> textDocument/clangd.fileStatus
I[11:19:06.161] <-- textDocument/inlayHint(248)
I[11:19:06.161] Failed to find compilation database for /home/david/Documentos/prueba_OS/RepasoExamen/311.c
I[11:19:06.161] ASTWorker building file /home/david/Documentos/prueba_OS/RepasoExamen/311.c version 52 with command clangd fallback
[/home/david/Documentos/prueba_OS/RepasoExamen]
/usr/bin/clang -resource-dir=/home/david/.vscode-oss/extensions/kylinideteam.kylin-clangd-0.4.0-linux-x64/res/clangd/lib/clang/21 -- /home/david/Documentos/prueba_OS/RepasoExamen/311.c
I[11:19:06.162] --> textDocument/clangd.fileStatus
I[11:19:06.165] --> textDocument/publishDiagnostics
I[11:19:06.165] --> textDocument/inactiveRegions
I[11:19:06.166] --> reply:textDocument/inlayHint(248) 4 ms
I[11:19:06.166] --> textDocument/clangd.fileStatus
I[11:19:06.175] <-- textDocument/didChange
I[11:19:06.175] --> textDocument/clangd.fileStatus
I[11:19:06.201] <-- textDocument/inlayHint(249)
I[11:19:06.201] Failed to find compilation database for /home/david/Documentos/prueba_OS/RepasoExamen/311.c
I[11:19:06.201] ASTWorker building file /home/david/Documentos/prueba_OS/RepasoExamen/311.c version 53 with command clangd fallback
[/home/david/Documentos/prueba_OS/RepasoExamen]
/usr/bin/clang -resource-dir=/home/david/.vscode-oss/extensions/kylinideteam.kylin-clangd-0.4.0-linux-x64/res/clangd/lib/clang/21 -- /home/david/Documentos/prueba_OS/RepasoExamen/311.c
I[11:19:06.202] --> textDocument/clangd.fileStatus
I[11:19:06.205] --> textDocument/publishDiagnostics
I[11:19:06.205] --> textDocument/inactiveRegions
I[11:19:06.205] --> reply:textDocument/inlayHint(249) 4 ms
I[11:19:06.205] --> textDocument/clangd.fileStatus
I[11:19:06.218] <-- textDocument/didChange
I[11:19:06.218] --> textDocument/clangd.fileStatus
I[11:19:06.243] <-- textDocument/inlayHint(250)
I[11:19:06.244] Failed to find compilation database for /home/david/Documentos/prueba_OS/RepasoExamen/311.c
I[11:19:06.244] ASTWorker building file /home/david/Documentos/prueba_OS/RepasoExamen/311.c version 54 with command clangd fallback
[/home/david/Documentos/prueba_OS/RepasoExamen]
/usr/bin/clang -resource-dir=/home/david/.vscode-oss/extensions/kylinideteam.kylin-clangd-0.4.0-linux-x64/res/clangd/lib/clang/21 -- /home/david/Documentos/prueba_OS/RepasoExamen/311.c
I[11:19:06.245] --> textDocument/clangd.fileStatus
I[11:19:06.249] --> textDocument/publishDiagnostics
I[11:19:06.249] --> textDocument/inactiveRegions
I[11:19:06.249] --> reply:textDocument/inlayHint(250) 5 ms
I[11:19:06.249] --> textDocument/clangd.fileStatus
I[11:19:06.255] <-- textDocument/didChange
I[11:19:06.255] --> textDocument/clangd.fileStatus
I[11:19:06.281] <-- textDocument/inlayHint(251)
I[11:19:06.281] Failed to find compilation database for /home/david/Documentos/prueba_OS/RepasoExamen/311.c
I[11:19:06.281] ASTWorker building file /home/david/Documentos/prueba_OS/RepasoExamen/311.c version 55 with command clangd fallback
[/home/david/Documentos/prueba_OS/RepasoExamen]
/usr/bin/clang -resource-dir=/home/david/.vscode-oss/extensions/kylinideteam.kylin-clangd-0.4.0-linux-x64/res/clangd/lib/clang/21 -- /home/david/Documentos/prueba_OS/RepasoExamen/311.c
I[11:19:06.282] --> textDocument/clangd.fileStatus
I[11:19:06.285] --> textDocument/publishDiagnostics
I[11:19:06.285] --> textDocument/inactiveRegions
I[11:19:06.286] --> reply:textDocument/inlayHint(251) 5 ms
I[11:19:06.286] --> textDocument/clangd.fileStatus
I[11:19:06.376] <-- textDocument/signatureHelp(252)
I[11:19:06.379] --> reply:textDocument/signatureHelp(252) 3 ms
I[11:19:06.456] <-- textDocument/foldingRange(253)
I[11:19:06.456] --> reply:textDocument/foldingRange(253) 0 ms
I[11:19:06.497] <-- textDocument/didChange
I[11:19:06.497] --> textDocument/clangd.fileStatus
I[11:19:06.522] <-- textDocument/inlayHint(254)
I[11:19:06.523] Failed to find compilation database for /home/david/Documentos/prueba_OS/RepasoExamen/311.c
I[11:19:06.523] ASTWorker building file /home/david/Documentos/prueba_OS/RepasoExamen/311.c version 56 with command clangd fallback
[/home/david/Documentos/prueba_OS/RepasoExamen]
/usr/bin/clang -resource-dir=/home/david/.vscode-oss/extensions/kylinideteam.kylin-clangd-0.4.0-linux-x64/res/clangd/lib/clang/21 -- /home/david/Documentos/prueba_OS/RepasoExamen/311.c
I[11:19:06.524] --> textDocument/clangd.fileStatus
I[11:19:06.528] --> textDocument/publishDiagnostics
I[11:19:06.528] --> textDocument/inactiveRegions
I[11:19:06.528] --> reply:textDocument/inlayHint(254) 5 ms
I[11:19:06.528] --> textDocument/clangd.fileStatus
I[11:19:06.617] <-- textDocument/signatureHelp(255)
I[11:19:06.621] --> reply:textDocument/signatureHelp(255) 3 ms
I[11:19:06.697] <-- textDocument/foldingRange(256)
I[11:19:06.697] --> reply:textDocument/foldingRange(256) 0 ms
I[11:19:06.759] <-- textDocument/didChange
I[11:19:06.759] --> textDocument/clangd.fileStatus
I[11:19:06.785] <-- textDocument/inlayHint(257)
I[11:19:06.785] Failed to find compilation database for /home/david/Documentos/prueba_OS/RepasoExamen/311.c
I[11:19:06.785] ASTWorker building file /home/david/Documentos/prueba_OS/RepasoExamen/311.c version 57 with command clangd fallback
[/home/david/Documentos/prueba_OS/RepasoExamen]
/usr/bin/clang -resource-dir=/home/david/.vscode-oss/extensions/kylinideteam.kylin-clangd-0.4.0-linux-x64/res/clangd/lib/clang/21 -- /home/david/Documentos/prueba_OS/RepasoExamen/311.c
I[11:19:06.786] --> textDocument/clangd.fileStatus
I[11:19:06.789] --> textDocument/publishDiagnostics
I[11:19:06.789] --> textDocument/inactiveRegions
I[11:19:06.790] --> reply:textDocument/inlayHint(257) 4 ms
I[11:19:06.790] --> textDocument/clangd.fileStatus
I[11:19:06.880] <-- textDocument/signatureHelp(258)
I[11:19:06.884] --> reply:textDocument/signatureHelp(258) 3 ms
I[11:19:06.960] <-- textDocument/foldingRange(259)
I[11:19:06.960] --> reply:textDocument/foldingRange(259) 0 ms
I[11:19:07.042] <-- textDocument/codeAction(260)
I[11:19:07.042] --> reply:textDocument/codeAction(260) 0 ms
I[11:19:07.042] --> textDocument/clangd.fileStatus
I[11:19:07.110] <-- textDocument/documentSymbol(261)
I[11:19:07.110] <-- textDocument/documentSymbol(262)
I[11:19:07.110] --> reply:textDocument/documentSymbol(261) 0 ms
I[11:19:07.110] --> reply:textDocument/documentSymbol(262) 0 ms
I[11:19:07.110] --> textDocument/clangd.fileStatus
I[11:19:07.366] <-- textDocument/didSave
I[11:19:07.366] File version went from 1 to 1
I[11:19:07.366] File version went from 57 to 57
I[11:19:07.366] --> textDocument/clangd.fileStatus
I[11:19:07.366] --> textDocument/clangd.fileStatus
I[11:19:07.416] Failed to find compilation database for /home/david/Documentos/prueba_OS/RepasoExamen/311.c
I[11:19:07.416] Failed to find compilation database for /home/david/Documentos/prueba_OS/RepasoExamen/mistat.c
I[11:19:07.416] ASTWorker building file /home/david/Documentos/prueba_OS/RepasoExamen/311.c version 57 with command clangd fallback
[/home/david/Documentos/prueba_OS/RepasoExamen]
/usr/bin/clang -resource-dir=/home/david/.vscode-oss/extensions/kylinideteam.kylin-clangd-0.4.0-linux-x64/res/clangd/lib/clang/21 -- /home/david/Documentos/prueba_OS/RepasoExamen/311.c
I[11:19:07.416] ASTWorker building file /home/david/Documentos/prueba_OS/RepasoExamen/mistat.c version 1 with command clangd fallback
[/home/david/Documentos/prueba_OS/RepasoExamen]
/usr/bin/clang -resource-dir=/home/david/.vscode-oss/extensions/kylinideteam.kylin-clangd-0.4.0-linux-x64/res/clangd/lib/clang/21 -- /home/david/Documentos/prueba_OS/RepasoExamen/mistat.c
I[11:19:07.416] --> textDocument/clangd.fileStatus
I[11:19:07.416] --> textDocument/clangd.fileStatus
I[11:19:07.417] --> textDocument/clangd.fileStatus
I[11:19:07.417] --> textDocument/clangd.fileStatus
I[11:19:07.417] --> textDocument/clangd.fileStatus
I[11:19:07.417] --> textDocument/clangd.fileStatus
I[11:19:07.417] --> textDocument/clangd.fileStatus
I[11:19:07.417] --> textDocument/clangd.fileStatus
I[11:19:07.560] <-- textDocument/inlayHint(263)
I[11:19:07.560] --> reply:textDocument/inlayHint(263) 0 ms
I[11:19:07.560] --> textDocument/clangd.fileStatus
I[11:19:07.760] <-- textDocument/documentLink(264)
I[11:19:07.760] --> reply:textDocument/documentLink(264) 0 ms
I[11:19:07.760] --> textDocument/clangd.fileStatus
I[11:19:07.807] <-- textDocument/signatureHelp(265)
I[11:19:07.810] --> reply:textDocument/signatureHelp(265) 3 ms
I[11:19:07.936] <-- textDocument/codeAction(266)
I[11:19:07.937] --> reply:textDocument/codeAction(266) 0 ms
I[11:19:07.937] --> textDocument/clangd.fileStatus
I[11:19:08.297] <-- textDocument/didChange
I[11:19:08.297] --> textDocument/clangd.fileStatus
I[11:19:08.323] <-- textDocument/inlayHint(267)
I[11:19:08.323] Failed to find compilation database for /home/david/Documentos/prueba_OS/RepasoExamen/311.c
I[11:19:08.323] ASTWorker building file /home/david/Documentos/prueba_OS/RepasoExamen/311.c version 58 with command clangd fallback
[/home/david/Documentos/prueba_OS/RepasoExamen]
/usr/bin/clang -resource-dir=/home/david/.vscode-oss/extensions/kylinideteam.kylin-clangd-0.4.0-linux-x64/res/clangd/lib/clang/21 -- /home/david/Documentos/prueba_OS/RepasoExamen/311.c
I[11:19:08.324] --> textDocument/clangd.fileStatus
I[11:19:08.328] --> textDocument/publishDiagnostics
I[11:19:08.328] --> textDocument/inactiveRegions
I[11:19:08.328] --> reply:textDocument/inlayHint(267) 5 ms
I[11:19:08.328] --> textDocument/clangd.fileStatus
I[11:19:08.498] <-- textDocument/foldingRange(268)
I[11:19:08.498] --> reply:textDocument/foldingRange(268) 0 ms
I[11:19:08.583] <-- textDocument/codeAction(269)
I[11:19:08.583] --> reply:textDocument/codeAction(269) 0 ms
I[11:19:08.583] --> textDocument/clangd.fileStatus
I[11:19:08.648] <-- textDocument/documentSymbol(270)
I[11:19:08.648] <-- textDocument/documentSymbol(271)
I[11:19:08.648] --> reply:textDocument/documentSymbol(270) 0 ms
I[11:19:08.648] --> reply:textDocument/documentSymbol(271) 0 ms
I[11:19:08.648] --> textDocument/clangd.fileStatus
I[11:19:08.741] <-- textDocument/didSave
I[11:19:08.741] File version went from 1 to 1
I[11:19:08.741] File version went from 58 to 58
I[11:19:08.741] --> textDocument/clangd.fileStatus
I[11:19:08.741] --> textDocument/clangd.fileStatus
I[11:19:08.791] Failed to find compilation database for /home/david/Documentos/prueba_OS/RepasoExamen/mistat.c
I[11:19:08.791] ASTWorker building file /home/david/Documentos/prueba_OS/RepasoExamen/mistat.c version 1 with command clangd fallback
[/home/david/Documentos/prueba_OS/RepasoExamen]
/usr/bin/clang -resource-dir=/home/david/.vscode-oss/extensions/kylinideteam.kylin-clangd-0.4.0-linux-x64/res/clangd/lib/clang/21 -- /home/david/Documentos/prueba_OS/RepasoExamen/mistat.c
I[11:19:08.791] Failed to find compilation database for /home/david/Documentos/prueba_OS/RepasoExamen/311.c
I[11:19:08.791] ASTWorker building file /home/david/Documentos/prueba_OS/RepasoExamen/311.c version 58 with command clangd fallback
[/home/david/Documentos/prueba_OS/RepasoExamen]
/usr/bin/clang -resource-dir=/home/david/.vscode-oss/extensions/kylinideteam.kylin-clangd-0.4.0-linux-x64/res/clangd/lib/clang/21 -- /home/david/Documentos/prueba_OS/RepasoExamen/311.c
I[11:19:08.792] --> textDocument/clangd.fileStatus
I[11:19:08.792] --> textDocument/clangd.fileStatus
I[11:19:08.792] --> textDocument/clangd.fileStatus
I[11:19:08.792] --> textDocument/clangd.fileStatus
I[11:19:08.792] --> textDocument/clangd.fileStatus
I[11:19:08.792] --> textDocument/clangd.fileStatus
I[11:19:08.793] --> textDocument/clangd.fileStatus
I[11:19:08.793] --> textDocument/clangd.fileStatus
I[11:19:08.907] <-- textDocument/documentHighlight(272)
I[11:19:08.908] --> reply:textDocument/documentHighlight(272) 0 ms
I[11:19:08.908] --> textDocument/clangd.fileStatus
I[11:19:09.098] <-- textDocument/inlayHint(273)
I[11:19:09.098] --> reply:textDocument/inlayHint(273) 0 ms
I[11:19:09.098] --> textDocument/clangd.fileStatus
I[11:19:09.298] <-- textDocument/documentLink(274)
I[11:19:09.298] --> reply:textDocument/documentLink(274) 0 ms
I[11:19:09.298] --> textDocument/clangd.fileStatus
I[11:19:09.317] <-- textDocument/codeAction(275)
I[11:19:09.317] --> reply:textDocument/codeAction(275) 0 ms
I[11:19:09.317] --> textDocument/clangd.fileStatus
I[11:19:09.641] <-- textDocument/didChange
I[11:19:09.641] --> textDocument/clangd.fileStatus
I[11:19:09.668] <-- textDocument/inlayHint(276)
I[11:19:09.668] Failed to find compilation database for /home/david/Documentos/prueba_OS/RepasoExamen/311.c
I[11:19:09.668] ASTWorker building file /home/david/Documentos/prueba_OS/RepasoExamen/311.c version 59 with command clangd fallback
[/home/david/Documentos/prueba_OS/RepasoExamen]
/usr/bin/clang -resource-dir=/home/david/.vscode-oss/extensions/kylinideteam.kylin-clangd-0.4.0-linux-x64/res/clangd/lib/clang/21 -- /home/david/Documentos/prueba_OS/RepasoExamen/311.c
I[11:19:09.668] --> textDocument/clangd.fileStatus
I[11:19:09.673] --> textDocument/publishDiagnostics
I[11:19:09.673] --> textDocument/inactiveRegions
I[11:19:09.673] --> reply:textDocument/inlayHint(276) 5 ms
I[11:19:09.673] --> textDocument/clangd.fileStatus
I[11:19:09.830] <-- textDocument/didChange
I[11:19:09.830] --> textDocument/clangd.fileStatus
I[11:19:09.855] <-- textDocument/inlayHint(277)
I[11:19:09.855] Failed to find compilation database for /home/david/Documentos/prueba_OS/RepasoExamen/311.c
I[11:19:09.855] ASTWorker building file /home/david/Documentos/prueba_OS/RepasoExamen/311.c version 60 with command clangd fallback
[/home/david/Documentos/prueba_OS/RepasoExamen]
/usr/bin/clang -resource-dir=/home/david/.vscode-oss/extensions/kylinideteam.kylin-clangd-0.4.0-linux-x64/res/clangd/lib/clang/21 -- /home/david/Documentos/prueba_OS/RepasoExamen/311.c
I[11:19:09.856] --> textDocument/clangd.fileStatus
I[11:19:09.859] --> textDocument/publishDiagnostics
I[11:19:09.859] --> textDocument/inactiveRegions
I[11:19:09.859] --> reply:textDocument/inlayHint(277) 4 ms
I[11:19:09.860] --> textDocument/clangd.fileStatus
I[11:19:10.030] <-- textDocument/foldingRange(278)
I[11:19:10.030] --> reply:textDocument/foldingRange(278) 0 ms
I[11:19:10.034] <-- textDocument/didChange
I[11:19:10.034] --> textDocument/clangd.fileStatus
I[11:19:10.060] <-- textDocument/inlayHint(279)
I[11:19:10.060] Failed to find compilation database for /home/david/Documentos/prueba_OS/RepasoExamen/311.c
I[11:19:10.060] ASTWorker building file /home/david/Documentos/prueba_OS/RepasoExamen/311.c version 61 with command clangd fallback
[/home/david/Documentos/prueba_OS/RepasoExamen]
/usr/bin/clang -resource-dir=/home/david/.vscode-oss/extensions/kylinideteam.kylin-clangd-0.4.0-linux-x64/res/clangd/lib/clang/21 -- /home/david/Documentos/prueba_OS/RepasoExamen/311.c
I[11:19:10.060] --> textDocument/clangd.fileStatus
I[11:19:10.064] --> textDocument/publishDiagnostics
I[11:19:10.064] --> textDocument/inactiveRegions
I[11:19:10.064] --> reply:textDocument/inlayHint(279) 4 ms
I[11:19:10.064] --> textDocument/clangd.fileStatus
I[11:19:10.234] <-- textDocument/foldingRange(280)
I[11:19:10.235] --> reply:textDocument/foldingRange(280) 0 ms
I[11:19:10.243] <-- textDocument/didChange
I[11:19:10.243] --> textDocument/clangd.fileStatus
I[11:19:10.268] <-- textDocument/inlayHint(281)
I[11:19:10.269] Failed to find compilation database for /home/david/Documentos/prueba_OS/RepasoExamen/311.c
I[11:19:10.269] ASTWorker building file /home/david/Documentos/prueba_OS/RepasoExamen/311.c version 62 with command clangd fallback
[/home/david/Documentos/prueba_OS/RepasoExamen]
/usr/bin/clang -resource-dir=/home/david/.vscode-oss/extensions/kylinideteam.kylin-clangd-0.4.0-linux-x64/res/clangd/lib/clang/21 -- /home/david/Documentos/prueba_OS/RepasoExamen/311.c
I[11:19:10.269] --> textDocument/clangd.fileStatus
I[11:19:10.273] --> textDocument/publishDiagnostics
I[11:19:10.273] --> textDocument/inactiveRegions
I[11:19:10.273] --> reply:textDocument/inlayHint(281) 4 ms
I[11:19:10.273] --> textDocument/clangd.fileStatus
I[11:19:10.443] <-- textDocument/foldingRange(282)
I[11:19:10.443] --> reply:textDocument/foldingRange(282) 0 ms
I[11:19:10.526] <-- textDocument/codeAction(283)
I[11:19:10.526] --> reply:textDocument/codeAction(283) 0 ms
I[11:19:10.526] --> textDocument/clangd.fileStatus
I[11:19:10.593] <-- textDocument/documentSymbol(284)
I[11:19:10.593] <-- textDocument/documentSymbol(285)
I[11:19:10.594] --> reply:textDocument/documentSymbol(284) 0 ms
I[11:19:10.594] --> reply:textDocument/documentSymbol(285) 0 ms
I[11:19:10.594] --> textDocument/clangd.fileStatus
I[11:19:10.616] <-- textDocument/didChange
I[11:19:10.616] --> textDocument/clangd.fileStatus
I[11:19:10.641] <-- textDocument/inlayHint(286)
I[11:19:10.642] Failed to find compilation database for /home/david/Documentos/prueba_OS/RepasoExamen/311.c
I[11:19:10.642] ASTWorker building file /home/david/Documentos/prueba_OS/RepasoExamen/311.c version 63 with command clangd fallback
[/home/david/Documentos/prueba_OS/RepasoExamen]
/usr/bin/clang -resource-dir=/home/david/.vscode-oss/extensions/kylinideteam.kylin-clangd-0.4.0-linux-x64/res/clangd/lib/clang/21 -- /home/david/Documentos/prueba_OS/RepasoExamen/311.c
I[11:19:10.643] --> textDocument/clangd.fileStatus
I[11:19:10.646] --> textDocument/publishDiagnostics
I[11:19:10.646] --> textDocument/inactiveRegions
I[11:19:10.646] --> reply:textDocument/inlayHint(286) 4 ms
I[11:19:10.646] --> textDocument/clangd.fileStatus
I[11:19:10.815] <-- textDocument/didChange
I[11:19:10.815] --> textDocument/clangd.fileStatus
I[11:19:10.841] <-- textDocument/inlayHint(287)
I[11:19:10.841] Failed to find compilation database for /home/david/Documentos/prueba_OS/RepasoExamen/311.c
I[11:19:10.841] ASTWorker building file /home/david/Documentos/prueba_OS/RepasoExamen/311.c version 64 with command clangd fallback
[/home/david/Documentos/prueba_OS/RepasoExamen]
/usr/bin/clang -resource-dir=/home/david/.vscode-oss/extensions/kylinideteam.kylin-clangd-0.4.0-linux-x64/res/clangd/lib/clang/21 -- /home/david/Documentos/prueba_OS/RepasoExamen/311.c
I[11:19:10.842] --> textDocument/clangd.fileStatus
I[11:19:10.847] --> textDocument/publishDiagnostics
I[11:19:10.847] --> textDocument/inactiveRegions
I[11:19:10.847] --> reply:textDocument/inlayHint(287) 6 ms
I[11:19:10.847] --> textDocument/clangd.fileStatus
I[11:19:11.016] <-- textDocument/foldingRange(288)
I[11:19:11.016] --> reply:textDocument/foldingRange(288) 0 ms
I[11:19:11.099] <-- textDocument/codeAction(289)
I[11:19:11.100] --> reply:textDocument/codeAction(289) 0 ms
I[11:19:11.100] --> textDocument/clangd.fileStatus
I[11:19:11.166] <-- textDocument/documentSymbol(290)
I[11:19:11.166] <-- textDocument/documentSymbol(291)
I[11:19:11.166] --> reply:textDocument/documentSymbol(290) 0 ms
I[11:19:11.166] --> reply:textDocument/documentSymbol(291) 0 ms
I[11:19:11.166] --> textDocument/clangd.fileStatus
I[11:19:11.167] <-- textDocument/didChange
I[11:19:11.167] --> textDocument/clangd.fileStatus
I[11:19:11.193] <-- textDocument/inlayHint(292)
I[11:19:11.193] Failed to find compilation database for /home/david/Documentos/prueba_OS/RepasoExamen/311.c
I[11:19:11.194] ASTWorker building file /home/david/Documentos/prueba_OS/RepasoExamen/311.c version 65 with command clangd fallback
[/home/david/Documentos/prueba_OS/RepasoExamen]
/usr/bin/clang -resource-dir=/home/david/.vscode-oss/extensions/kylinideteam.kylin-clangd-0.4.0-linux-x64/res/clangd/lib/clang/21 -- /home/david/Documentos/prueba_OS/RepasoExamen/311.c
I[11:19:11.194] --> textDocument/clangd.fileStatus
I[11:19:11.198] --> textDocument/publishDiagnostics
I[11:19:11.198] --> textDocument/inactiveRegions
I[11:19:11.198] --> reply:textDocument/inlayHint(292) 4 ms
I[11:19:11.198] --> textDocument/clangd.fileStatus
I[11:19:11.368] <-- textDocument/foldingRange(293)
I[11:19:11.369] --> reply:textDocument/foldingRange(293) 0 ms
I[11:19:11.450] <-- textDocument/codeAction(294)
I[11:19:11.450] --> reply:textDocument/codeAction(294) 0 ms
I[11:19:11.450] --> textDocument/clangd.fileStatus
I[11:19:11.518] <-- textDocument/documentSymbol(295)
I[11:19:11.518] <-- textDocument/documentSymbol(296)
I[11:19:11.519] --> reply:textDocument/documentSymbol(295) 0 ms
I[11:19:11.519] --> reply:textDocument/documentSymbol(296) 0 ms
I[11:19:11.519] --> textDocument/clangd.fileStatus
I[11:19:11.968] <-- textDocument/inlayHint(297)
I[11:19:11.968] --> reply:textDocument/inlayHint(297) 0 ms
I[11:19:11.968] --> textDocument/clangd.fileStatus
I[11:19:12.168] <-- textDocument/documentLink(298)
I[11:19:12.168] --> reply:textDocument/documentLink(298) 0 ms
I[11:19:12.169] --> textDocument/clangd.fileStatus
I[11:19:12.334] <-- textDocument/didChange
I[11:19:12.334] --> textDocument/clangd.fileStatus
I[11:19:12.360] <-- textDocument/inlayHint(299)
I[11:19:12.360] Failed to find compilation database for /home/david/Documentos/prueba_OS/RepasoExamen/311.c
I[11:19:12.360] ASTWorker building file /home/david/Documentos/prueba_OS/RepasoExamen/311.c version 66 with command clangd fallback
[/home/david/Documentos/prueba_OS/RepasoExamen]
/usr/bin/clang -resource-dir=/home/david/.vscode-oss/extensions/kylinideteam.kylin-clangd-0.4.0-linux-x64/res/clangd/lib/clang/21 -- /home/david/Documentos/prueba_OS/RepasoExamen/311.c
I[11:19:12.361] --> textDocument/clangd.fileStatus
I[11:19:12.364] --> textDocument/publishDiagnostics
I[11:19:12.364] --> textDocument/inactiveRegions
I[11:19:12.364] --> reply:textDocument/inlayHint(299) 4 ms
I[11:19:12.364] --> textDocument/clangd.fileStatus
I[11:19:12.535] <-- textDocument/foldingRange(300)
I[11:19:12.535] --> reply:textDocument/foldingRange(300) 0 ms
I[11:19:12.617] <-- textDocument/codeAction(301)
I[11:19:12.618] --> reply:textDocument/codeAction(301) 0 ms
I[11:19:12.618] --> textDocument/clangd.fileStatus
I[11:19:12.685] <-- textDocument/documentSymbol(302)
I[11:19:12.685] <-- textDocument/documentSymbol(303)
I[11:19:12.686] --> reply:textDocument/documentSymbol(302) 0 ms
I[11:19:12.686] --> reply:textDocument/documentSymbol(303) 0 ms
I[11:19:12.686] --> textDocument/clangd.fileStatus
I[11:19:12.812] <-- textDocument/didChange
I[11:19:12.812] --> textDocument/clangd.fileStatus
I[11:19:12.838] <-- textDocument/inlayHint(304)
I[11:19:12.838] Failed to find compilation database for /home/david/Documentos/prueba_OS/RepasoExamen/311.c
I[11:19:12.838] ASTWorker building file /home/david/Documentos/prueba_OS/RepasoExamen/311.c version 67 with command clangd fallback
[/home/david/Documentos/prueba_OS/RepasoExamen]
/usr/bin/clang -resource-dir=/home/david/.vscode-oss/extensions/kylinideteam.kylin-clangd-0.4.0-linux-x64/res/clangd/lib/clang/21 -- /home/david/Documentos/prueba_OS/RepasoExamen/311.c
I[11:19:12.839] --> textDocument/clangd.fileStatus
I[11:19:12.843] --> textDocument/publishDiagnostics
I[11:19:12.843] --> textDocument/inactiveRegions
I[11:19:12.843] --> reply:textDocument/inlayHint(304) 4 ms
I[11:19:12.843] --> textDocument/clangd.fileStatus
I[11:19:13.013] <-- textDocument/foldingRange(305)
I[11:19:13.013] --> reply:textDocument/foldingRange(305) 0 ms
I[11:19:13.096] <-- textDocument/codeAction(306)
I[11:19:13.096] --> reply:textDocument/codeAction(306) 0 ms
I[11:19:13.096] --> textDocument/clangd.fileStatus
I[11:19:13.163] <-- textDocument/didSave
I[11:19:13.163] File version went from 1 to 1
I[11:19:13.163] File version went from 67 to 67
I[11:19:13.163] --> textDocument/clangd.fileStatus
I[11:19:13.163] --> textDocument/clangd.fileStatus
I[11:19:13.167] <-- textDocument/documentSymbol(307)
I[11:19:13.167] <-- textDocument/documentSymbol(308)
I[11:19:13.167] Failed to find compilation database for /home/david/Documentos/prueba_OS/RepasoExamen/311.c
I[11:19:13.167] ASTWorker building file /home/david/Documentos/prueba_OS/RepasoExamen/311.c version 67 with command clangd fallback
[/home/david/Documentos/prueba_OS/RepasoExamen]
/usr/bin/clang -resource-dir=/home/david/.vscode-oss/extensions/kylinideteam.kylin-clangd-0.4.0-linux-x64/res/clangd/lib/clang/21 -- /home/david/Documentos/prueba_OS/RepasoExamen/311.c
I[11:19:13.168] --> reply:textDocument/documentSymbol(307) 0 ms
I[11:19:13.168] --> reply:textDocument/documentSymbol(308) 0 ms
I[11:19:13.168] --> textDocument/clangd.fileStatus
I[11:19:13.168] --> textDocument/clangd.fileStatus
I[11:19:13.168] --> textDocument/clangd.fileStatus
I[11:19:13.168] --> textDocument/clangd.fileStatus
I[11:19:13.213] Failed to find compilation database for /home/david/Documentos/prueba_OS/RepasoExamen/mistat.c
I[11:19:13.214] ASTWorker building file /home/david/Documentos/prueba_OS/RepasoExamen/mistat.c version 1 with command clangd fallback
[/home/david/Documentos/prueba_OS/RepasoExamen]
/usr/bin/clang -resource-dir=/home/david/.vscode-oss/extensions/kylinideteam.kylin-clangd-0.4.0-linux-x64/res/clangd/lib/clang/21 -- /home/david/Documentos/prueba_OS/RepasoExamen/mistat.c
I[11:19:13.214] --> textDocument/clangd.fileStatus
I[11:19:13.214] --> textDocument/clangd.fileStatus
I[11:19:13.214] --> textDocument/clangd.fileStatus
I[11:19:13.214] --> textDocument/clangd.fileStatus
I[11:19:13.613] <-- textDocument/inlayHint(309)
I[11:19:13.613] --> reply:textDocument/inlayHint(309) 0 ms
I[11:19:13.613] --> textDocument/clangd.fileStatus
I[11:19:13.813] <-- textDocument/documentLink(310)
I[11:19:13.813] --> reply:textDocument/documentLink(310) 0 ms
I[11:19:13.813] --> textDocument/clangd.fileStatus
I[11:21:21.944] <-- textDocument/documentHighlight(311)
I[11:21:21.945] --> reply:textDocument/documentHighlight(311) 0 ms
I[11:21:21.945] --> textDocument/clangd.fileStatus
I[11:21:24.456] <-- textDocument/codeAction(312)
I[11:21:24.456] --> reply:textDocument/codeAction(312) 0 ms
I[11:21:24.456] --> textDocument/clangd.fileStatus
I[11:21:27.808] <-- textDocument/codeAction(313)
I[11:21:27.808] --> reply:textDocument/codeAction(313) 0 ms
I[11:21:27.808] --> textDocument/clangd.fileStatus
I[11:21:43.315] <-- textDocument/codeAction(314)
I[11:21:43.315] --> reply:textDocument/codeAction(314) 0 ms
I[11:21:43.315] --> textDocument/clangd.fileStatus
I[11:21:45.526] <-- textDocument/inlayHint(315)
I[11:21:45.526] --> reply:textDocument/inlayHint(315) 0 ms
I[11:21:45.526] --> textDocument/clangd.fileStatus
I[11:21:46.906] <-- textDocument/codeAction(316)
I[11:21:46.906] --> reply:textDocument/codeAction(316) 0 ms
I[11:21:46.906] --> textDocument/clangd.fileStatus
I[11:21:48.630] <-- textDocument/didChange
I[11:21:48.630] --> textDocument/clangd.fileStatus
I[11:21:48.657] <-- textDocument/inlayHint(317)
I[11:21:48.657] Failed to find compilation database for /home/david/Documentos/prueba_OS/RepasoExamen/311.c
I[11:21:48.658] ASTWorker building file /home/david/Documentos/prueba_OS/RepasoExamen/311.c version 68 with command clangd fallback
[/home/david/Documentos/prueba_OS/RepasoExamen]
/usr/bin/clang -resource-dir=/home/david/.vscode-oss/extensions/kylinideteam.kylin-clangd-0.4.0-linux-x64/res/clangd/lib/clang/21 -- /home/david/Documentos/prueba_OS/RepasoExamen/311.c
I[11:21:48.658] --> textDocument/clangd.fileStatus
I[11:21:48.662] --> textDocument/publishDiagnostics
I[11:21:48.662] --> textDocument/inactiveRegions
I[11:21:48.662] --> reply:textDocument/inlayHint(317) 5 ms
I[11:21:48.662] --> textDocument/clangd.fileStatus
I[11:21:48.832] <-- textDocument/foldingRange(318)
I[11:21:48.833] --> reply:textDocument/foldingRange(318) 0 ms
I[11:21:48.983] <-- textDocument/documentSymbol(319)
I[11:21:48.983] <-- textDocument/documentSymbol(320)
I[11:21:48.983] --> reply:textDocument/documentSymbol(319) 0 ms
I[11:21:48.983] --> reply:textDocument/documentSymbol(320) 0 ms
I[11:21:48.983] --> textDocument/clangd.fileStatus
I[11:21:49.396] <-- textDocument/didChange
I[11:21:49.396] --> textDocument/clangd.fileStatus
I[11:21:49.407] <-- textDocument/completion(321)
I[11:21:49.411] Code complete: sema context Statement, query scopes [] (AnyScope=true), expected type <none>
I[11:21:49.411] Code complete: 3 results from Sema, 100 from Index, 0 matched, 0 from identifiers, 100 returned (incomplete).
I[11:21:49.414] --> reply:textDocument/completion(321) 6 ms
I[11:21:49.431] <-- textDocument/inlayHint(322)
I[11:21:49.432] Failed to find compilation database for /home/david/Documentos/prueba_OS/RepasoExamen/311.c
I[11:21:49.432] ASTWorker building file /home/david/Documentos/prueba_OS/RepasoExamen/311.c version 69 with command clangd fallback
[/home/david/Documentos/prueba_OS/RepasoExamen]
/usr/bin/clang -resource-dir=/home/david/.vscode-oss/extensions/kylinideteam.kylin-clangd-0.4.0-linux-x64/res/clangd/lib/clang/21 -- /home/david/Documentos/prueba_OS/RepasoExamen/311.c
I[11:21:49.432] --> textDocument/clangd.fileStatus
I[11:21:49.436] --> textDocument/publishDiagnostics
I[11:21:49.436] --> textDocument/inactiveRegions
I[11:21:49.436] --> reply:textDocument/inlayHint(322) 4 ms
I[11:21:49.436] --> textDocument/clangd.fileStatus
I[11:21:49.596] <-- textDocument/foldingRange(323)
I[11:21:49.596] --> reply:textDocument/foldingRange(323) 0 ms
I[11:21:49.688] <-- textDocument/codeAction(324)
I[11:21:49.689] --> reply:textDocument/codeAction(324) 0 ms
I[11:21:49.689] --> textDocument/clangd.fileStatus
I[11:21:49.717] <-- textDocument/didChange
I[11:21:49.717] --> textDocument/clangd.fileStatus
I[11:21:49.718] <-- textDocument/completion(325)
I[11:21:49.721] Code complete: sema context Statement, query scopes [] (AnyScope=true), expected type <none>
I[11:21:49.721] Code complete: 1 results from Sema, 78 from Index, 0 matched, 0 from identifiers, 79 returned (incomplete).
I[11:21:49.723] --> reply:textDocument/completion(325) 5 ms
I[11:21:49.743] <-- textDocument/inlayHint(326)
I[11:21:49.744] Failed to find compilation database for /home/david/Documentos/prueba_OS/RepasoExamen/311.c
I[11:21:49.744] ASTWorker building file /home/david/Documentos/prueba_OS/RepasoExamen/311.c version 70 with command clangd fallback
[/home/david/Documentos/prueba_OS/RepasoExamen]
/usr/bin/clang -resource-dir=/home/david/.vscode-oss/extensions/kylinideteam.kylin-clangd-0.4.0-linux-x64/res/clangd/lib/clang/21 -- /home/david/Documentos/prueba_OS/RepasoExamen/311.c
I[11:21:49.744] --> textDocument/clangd.fileStatus
I[11:21:49.747] <-- textDocument/documentSymbol(327)
I[11:21:49.747] --> textDocument/publishDiagnostics
I[11:21:49.747] --> textDocument/inactiveRegions
I[11:21:49.747] --> reply:textDocument/inlayHint(326) 3 ms
I[11:21:49.747] --> reply:textDocument/documentSymbol(327) 0 ms
I[11:21:49.747] --> textDocument/clangd.fileStatus
I[11:21:49.918] <-- textDocument/foldingRange(328)
I[11:21:49.918] --> reply:textDocument/foldingRange(328) 0 ms
I[11:21:49.966] <-- textDocument/didChange
I[11:21:49.966] --> textDocument/clangd.fileStatus
I[11:21:49.966] <-- textDocument/completion(329)
I[11:21:49.970] Code complete: sema context Statement, query scopes [] (AnyScope=true), expected type <none>
I[11:21:49.971] Code complete: 1 results from Sema, 69 from Index, 0 matched, 0 from identifiers, 70 returned (incomplete).
I[11:21:49.972] --> reply:textDocument/completion(329) 5 ms
I[11:21:49.992] <-- textDocument/inlayHint(330)
I[11:21:49.992] Failed to find compilation database for /home/david/Documentos/prueba_OS/RepasoExamen/311.c
I[11:21:49.992] ASTWorker building file /home/david/Documentos/prueba_OS/RepasoExamen/311.c version 71 with command clangd fallback
[/home/david/Documentos/prueba_OS/RepasoExamen]
/usr/bin/clang -resource-dir=/home/david/.vscode-oss/extensions/kylinideteam.kylin-clangd-0.4.0-linux-x64/res/clangd/lib/clang/21 -- /home/david/Documentos/prueba_OS/RepasoExamen/311.c
I[11:21:49.993] --> textDocument/clangd.fileStatus
I[11:21:49.995] --> textDocument/publishDiagnostics
I[11:21:49.995] --> textDocument/inactiveRegions
I[11:21:49.995] --> reply:textDocument/inlayHint(330) 3 ms
I[11:21:49.996] --> textDocument/clangd.fileStatus
I[11:21:50.167] <-- textDocument/foldingRange(331)
I[11:21:50.167] --> reply:textDocument/foldingRange(331) 0 ms
I[11:21:50.248] <-- textDocument/codeAction(332)
I[11:21:50.248] --> reply:textDocument/codeAction(332) 0 ms
I[11:21:50.248] --> textDocument/clangd.fileStatus
I[11:21:50.284] <-- textDocument/didChange
I[11:21:50.284] --> textDocument/clangd.fileStatus
I[11:21:50.310] <-- textDocument/inlayHint(333)
I[11:21:50.310] Failed to find compilation database for /home/david/Documentos/prueba_OS/RepasoExamen/311.c
I[11:21:50.310] ASTWorker building file /home/david/Documentos/prueba_OS/RepasoExamen/311.c version 72 with command clangd fallback
[/home/david/Documentos/prueba_OS/RepasoExamen]
/usr/bin/clang -resource-dir=/home/david/.vscode-oss/extensions/kylinideteam.kylin-clangd-0.4.0-linux-x64/res/clangd/lib/clang/21 -- /home/david/Documentos/prueba_OS/RepasoExamen/311.c
I[11:21:50.311] --> textDocument/clangd.fileStatus
I[11:21:50.313] --> textDocument/publishDiagnostics
I[11:21:50.313] --> textDocument/inactiveRegions
I[11:21:50.313] --> reply:textDocument/inlayHint(333) 3 ms
I[11:21:50.313] --> textDocument/clangd.fileStatus
I[11:21:50.316] <-- textDocument/documentSymbol(334)
I[11:21:50.317] --> reply:textDocument/documentSymbol(334) 0 ms
I[11:21:50.317] --> textDocument/clangd.fileStatus
I[11:21:50.484] <-- textDocument/foldingRange(335)
I[11:21:50.484] --> reply:textDocument/foldingRange(335) 0 ms
I[11:21:50.558] <-- textDocument/didChange
I[11:21:50.558] --> textDocument/clangd.fileStatus
I[11:21:50.569] <-- textDocument/completion(336)
I[11:21:50.572] Code complete: sema context NewName, query scopes [] (AnyScope=true), expected type <none>
I[11:21:50.573] Code complete: 0 results from Sema, 0 from Index, 0 matched, 0 from identifiers, 0 returned.
I[11:21:50.573] --> reply:textDocument/completion(336) 3 ms
I[11:21:50.584] <-- textDocument/inlayHint(337)
I[11:21:50.584] Failed to find compilation database for /home/david/Documentos/prueba_OS/RepasoExamen/311.c
I[11:21:50.584] ASTWorker building file /home/david/Documentos/prueba_OS/RepasoExamen/311.c version 73 with command clangd fallback
[/home/david/Documentos/prueba_OS/RepasoExamen]
/usr/bin/clang -resource-dir=/home/david/.vscode-oss/extensions/kylinideteam.kylin-clangd-0.4.0-linux-x64/res/clangd/lib/clang/21 -- /home/david/Documentos/prueba_OS/RepasoExamen/311.c
I[11:21:50.585] --> textDocument/clangd.fileStatus
I[11:21:50.588] --> textDocument/publishDiagnostics
I[11:21:50.588] --> textDocument/inactiveRegions
I[11:21:50.588] --> reply:textDocument/inlayHint(337) 3 ms
I[11:21:50.588] --> textDocument/clangd.fileStatus
I[11:21:50.758] <-- textDocument/foldingRange(338)
I[11:21:50.758] --> reply:textDocument/foldingRange(338) 0 ms
I[11:21:50.833] <-- textDocument/didChange
I[11:21:50.833] --> textDocument/clangd.fileStatus
I[11:21:50.859] <-- textDocument/inlayHint(339)
I[11:21:50.859] Failed to find compilation database for /home/david/Documentos/prueba_OS/RepasoExamen/311.c
I[11:21:50.860] ASTWorker building file /home/david/Documentos/prueba_OS/RepasoExamen/311.c version 74 with command clangd fallback
[/home/david/Documentos/prueba_OS/RepasoExamen]
/usr/bin/clang -resource-dir=/home/david/.vscode-oss/extensions/kylinideteam.kylin-clangd-0.4.0-linux-x64/res/clangd/lib/clang/21 -- /home/david/Documentos/prueba_OS/RepasoExamen/311.c
I[11:21:50.860] --> textDocument/clangd.fileStatus
I[11:21:50.863] --> textDocument/publishDiagnostics
I[11:21:50.863] --> textDocument/inactiveRegions
I[11:21:50.863] --> reply:textDocument/inlayHint(339) 3 ms
I[11:21:50.863] --> textDocument/clangd.fileStatus
I[11:21:51.034] <-- textDocument/foldingRange(340)
I[11:21:51.034] --> reply:textDocument/foldingRange(340) 0 ms
I[11:21:51.115] <-- textDocument/codeAction(341)
I[11:21:51.116] --> reply:textDocument/codeAction(341) 0 ms
I[11:21:51.116] --> textDocument/clangd.fileStatus
I[11:21:51.183] <-- textDocument/documentSymbol(342)
I[11:21:51.184] --> reply:textDocument/documentSymbol(342) 0 ms
I[11:21:51.184] --> textDocument/clangd.fileStatus
I[11:21:51.184] <-- textDocument/documentSymbol(343)
I[11:21:51.184] --> reply:textDocument/documentSymbol(343) 0 ms
I[11:21:51.184] --> textDocument/clangd.fileStatus
I[11:21:51.365] <-- textDocument/didChange
I[11:21:51.366] --> textDocument/clangd.fileStatus
I[11:21:51.392] <-- textDocument/inlayHint(344)
I[11:21:51.392] Failed to find compilation database for /home/david/Documentos/prueba_OS/RepasoExamen/311.c
I[11:21:51.392] ASTWorker building file /home/david/Documentos/prueba_OS/RepasoExamen/311.c version 75 with command clangd fallback
[/home/david/Documentos/prueba_OS/RepasoExamen]
/usr/bin/clang -resource-dir=/home/david/.vscode-oss/extensions/kylinideteam.kylin-clangd-0.4.0-linux-x64/res/clangd/lib/clang/21 -- /home/david/Documentos/prueba_OS/RepasoExamen/311.c
I[11:21:51.393] --> textDocument/clangd.fileStatus
I[11:21:51.396] --> textDocument/publishDiagnostics
I[11:21:51.396] --> textDocument/inactiveRegions
I[11:21:51.396] --> reply:textDocument/inlayHint(344) 4 ms
I[11:21:51.396] --> textDocument/clangd.fileStatus
I[11:21:51.567] <-- textDocument/foldingRange(345)
I[11:21:51.567] --> reply:textDocument/foldingRange(345) 0 ms
I[11:21:51.649] <-- textDocument/codeAction(346)
I[11:21:51.649] --> reply:textDocument/codeAction(346) 0 ms
I[11:21:51.649] --> textDocument/clangd.fileStatus
I[11:21:51.716] <-- textDocument/documentSymbol(347)
I[11:21:51.716] --> reply:textDocument/documentSymbol(347) 0 ms
I[11:21:51.716] --> textDocument/clangd.fileStatus
I[11:21:51.716] <-- textDocument/documentSymbol(348)
I[11:21:51.716] --> reply:textDocument/documentSymbol(348) 0 ms
I[11:21:51.716] --> textDocument/clangd.fileStatus
I[11:21:52.167] <-- textDocument/inlayHint(349)
I[11:21:52.167] --> reply:textDocument/inlayHint(349) 0 ms
I[11:21:52.167] --> textDocument/clangd.fileStatus
I[11:21:52.366] <-- textDocument/documentLink(350)
I[11:21:52.366] --> reply:textDocument/documentLink(350) 0 ms
I[11:21:52.366] --> textDocument/clangd.fileStatus
I[11:21:52.775] <-- textDocument/didChange
I[11:21:52.775] --> textDocument/clangd.fileStatus
I[11:21:52.802] <-- textDocument/inlayHint(351)
I[11:21:52.802] Failed to find compilation database for /home/david/Documentos/prueba_OS/RepasoExamen/311.c
I[11:21:52.802] ASTWorker building file /home/david/Documentos/prueba_OS/RepasoExamen/311.c version 76 with command clangd fallback
[/home/david/Documentos/prueba_OS/RepasoExamen]
/usr/bin/clang -resource-dir=/home/david/.vscode-oss/extensions/kylinideteam.kylin-clangd-0.4.0-linux-x64/res/clangd/lib/clang/21 -- /home/david/Documentos/prueba_OS/RepasoExamen/311.c
I[11:21:52.803] --> textDocument/clangd.fileStatus
I[11:21:52.806] --> textDocument/publishDiagnostics
I[11:21:52.806] --> textDocument/inactiveRegions
I[11:21:52.806] --> reply:textDocument/inlayHint(351) 3 ms
I[11:21:52.806] --> textDocument/clangd.fileStatus
I[11:21:52.977] <-- textDocument/foldingRange(352)
I[11:21:52.977] --> reply:textDocument/foldingRange(352) 0 ms
I[11:21:53.022] <-- textDocument/didChange
I[11:21:53.022] --> textDocument/clangd.fileStatus
I[11:21:53.033] <-- textDocument/completion(353)
I[11:21:53.037] Code complete: sema context NewName, query scopes [] (AnyScope=true), expected type <none>
I[11:21:53.037] Code complete: 0 results from Sema, 0 from Index, 0 matched, 0 from identifiers, 0 returned.
I[11:21:53.037] --> reply:textDocument/completion(353) 3 ms
I[11:21:53.048] <-- textDocument/inlayHint(354)
I[11:21:53.049] Failed to find compilation database for /home/david/Documentos/prueba_OS/RepasoExamen/311.c
I[11:21:53.049] ASTWorker building file /home/david/Documentos/prueba_OS/RepasoExamen/311.c version 77 with command clangd fallback
[/home/david/Documentos/prueba_OS/RepasoExamen]
/usr/bin/clang -resource-dir=/home/david/.vscode-oss/extensions/kylinideteam.kylin-clangd-0.4.0-linux-x64/res/clangd/lib/clang/21 -- /home/david/Documentos/prueba_OS/RepasoExamen/311.c
I[11:21:53.049] --> textDocument/clangd.fileStatus
I[11:21:53.052] --> textDocument/publishDiagnostics
I[11:21:53.052] --> textDocument/inactiveRegions
I[11:21:53.052] --> reply:textDocument/inlayHint(354) 3 ms
I[11:21:53.052] --> textDocument/clangd.fileStatus
I[11:21:53.223] <-- textDocument/foldingRange(355)
I[11:21:53.224] --> reply:textDocument/foldingRange(355) 0 ms
I[11:21:53.304] <-- textDocument/codeAction(356)
I[11:21:53.305] --> reply:textDocument/codeAction(356) 0 ms
I[11:21:53.305] --> textDocument/clangd.fileStatus
I[11:21:53.373] <-- textDocument/documentSymbol(357)
I[11:21:53.373] <-- textDocument/documentSymbol(358)
I[11:21:53.373] --> reply:textDocument/documentSymbol(357) 0 ms
I[11:21:53.373] --> reply:textDocument/documentSymbol(358) 0 ms
I[11:21:53.373] --> textDocument/clangd.fileStatus
I[11:21:53.567] <-- textDocument/didChange
I[11:21:53.567] --> textDocument/clangd.fileStatus
I[11:21:53.580] <-- textDocument/completion(359)
I[11:21:53.582] Code complete: sema context NewName, query scopes [] (AnyScope=true), expected type <none>
I[11:21:53.582] Code complete: 0 results from Sema, 0 from Index, 0 matched, 0 from identifiers, 0 returned.
I[11:21:53.582] --> reply:textDocument/completion(359) 2 ms
I[11:21:53.592] <-- textDocument/inlayHint(360)
I[11:21:53.593] Failed to find compilation database for /home/david/Documentos/prueba_OS/RepasoExamen/311.c
I[11:21:53.593] ASTWorker building file /home/david/Documentos/prueba_OS/RepasoExamen/311.c version 78 with command clangd fallback
[/home/david/Documentos/prueba_OS/RepasoExamen]
/usr/bin/clang -resource-dir=/home/david/.vscode-oss/extensions/kylinideteam.kylin-clangd-0.4.0-linux-x64/res/clangd/lib/clang/21 -- /home/david/Documentos/prueba_OS/RepasoExamen/311.c
I[11:21:53.594] --> textDocument/clangd.fileStatus
I[11:21:53.597] --> textDocument/publishDiagnostics
I[11:21:53.597] --> textDocument/inactiveRegions
I[11:21:53.597] --> reply:textDocument/inlayHint(360) 4 ms
I[11:21:53.597] --> textDocument/clangd.fileStatus
I[11:21:53.768] <-- textDocument/foldingRange(361)
I[11:21:53.768] --> reply:textDocument/foldingRange(361) 0 ms
I[11:21:53.849] <-- textDocument/codeAction(362)
I[11:21:53.849] --> reply:textDocument/codeAction(362) 0 ms
I[11:21:53.850] --> textDocument/clangd.fileStatus
I[11:21:53.918] <-- textDocument/documentSymbol(363)
I[11:21:53.918] <-- textDocument/documentSymbol(364)
I[11:21:53.918] --> reply:textDocument/documentSymbol(363) 0 ms
I[11:21:53.918] --> reply:textDocument/documentSymbol(364) 0 ms
I[11:21:53.918] --> textDocument/clangd.fileStatus
I[11:21:54.259] <-- textDocument/didChange
I[11:21:54.259] --> textDocument/clangd.fileStatus
I[11:21:54.285] <-- textDocument/inlayHint(365)
I[11:21:54.285] Failed to find compilation database for /home/david/Documentos/prueba_OS/RepasoExamen/311.c
I[11:21:54.285] ASTWorker building file /home/david/Documentos/prueba_OS/RepasoExamen/311.c version 79 with command clangd fallback
[/home/david/Documentos/prueba_OS/RepasoExamen]
/usr/bin/clang -resource-dir=/home/david/.vscode-oss/extensions/kylinideteam.kylin-clangd-0.4.0-linux-x64/res/clangd/lib/clang/21 -- /home/david/Documentos/prueba_OS/RepasoExamen/311.c
I[11:21:54.286] --> textDocument/clangd.fileStatus
I[11:21:54.289] --> textDocument/publishDiagnostics
I[11:21:54.289] --> textDocument/inactiveRegions
I[11:21:54.289] --> reply:textDocument/inlayHint(365) 4 ms
I[11:21:54.289] --> textDocument/clangd.fileStatus
I[11:21:54.459] <-- textDocument/foldingRange(366)
I[11:21:54.460] --> reply:textDocument/foldingRange(366) 0 ms
I[11:21:54.541] <-- textDocument/codeAction(367)
I[11:21:54.542] --> reply:textDocument/codeAction(367) 0 ms
I[11:21:54.542] --> textDocument/clangd.fileStatus
I[11:21:54.609] <-- textDocument/documentSymbol(368)
I[11:21:54.609] <-- textDocument/documentSymbol(369)
I[11:21:54.609] --> reply:textDocument/documentSymbol(368) 0 ms
I[11:21:54.609] --> reply:textDocument/documentSymbol(369) 0 ms
I[11:21:54.610] --> textDocument/clangd.fileStatus
I[11:21:54.785] <-- textDocument/didSave
I[11:21:54.785] File version went from 1 to 1
I[11:21:54.785] File version went from 79 to 79
I[11:21:54.785] --> textDocument/clangd.fileStatus
I[11:21:54.785] --> textDocument/clangd.fileStatus
I[11:21:54.835] Failed to find compilation database for /home/david/Documentos/prueba_OS/RepasoExamen/311.c
I[11:21:54.835] Failed to find compilation database for /home/david/Documentos/prueba_OS/RepasoExamen/mistat.c
I[11:21:54.835] ASTWorker building file /home/david/Documentos/prueba_OS/RepasoExamen/311.c version 79 with command clangd fallback
[/home/david/Documentos/prueba_OS/RepasoExamen]
/usr/bin/clang -resource-dir=/home/david/.vscode-oss/extensions/kylinideteam.kylin-clangd-0.4.0-linux-x64/res/clangd/lib/clang/21 -- /home/david/Documentos/prueba_OS/RepasoExamen/311.c
I[11:21:54.835] ASTWorker building file /home/david/Documentos/prueba_OS/RepasoExamen/mistat.c version 1 with command clangd fallback
[/home/david/Documentos/prueba_OS/RepasoExamen]
/usr/bin/clang -resource-dir=/home/david/.vscode-oss/extensions/kylinideteam.kylin-clangd-0.4.0-linux-x64/res/clangd/lib/clang/21 -- /home/david/Documentos/prueba_OS/RepasoExamen/mistat.c
I[11:21:54.835] --> textDocument/clangd.fileStatus
I[11:21:54.836] --> textDocument/clangd.fileStatus
I[11:21:54.836] --> textDocument/clangd.fileStatus
I[11:21:54.836] --> textDocument/clangd.fileStatus
I[11:21:54.836] --> textDocument/clangd.fileStatus
I[11:21:54.836] --> textDocument/clangd.fileStatus
I[11:21:54.836] --> textDocument/clangd.fileStatus
I[11:21:54.836] --> textDocument/clangd.fileStatus
I[11:21:55.060] <-- textDocument/inlayHint(370)
I[11:21:55.060] --> reply:textDocument/inlayHint(370) 0 ms
I[11:21:55.060] --> textDocument/clangd.fileStatus
I[11:21:55.260] <-- textDocument/documentLink(371)
I[11:21:55.260] --> reply:textDocument/documentLink(371) 0 ms
I[11:21:55.260] --> textDocument/clangd.fileStatus
I[11:21:57.036] <-- textDocument/codeAction(372)
I[11:21:57.036] --> reply:textDocument/codeAction(372) 0 ms
I[11:21:57.036] --> textDocument/clangd.fileStatus
I[11:21:59.532] <-- textDocument/inlayHint(373)
I[11:21:59.532] --> reply:textDocument/inlayHint(373) 0 ms
I[11:21:59.533] --> textDocument/clangd.fileStatus
I[11:21:59.790] <-- textDocument/inlayHint(374)
I[11:21:59.790] --> reply:textDocument/inlayHint(374) 0 ms
I[11:21:59.790] --> textDocument/clangd.fileStatus
I[11:22:01.262] <-- textDocument/hover(375)
I[11:22:01.262] --> reply:textDocument/hover(375) 0 ms
I[11:22:01.262] --> textDocument/clangd.fileStatus
I[11:22:01.562] <-- textDocument/codeAction(376)
I[11:22:01.562] --> reply:textDocument/codeAction(376) 0 ms
I[11:22:01.562] --> textDocument/clangd.fileStatus
I[11:22:01.967] <-- textDocument/codeAction(377)
I[11:22:01.967] --> reply:textDocument/codeAction(377) 0 ms
I[11:22:01.967] --> textDocument/clangd.fileStatus
I[11:22:03.005] <-- textDocument/codeAction(378)
I[11:22:03.006] --> reply:textDocument/codeAction(378) 0 ms
I[11:22:03.006] --> textDocument/clangd.fileStatus
I[11:22:03.779] <-- textDocument/codeAction(379)
I[11:22:03.779] --> reply:textDocument/codeAction(379) 0 ms
I[11:22:03.779] --> textDocument/clangd.fileStatus
I[11:22:03.853] <-- textDocument/didChange
I[11:22:03.853] --> textDocument/clangd.fileStatus
I[11:22:03.879] <-- textDocument/inlayHint(380)
I[11:22:03.880] Failed to find compilation database for /home/david/Documentos/prueba_OS/RepasoExamen/311.c
I[11:22:03.880] ASTWorker building file /home/david/Documentos/prueba_OS/RepasoExamen/311.c version 80 with command clangd fallback
[/home/david/Documentos/prueba_OS/RepasoExamen]
/usr/bin/clang -resource-dir=/home/david/.vscode-oss/extensions/kylinideteam.kylin-clangd-0.4.0-linux-x64/res/clangd/lib/clang/21 -- /home/david/Documentos/prueba_OS/RepasoExamen/311.c
I[11:22:03.880] --> textDocument/clangd.fileStatus
I[11:22:03.887] --> textDocument/publishDiagnostics
I[11:22:03.887] --> textDocument/inactiveRegions
I[11:22:03.887] --> reply:textDocument/inlayHint(380) 7 ms
I[11:22:03.887] --> textDocument/clangd.fileStatus
I[11:22:04.054] <-- textDocument/foldingRange(381)
I[11:22:04.055] --> reply:textDocument/foldingRange(381) 0 ms
I[11:22:04.141] <-- textDocument/codeAction(382)
I[11:22:04.142] --> reply:textDocument/codeAction(382) 0 ms
I[11:22:04.142] --> textDocument/clangd.fileStatus
I[11:22:04.204] <-- textDocument/documentSymbol(383)
I[11:22:04.204] <-- textDocument/documentSymbol(384)
I[11:22:04.205] --> reply:textDocument/documentSymbol(383) 0 ms
I[11:22:04.205] --> reply:textDocument/documentSymbol(384) 0 ms
I[11:22:04.205] --> textDocument/clangd.fileStatus
I[11:22:04.654] <-- textDocument/inlayHint(385)
I[11:22:04.654] --> reply:textDocument/inlayHint(385) 0 ms
I[11:22:04.654] --> textDocument/clangd.fileStatus
I[11:22:04.750] <-- textDocument/didChange
I[11:22:04.750] --> textDocument/clangd.fileStatus
I[11:22:04.761] <-- textDocument/completion(386)
I[11:22:04.765] Code complete: sema context Statement, query scopes [] (AnyScope=true), expected type <none>
I[11:22:04.766] Code complete: 0 results from Sema, 1 from Index, 0 matched, 0 from identifiers, 1 returned.
I[11:22:04.766] --> reply:textDocument/completion(386) 4 ms
I[11:22:04.776] <-- textDocument/inlayHint(387)
I[11:22:04.776] Failed to find compilation database for /home/david/Documentos/prueba_OS/RepasoExamen/311.c
I[11:22:04.776] ASTWorker building file /home/david/Documentos/prueba_OS/RepasoExamen/311.c version 81 with command clangd fallback
[/home/david/Documentos/prueba_OS/RepasoExamen]
/usr/bin/clang -resource-dir=/home/david/.vscode-oss/extensions/kylinideteam.kylin-clangd-0.4.0-linux-x64/res/clangd/lib/clang/21 -- /home/david/Documentos/prueba_OS/RepasoExamen/311.c
I[11:22:04.777] --> textDocument/clangd.fileStatus
I[11:22:04.781] --> textDocument/publishDiagnostics
I[11:22:04.781] --> textDocument/inactiveRegions
I[11:22:04.781] --> reply:textDocument/inlayHint(387) 4 ms
I[11:22:04.781] --> textDocument/clangd.fileStatus
I[11:22:04.951] <-- textDocument/foldingRange(388)
I[11:22:04.951] --> reply:textDocument/foldingRange(388) 0 ms
I[11:22:05.033] <-- textDocument/codeAction(389)
I[11:22:05.033] --> reply:textDocument/codeAction(389) 0 ms
I[11:22:05.033] --> textDocument/clangd.fileStatus
I[11:22:05.101] <-- textDocument/documentSymbol(390)
I[11:22:05.101] <-- textDocument/documentSymbol(391)
I[11:22:05.101] --> reply:textDocument/documentSymbol(390) 0 ms
I[11:22:05.101] --> reply:textDocument/documentSymbol(391) 0 ms
I[11:22:05.101] --> textDocument/clangd.fileStatus
I[11:22:05.551] <-- textDocument/inlayHint(392)
I[11:22:05.552] --> reply:textDocument/inlayHint(392) 0 ms
I[11:22:05.552] --> textDocument/clangd.fileStatus
I[11:22:05.751] <-- textDocument/documentLink(393)
I[11:22:05.751] --> reply:textDocument/documentLink(393) 0 ms
I[11:22:05.751] --> textDocument/clangd.fileStatus
I[11:22:06.777] <-- textDocument/didChange
I[11:22:06.778] --> textDocument/clangd.fileStatus
I[11:22:06.786] <-- textDocument/signatureHelp(394)
I[11:22:06.789] --> reply:textDocument/signatureHelp(394) 3 ms
I[11:22:06.804] <-- textDocument/inlayHint(395)
I[11:22:06.804] Failed to find compilation database for /home/david/Documentos/prueba_OS/RepasoExamen/311.c
I[11:22:06.805] ASTWorker building file /home/david/Documentos/prueba_OS/RepasoExamen/311.c version 82 with command clangd fallback
[/home/david/Documentos/prueba_OS/RepasoExamen]
/usr/bin/clang -resource-dir=/home/david/.vscode-oss/extensions/kylinideteam.kylin-clangd-0.4.0-linux-x64/res/clangd/lib/clang/21 -- /home/david/Documentos/prueba_OS/RepasoExamen/311.c
I[11:22:06.805] --> textDocument/clangd.fileStatus
I[11:22:06.808] --> textDocument/publishDiagnostics
I[11:22:06.808] --> textDocument/inactiveRegions
I[11:22:06.809] --> reply:textDocument/inlayHint(395) 4 ms
I[11:22:06.809] --> textDocument/clangd.fileStatus
I[11:22:06.979] <-- textDocument/foldingRange(396)
I[11:22:06.979] --> reply:textDocument/foldingRange(396) 0 ms
I[11:22:07.061] <-- textDocument/codeAction(397)
I[11:22:07.061] --> reply:textDocument/codeAction(397) 0 ms
I[11:22:07.061] --> textDocument/clangd.fileStatus
I[11:22:07.129] <-- textDocument/documentSymbol(398)
I[11:22:07.129] <-- textDocument/documentSymbol(399)
I[11:22:07.129] --> reply:textDocument/documentSymbol(398) 0 ms
I[11:22:07.129] --> reply:textDocument/documentSymbol(399) 0 ms
I[11:22:07.129] --> textDocument/clangd.fileStatus
I[11:22:07.579] <-- textDocument/inlayHint(400)
I[11:22:07.579] --> reply:textDocument/inlayHint(400) 0 ms
I[11:22:07.580] --> textDocument/clangd.fileStatus
I[11:22:07.779] <-- textDocument/documentLink(401)
I[11:22:07.779] --> reply:textDocument/documentLink(401) 0 ms
I[11:22:07.779] --> textDocument/clangd.fileStatus
I[11:22:07.929] <-- textDocument/didChange
I[11:22:07.929] --> textDocument/clangd.fileStatus
I[11:22:07.954] <-- textDocument/inlayHint(402)
I[11:22:07.954] Failed to find compilation database for /home/david/Documentos/prueba_OS/RepasoExamen/311.c
I[11:22:07.955] ASTWorker building file /home/david/Documentos/prueba_OS/RepasoExamen/311.c version 83 with command clangd fallback
[/home/david/Documentos/prueba_OS/RepasoExamen]
/usr/bin/clang -resource-dir=/home/david/.vscode-oss/extensions/kylinideteam.kylin-clangd-0.4.0-linux-x64/res/clangd/lib/clang/21 -- /home/david/Documentos/prueba_OS/RepasoExamen/311.c
I[11:22:07.956] --> textDocument/clangd.fileStatus
I[11:22:07.959] --> textDocument/publishDiagnostics
I[11:22:07.959] --> textDocument/inactiveRegions
I[11:22:07.959] --> reply:textDocument/inlayHint(402) 4 ms
I[11:22:07.959] --> textDocument/clangd.fileStatus
I[11:22:08.049] <-- textDocument/signatureHelp(403)
I[11:22:08.053] --> reply:textDocument/signatureHelp(403) 3 ms
I[11:22:08.129] <-- textDocument/foldingRange(404)
I[11:22:08.129] --> reply:textDocument/foldingRange(404) 0 ms
I[11:22:08.212] <-- textDocument/codeAction(405)
I[11:22:08.212] --> reply:textDocument/codeAction(405) 0 ms
I[11:22:08.212] --> textDocument/clangd.fileStatus
I[11:22:08.279] <-- textDocument/documentSymbol(406)
I[11:22:08.279] <-- textDocument/documentSymbol(407)
I[11:22:08.279] --> reply:textDocument/documentSymbol(406) 0 ms
I[11:22:08.279] --> reply:textDocument/documentSymbol(407) 0 ms
I[11:22:08.279] --> textDocument/clangd.fileStatus
I[11:22:08.720] <-- textDocument/didChange
I[11:22:08.720] --> textDocument/clangd.fileStatus
I[11:22:08.732] <-- textDocument/completion(408)
I[11:22:08.737] Code complete: sema context Expression, query scopes [] (AnyScope=true), expected type <none>
I[11:22:08.738] Code complete: 3 results from Sema, 100 from Index, 0 matched, 0 from identifiers, 100 returned (incomplete).
I[11:22:08.740] --> reply:textDocument/completion(408) 7 ms
I[11:22:08.754] <-- textDocument/inlayHint(409)
I[11:22:08.755] Failed to find compilation database for /home/david/Documentos/prueba_OS/RepasoExamen/311.c
I[11:22:08.755] ASTWorker building file /home/david/Documentos/prueba_OS/RepasoExamen/311.c version 84 with command clangd fallback
[/home/david/Documentos/prueba_OS/RepasoExamen]
/usr/bin/clang -resource-dir=/home/david/.vscode-oss/extensions/kylinideteam.kylin-clangd-0.4.0-linux-x64/res/clangd/lib/clang/21 -- /home/david/Documentos/prueba_OS/RepasoExamen/311.c
I[11:22:08.755] --> textDocument/clangd.fileStatus
I[11:22:08.759] --> textDocument/publishDiagnostics
I[11:22:08.759] --> textDocument/inactiveRegions
I[11:22:08.760] --> reply:textDocument/inlayHint(409) 5 ms
I[11:22:08.760] --> textDocument/clangd.fileStatus
I[11:22:08.841] <-- textDocument/signatureHelp(410)
I[11:22:08.844] --> reply:textDocument/signatureHelp(410) 3 ms
I[11:22:08.920] <-- textDocument/foldingRange(411)
I[11:22:08.921] --> reply:textDocument/foldingRange(411) 0 ms
I[11:22:09.012] <-- textDocument/codeAction(412)
I[11:22:09.012] --> reply:textDocument/codeAction(412) 0 ms
I[11:22:09.012] --> textDocument/clangd.fileStatus
I[11:22:09.071] <-- textDocument/documentSymbol(413)
I[11:22:09.071] <-- textDocument/documentSymbol(414)
I[11:22:09.071] --> reply:textDocument/documentSymbol(413) 0 ms
I[11:22:09.071] --> reply:textDocument/documentSymbol(414) 0 ms
I[11:22:09.071] --> textDocument/clangd.fileStatus
I[11:22:09.521] <-- textDocument/inlayHint(415)
I[11:22:09.521] --> reply:textDocument/inlayHint(415) 0 ms
I[11:22:09.521] --> textDocument/clangd.fileStatus
I[11:22:09.720] <-- textDocument/documentLink(416)
I[11:22:09.720] --> reply:textDocument/documentLink(416) 0 ms
I[11:22:09.720] --> textDocument/clangd.fileStatus
I[11:22:09.744] <-- textDocument/didChange
I[11:22:09.744] --> textDocument/clangd.fileStatus
I[11:22:09.771] <-- textDocument/inlayHint(417)
I[11:22:09.771] Failed to find compilation database for /home/david/Documentos/prueba_OS/RepasoExamen/311.c
I[11:22:09.771] ASTWorker building file /home/david/Documentos/prueba_OS/RepasoExamen/311.c version 85 with command clangd fallback
[/home/david/Documentos/prueba_OS/RepasoExamen]
/usr/bin/clang -resource-dir=/home/david/.vscode-oss/extensions/kylinideteam.kylin-clangd-0.4.0-linux-x64/res/clangd/lib/clang/21 -- /home/david/Documentos/prueba_OS/RepasoExamen/311.c
I[11:22:09.772] --> textDocument/clangd.fileStatus
I[11:22:09.775] --> textDocument/publishDiagnostics
I[11:22:09.775] --> textDocument/inactiveRegions
I[11:22:09.775] --> reply:textDocument/inlayHint(417) 4 ms
I[11:22:09.775] --> textDocument/clangd.fileStatus
I[11:22:09.866] <-- textDocument/signatureHelp(418)
I[11:22:09.869] --> reply:textDocument/signatureHelp(418) 2 ms
I[11:22:09.946] <-- textDocument/foldingRange(419)
I[11:22:09.946] --> reply:textDocument/foldingRange(419) 0 ms
I[11:22:10.029] <-- textDocument/codeAction(420)
I[11:22:10.029] --> reply:textDocument/codeAction(420) 0 ms
I[11:22:10.029] --> textDocument/clangd.fileStatus
I[11:22:10.096] <-- textDocument/documentSymbol(421)
I[11:22:10.096] <-- textDocument/documentSymbol(422)
I[11:22:10.096] --> reply:textDocument/documentSymbol(421) 0 ms
I[11:22:10.096] --> reply:textDocument/documentSymbol(422) 0 ms
I[11:22:10.096] --> textDocument/clangd.fileStatus
I[11:22:10.546] <-- textDocument/inlayHint(423)
I[11:22:10.546] --> reply:textDocument/inlayHint(423) 0 ms
I[11:22:10.546] --> textDocument/clangd.fileStatus
I[11:22:10.746] <-- textDocument/documentLink(424)
I[11:22:10.746] --> reply:textDocument/documentLink(424) 0 ms
I[11:22:10.746] --> textDocument/clangd.fileStatus
I[11:22:10.787] <-- textDocument/signatureHelp(425)
I[11:22:10.790] --> reply:textDocument/signatureHelp(425) 3 ms
I[11:22:10.917] <-- textDocument/codeAction(426)
I[11:22:10.917] --> reply:textDocument/codeAction(426) 0 ms
I[11:22:10.917] --> textDocument/clangd.fileStatus
I[11:22:11.518] <-- textDocument/documentHighlight(427)
I[11:22:11.518] --> reply:textDocument/documentHighlight(427) 0 ms
I[11:22:11.518] --> textDocument/clangd.fileStatus
I[11:22:11.588] <-- textDocument/signatureHelp(428)
I[11:22:11.591] --> reply:textDocument/signatureHelp(428) 3 ms
I[11:22:11.749] <-- textDocument/documentHighlight(429)
I[11:22:11.749] --> reply:textDocument/documentHighlight(429) 0 ms
I[11:22:11.749] --> textDocument/clangd.fileStatus
I[11:22:11.818] <-- textDocument/signatureHelp(430)
I[11:22:11.821] --> reply:textDocument/signatureHelp(430) 3 ms
I[11:22:11.948] <-- textDocument/documentHighlight(431)
I[11:22:11.948] --> reply:textDocument/documentHighlight(431) 0 ms
I[11:22:11.949] --> textDocument/clangd.fileStatus
I[11:22:12.019] <-- textDocument/signatureHelp(432)
I[11:22:12.021] --> reply:textDocument/signatureHelp(432) 2 ms
I[11:22:12.142] <-- textDocument/documentHighlight(433)
I[11:22:12.142] --> reply:textDocument/documentHighlight(433) 0 ms
I[11:22:12.143] --> textDocument/clangd.fileStatus
I[11:22:12.213] <-- textDocument/signatureHelp(434)
I[11:22:12.215] --> reply:textDocument/signatureHelp(434) 2 ms
I[11:22:12.343] <-- textDocument/codeAction(435)
I[11:22:12.343] --> reply:textDocument/codeAction(435) 0 ms
I[11:22:12.343] --> textDocument/clangd.fileStatus
I[11:22:13.001] <-- textDocument/documentHighlight(436)
I[11:22:13.001] --> reply:textDocument/documentHighlight(436) 0 ms
I[11:22:13.001] --> textDocument/clangd.fileStatus
I[11:22:13.070] <-- textDocument/signatureHelp(437)
I[11:22:13.074] --> reply:textDocument/signatureHelp(437) 3 ms
I[11:22:13.200] <-- textDocument/codeAction(438)
I[11:22:13.201] --> reply:textDocument/codeAction(438) 0 ms
I[11:22:13.201] --> textDocument/clangd.fileStatus
I[11:22:14.278] <-- textDocument/didChange
I[11:22:14.278] --> textDocument/clangd.fileStatus
I[11:22:14.304] <-- textDocument/inlayHint(439)
I[11:22:14.304] Failed to find compilation database for /home/david/Documentos/prueba_OS/RepasoExamen/311.c
I[11:22:14.304] ASTWorker building file /home/david/Documentos/prueba_OS/RepasoExamen/311.c version 86 with command clangd fallback
[/home/david/Documentos/prueba_OS/RepasoExamen]
/usr/bin/clang -resource-dir=/home/david/.vscode-oss/extensions/kylinideteam.kylin-clangd-0.4.0-linux-x64/res/clangd/lib/clang/21 -- /home/david/Documentos/prueba_OS/RepasoExamen/311.c
I[11:22:14.305] --> textDocument/clangd.fileStatus
I[11:22:14.308] --> textDocument/publishDiagnostics
I[11:22:14.308] --> textDocument/inactiveRegions
I[11:22:14.308] --> reply:textDocument/inlayHint(439) 4 ms
I[11:22:14.308] --> textDocument/clangd.fileStatus
I[11:22:14.399] <-- textDocument/signatureHelp(440)
I[11:22:14.402] --> reply:textDocument/signatureHelp(440) 3 ms
I[11:22:14.479] <-- textDocument/foldingRange(441)
I[11:22:14.479] --> reply:textDocument/foldingRange(441) 0 ms
I[11:22:14.561] <-- textDocument/codeAction(442)
I[11:22:14.561] --> reply:textDocument/codeAction(442) 0 ms
I[11:22:14.561] --> textDocument/clangd.fileStatus
I[11:22:14.629] <-- textDocument/documentSymbol(443)
I[11:22:14.629] <-- textDocument/documentSymbol(444)
I[11:22:14.629] --> reply:textDocument/documentSymbol(443) 0 ms
I[11:22:14.629] --> reply:textDocument/documentSymbol(444) 0 ms
I[11:22:14.629] --> textDocument/clangd.fileStatus
I[11:22:14.879] <-- textDocument/didChange
I[11:22:14.879] --> textDocument/clangd.fileStatus
I[11:22:14.904] <-- textDocument/inlayHint(445)
I[11:22:14.904] Failed to find compilation database for /home/david/Documentos/prueba_OS/RepasoExamen/311.c
I[11:22:14.905] ASTWorker building file /home/david/Documentos/prueba_OS/RepasoExamen/311.c version 87 with command clangd fallback
[/home/david/Documentos/prueba_OS/RepasoExamen]
/usr/bin/clang -resource-dir=/home/david/.vscode-oss/extensions/kylinideteam.kylin-clangd-0.4.0-linux-x64/res/clangd/lib/clang/21 -- /home/david/Documentos/prueba_OS/RepasoExamen/311.c
I[11:22:14.905] --> textDocument/clangd.fileStatus
I[11:22:14.910] --> textDocument/publishDiagnostics
I[11:22:14.910] --> textDocument/inactiveRegions
I[11:22:14.910] --> reply:textDocument/inlayHint(445) 6 ms
I[11:22:14.910] --> textDocument/clangd.fileStatus
I[11:22:14.919] <-- textDocument/didChange
I[11:22:14.919] --> textDocument/clangd.fileStatus
I[11:22:14.944] <-- textDocument/inlayHint(446)
I[11:22:14.944] Failed to find compilation database for /home/david/Documentos/prueba_OS/RepasoExamen/311.c
I[11:22:14.945] ASTWorker building file /home/david/Documentos/prueba_OS/RepasoExamen/311.c version 88 with command clangd fallback
[/home/david/Documentos/prueba_OS/RepasoExamen]
/usr/bin/clang -resource-dir=/home/david/.vscode-oss/extensions/kylinideteam.kylin-clangd-0.4.0-linux-x64/res/clangd/lib/clang/21 -- /home/david/Documentos/prueba_OS/RepasoExamen/311.c
I[11:22:14.946] --> textDocument/clangd.fileStatus
I[11:22:14.949] --> textDocument/publishDiagnostics
I[11:22:14.949] --> textDocument/inactiveRegions
I[11:22:14.950] --> reply:textDocument/inlayHint(446) 5 ms
I[11:22:14.950] --> textDocument/clangd.fileStatus
I[11:22:14.958] <-- textDocument/didChange
I[11:22:14.958] --> textDocument/clangd.fileStatus
I[11:22:14.984] <-- textDocument/inlayHint(447)
I[11:22:14.984] Failed to find compilation database for /home/david/Documentos/prueba_OS/RepasoExamen/311.c
I[11:22:14.984] ASTWorker building file /home/david/Documentos/prueba_OS/RepasoExamen/311.c version 89 with command clangd fallback
[/home/david/Documentos/prueba_OS/RepasoExamen]
/usr/bin/clang -resource-dir=/home/david/.vscode-oss/extensions/kylinideteam.kylin-clangd-0.4.0-linux-x64/res/clangd/lib/clang/21 -- /home/david/Documentos/prueba_OS/RepasoExamen/311.c
I[11:22:14.985] --> textDocument/clangd.fileStatus
I[11:22:14.989] --> textDocument/publishDiagnostics
I[11:22:14.989] --> textDocument/inactiveRegions
I[11:22:14.989] --> reply:textDocument/inlayHint(447) 4 ms
I[11:22:14.989] --> textDocument/clangd.fileStatus
I[11:22:14.997] <-- textDocument/didChange
I[11:22:14.998] --> textDocument/clangd.fileStatus
I[11:22:15.023] <-- textDocument/inlayHint(448)
I[11:22:15.023] Failed to find compilation database for /home/david/Documentos/prueba_OS/RepasoExamen/311.c
I[11:22:15.024] ASTWorker building file /home/david/Documentos/prueba_OS/RepasoExamen/311.c version 90 with command clangd fallback
[/home/david/Documentos/prueba_OS/RepasoExamen]
/usr/bin/clang -resource-dir=/home/david/.vscode-oss/extensions/kylinideteam.kylin-clangd-0.4.0-linux-x64/res/clangd/lib/clang/21 -- /home/david/Documentos/prueba_OS/RepasoExamen/311.c
I[11:22:15.024] --> textDocument/clangd.fileStatus
I[11:22:15.028] --> textDocument/publishDiagnostics
I[11:22:15.028] --> textDocument/inactiveRegions
I[11:22:15.028] --> reply:textDocument/inlayHint(448) 5 ms
I[11:22:15.028] --> textDocument/clangd.fileStatus
I[11:22:15.038] <-- textDocument/didChange
I[11:22:15.038] --> textDocument/clangd.fileStatus
I[11:22:15.064] <-- textDocument/inlayHint(449)
I[11:22:15.064] Failed to find compilation database for /home/david/Documentos/prueba_OS/RepasoExamen/311.c
I[11:22:15.064] ASTWorker building file /home/david/Documentos/prueba_OS/RepasoExamen/311.c version 91 with command clangd fallback
[/home/david/Documentos/prueba_OS/RepasoExamen]
/usr/bin/clang -resource-dir=/home/david/.vscode-oss/extensions/kylinideteam.kylin-clangd-0.4.0-linux-x64/res/clangd/lib/clang/21 -- /home/david/Documentos/prueba_OS/RepasoExamen/311.c
I[11:22:15.065] --> textDocument/clangd.fileStatus
I[11:22:15.069] --> textDocument/publishDiagnostics
I[11:22:15.069] --> textDocument/inactiveRegions
I[11:22:15.069] --> reply:textDocument/inlayHint(449) 4 ms
I[11:22:15.069] --> textDocument/clangd.fileStatus
I[11:22:15.080] <-- textDocument/didChange
I[11:22:15.080] --> textDocument/clangd.fileStatus
I[11:22:15.106] <-- textDocument/inlayHint(450)
I[11:22:15.106] Failed to find compilation database for /home/david/Documentos/prueba_OS/RepasoExamen/311.c
I[11:22:15.106] ASTWorker building file /home/david/Documentos/prueba_OS/RepasoExamen/311.c version 92 with command clangd fallback
[/home/david/Documentos/prueba_OS/RepasoExamen]
/usr/bin/clang -resource-dir=/home/david/.vscode-oss/extensions/kylinideteam.kylin-clangd-0.4.0-linux-x64/res/clangd/lib/clang/21 -- /home/david/Documentos/prueba_OS/RepasoExamen/311.c
I[11:22:15.107] --> textDocument/clangd.fileStatus
I[11:22:15.111] --> textDocument/publishDiagnostics
I[11:22:15.111] --> textDocument/inactiveRegions
I[11:22:15.111] --> reply:textDocument/inlayHint(450) 5 ms
I[11:22:15.111] --> textDocument/clangd.fileStatus
I[11:22:15.119] <-- textDocument/didChange
I[11:22:15.119] --> textDocument/clangd.fileStatus
I[11:22:15.145] <-- textDocument/inlayHint(451)
I[11:22:15.145] Failed to find compilation database for /home/david/Documentos/prueba_OS/RepasoExamen/311.c
I[11:22:15.145] ASTWorker building file /home/david/Documentos/prueba_OS/RepasoExamen/311.c version 93 with command clangd fallback
[/home/david/Documentos/prueba_OS/RepasoExamen]
/usr/bin/clang -resource-dir=/home/david/.vscode-oss/extensions/kylinideteam.kylin-clangd-0.4.0-linux-x64/res/clangd/lib/clang/21 -- /home/david/Documentos/prueba_OS/RepasoExamen/311.c
I[11:22:15.146] --> textDocument/clangd.fileStatus
I[11:22:15.150] --> textDocument/publishDiagnostics
I[11:22:15.150] --> textDocument/inactiveRegions
I[11:22:15.150] --> reply:textDocument/inlayHint(451) 5 ms
I[11:22:15.150] --> textDocument/clangd.fileStatus
I[11:22:15.158] <-- textDocument/didChange
I[11:22:15.158] --> textDocument/clangd.fileStatus
I[11:22:15.184] <-- textDocument/inlayHint(452)
I[11:22:15.184] Failed to find compilation database for /home/david/Documentos/prueba_OS/RepasoExamen/311.c
I[11:22:15.184] ASTWorker building file /home/david/Documentos/prueba_OS/RepasoExamen/311.c version 94 with command clangd fallback
[/home/david/Documentos/prueba_OS/RepasoExamen]
/usr/bin/clang -resource-dir=/home/david/.vscode-oss/extensions/kylinideteam.kylin-clangd-0.4.0-linux-x64/res/clangd/lib/clang/21 -- /home/david/Documentos/prueba_OS/RepasoExamen/311.c
I[11:22:15.185] --> textDocument/clangd.fileStatus
I[11:22:15.188] --> textDocument/publishDiagnostics
I[11:22:15.188] --> textDocument/inactiveRegions
I[11:22:15.189] --> reply:textDocument/inlayHint(452) 4 ms
I[11:22:15.189] --> textDocument/clangd.fileStatus
I[11:22:15.279] <-- textDocument/signatureHelp(453)
I[11:22:15.283] --> reply:textDocument/signatureHelp(453) 3 ms
I[11:22:15.295] <-- textDocument/didChange
I[11:22:15.295] --> textDocument/clangd.fileStatus
I[11:22:15.321] <-- textDocument/inlayHint(454)
I[11:22:15.321] Failed to find compilation database for /home/david/Documentos/prueba_OS/RepasoExamen/311.c
I[11:22:15.321] ASTWorker building file /home/david/Documentos/prueba_OS/RepasoExamen/311.c version 95 with command clangd fallback
[/home/david/Documentos/prueba_OS/RepasoExamen]
/usr/bin/clang -resource-dir=/home/david/.vscode-oss/extensions/kylinideteam.kylin-clangd-0.4.0-linux-x64/res/clangd/lib/clang/21 -- /home/david/Documentos/prueba_OS/RepasoExamen/311.c
I[11:22:15.322] --> textDocument/clangd.fileStatus
I[11:22:15.325] --> textDocument/publishDiagnostics
I[11:22:15.325] --> textDocument/inactiveRegions
I[11:22:15.325] --> reply:textDocument/inlayHint(454) 4 ms
I[11:22:15.325] --> textDocument/clangd.fileStatus
I[11:22:15.416] <-- textDocument/signatureHelp(455)
I[11:22:15.419] --> reply:textDocument/signatureHelp(455) 2 ms
I[11:22:15.477] <-- textDocument/didChange
I[11:22:15.477] --> textDocument/clangd.fileStatus
I[11:22:15.502] <-- textDocument/inlayHint(456)
I[11:22:15.502] Failed to find compilation database for /home/david/Documentos/prueba_OS/RepasoExamen/311.c
I[11:22:15.503] ASTWorker building file /home/david/Documentos/prueba_OS/RepasoExamen/311.c version 96 with command clangd fallback
[/home/david/Documentos/prueba_OS/RepasoExamen]
/usr/bin/clang -resource-dir=/home/david/.vscode-oss/extensions/kylinideteam.kylin-clangd-0.4.0-linux-x64/res/clangd/lib/clang/21 -- /home/david/Documentos/prueba_OS/RepasoExamen/311.c
I[11:22:15.503] --> textDocument/clangd.fileStatus
I[11:22:15.507] --> textDocument/publishDiagnostics
I[11:22:15.507] --> textDocument/inactiveRegions
I[11:22:15.507] --> reply:textDocument/inlayHint(456) 4 ms
I[11:22:15.507] --> textDocument/clangd.fileStatus
I[11:22:15.598] <-- textDocument/signatureHelp(457)
I[11:22:15.601] --> reply:textDocument/signatureHelp(457) 3 ms
I[11:22:15.677] <-- textDocument/foldingRange(458)
I[11:22:15.678] --> reply:textDocument/foldingRange(458) 0 ms
I[11:22:15.760] <-- textDocument/codeAction(459)
I[11:22:15.761] --> reply:textDocument/codeAction(459) 0 ms
I[11:22:15.761] --> textDocument/clangd.fileStatus
I[11:22:15.827] <-- textDocument/documentSymbol(460)
I[11:22:15.827] <-- textDocument/documentSymbol(461)
I[11:22:15.828] --> reply:textDocument/documentSymbol(460) 0 ms
I[11:22:15.828] --> reply:textDocument/documentSymbol(461) 0 ms
I[11:22:15.828] --> textDocument/clangd.fileStatus
I[11:22:16.157] <-- textDocument/signatureHelp(462)
I[11:22:16.161] --> reply:textDocument/signatureHelp(462) 3 ms
I[11:22:16.277] <-- textDocument/inlayHint(463)
I[11:22:16.278] --> reply:textDocument/inlayHint(463) 0 ms
I[11:22:16.278] --> textDocument/clangd.fileStatus
I[11:22:16.287] <-- textDocument/codeAction(464)
I[11:22:16.287] --> reply:textDocument/codeAction(464) 0 ms
I[11:22:16.287] --> textDocument/clangd.fileStatus
I[11:22:16.477] <-- textDocument/documentLink(465)
I[11:22:16.478] --> reply:textDocument/documentLink(465) 0 ms
I[11:22:16.478] --> textDocument/clangd.fileStatus
I[11:22:19.272] <-- textDocument/documentHighlight(466)
I[11:22:19.272] --> reply:textDocument/documentHighlight(466) 0 ms
I[11:22:19.272] --> textDocument/clangd.fileStatus
I[11:22:19.342] <-- textDocument/signatureHelp(467)
I[11:22:19.346] --> reply:textDocument/signatureHelp(467) 3 ms
I[11:22:19.472] <-- textDocument/codeAction(468)
I[11:22:19.473] --> reply:textDocument/codeAction(468) 0 ms
I[11:22:19.473] --> textDocument/clangd.fileStatus
I[11:22:20.766] <-- textDocument/signatureHelp(469)
I[11:22:20.769] --> reply:textDocument/signatureHelp(469) 3 ms
I[11:22:20.896] <-- textDocument/codeAction(470)
I[11:22:20.896] --> reply:textDocument/codeAction(470) 0 ms
I[11:22:20.896] --> textDocument/clangd.fileStatus
I[11:22:21.029] <-- textDocument/signatureHelp(471)
I[11:22:21.033] --> reply:textDocument/signatureHelp(471) 3 ms
I[11:22:21.190] <-- textDocument/signatureHelp(472)
I[11:22:21.193] --> reply:textDocument/signatureHelp(472) 3 ms
I[11:22:21.324] <-- textDocument/documentHighlight(473)
I[11:22:21.324] --> reply:textDocument/documentHighlight(473) 0 ms
I[11:22:21.324] --> textDocument/clangd.fileStatus
I[11:22:21.394] <-- textDocument/signatureHelp(474)
I[11:22:21.398] --> reply:textDocument/signatureHelp(474) 3 ms
I[11:22:21.902] <-- textDocument/codeAction(475)
I[11:22:21.903] --> reply:textDocument/codeAction(475) 0 ms
I[11:22:21.903] --> textDocument/clangd.fileStatus
I[11:22:22.515] <-- textDocument/didChange
I[11:22:22.515] --> textDocument/clangd.fileStatus
I[11:22:22.540] <-- textDocument/inlayHint(476)
I[11:22:22.540] Failed to find compilation database for /home/david/Documentos/prueba_OS/RepasoExamen/311.c
I[11:22:22.541] ASTWorker building file /home/david/Documentos/prueba_OS/RepasoExamen/311.c version 97 with command clangd fallback
[/home/david/Documentos/prueba_OS/RepasoExamen]
/usr/bin/clang -resource-dir=/home/david/.vscode-oss/extensions/kylinideteam.kylin-clangd-0.4.0-linux-x64/res/clangd/lib/clang/21 -- /home/david/Documentos/prueba_OS/RepasoExamen/311.c
I[11:22:22.541] --> textDocument/clangd.fileStatus
I[11:22:22.545] --> textDocument/publishDiagnostics
I[11:22:22.545] --> textDocument/inactiveRegions
I[11:22:22.545] --> reply:textDocument/inlayHint(476) 4 ms
I[11:22:22.545] --> textDocument/clangd.fileStatus
I[11:22:22.715] <-- textDocument/foldingRange(477)
I[11:22:22.715] --> reply:textDocument/foldingRange(477) 0 ms
I[11:22:22.798] <-- textDocument/codeAction(478)
I[11:22:22.798] --> reply:textDocument/codeAction(478) 0 ms
I[11:22:22.798] --> textDocument/clangd.fileStatus
I[11:22:22.865] <-- textDocument/documentSymbol(479)
I[11:22:22.865] <-- textDocument/documentSymbol(480)
I[11:22:22.865] --> reply:textDocument/documentSymbol(479) 0 ms
I[11:22:22.865] --> reply:textDocument/documentSymbol(480) 0 ms
I[11:22:22.865] --> textDocument/clangd.fileStatus
I[11:22:22.980] <-- textDocument/documentHighlight(481)
I[11:22:22.980] --> reply:textDocument/documentHighlight(481) 0 ms
I[11:22:22.980] --> textDocument/clangd.fileStatus
I[11:22:23.180] <-- textDocument/codeAction(482)
I[11:22:23.180] --> reply:textDocument/codeAction(482) 0 ms
I[11:22:23.180] --> textDocument/clangd.fileStatus
I[11:22:23.315] <-- textDocument/inlayHint(483)
I[11:22:23.315] --> reply:textDocument/inlayHint(483) 0 ms
I[11:22:23.315] --> textDocument/clangd.fileStatus
I[11:22:23.515] <-- textDocument/documentLink(484)
I[11:22:23.515] --> reply:textDocument/documentLink(484) 0 ms
I[11:22:23.515] --> textDocument/clangd.fileStatus
I[11:22:24.422] <-- textDocument/codeAction(485)
I[11:22:24.422] --> reply:textDocument/codeAction(485) 0 ms
I[11:22:24.422] --> textDocument/clangd.fileStatus
I[11:22:24.653] <-- textDocument/documentHighlight(486)
I[11:22:24.653] --> reply:textDocument/documentHighlight(486) 0 ms
I[11:22:24.653] --> textDocument/clangd.fileStatus
I[11:22:24.853] <-- textDocument/codeAction(487)
I[11:22:24.853] --> reply:textDocument/codeAction(487) 0 ms
I[11:22:24.853] --> textDocument/clangd.fileStatus
I[11:22:25.874] <-- textDocument/codeAction(488)
I[11:22:25.875] --> reply:textDocument/codeAction(488) 0 ms
I[11:22:25.875] --> textDocument/clangd.fileStatus
I[11:22:26.395] <-- textDocument/documentHighlight(489)
I[11:22:26.395] --> reply:textDocument/documentHighlight(489) 0 ms
I[11:22:26.395] --> textDocument/clangd.fileStatus
I[11:22:26.569] <-- textDocument/documentHighlight(490)
I[11:22:26.570] --> reply:textDocument/documentHighlight(490) 0 ms
I[11:22:26.570] --> textDocument/clangd.fileStatus
I[11:22:26.769] <-- textDocument/codeAction(491)
I[11:22:26.770] --> reply:textDocument/codeAction(491) 0 ms
I[11:22:26.770] --> textDocument/clangd.fileStatus
I[11:22:26.926] <-- textDocument/documentHighlight(492)
I[11:22:26.926] --> reply:textDocument/documentHighlight(492) 0 ms
I[11:22:26.926] --> textDocument/clangd.fileStatus
I[11:22:27.126] <-- textDocument/codeAction(493)
I[11:22:27.126] --> reply:textDocument/codeAction(493) 0 ms
I[11:22:27.126] --> textDocument/clangd.fileStatus
I[11:22:27.126] <-- textDocument/didChange
I[11:22:27.126] --> textDocument/clangd.fileStatus
I[11:22:27.152] <-- textDocument/inlayHint(494)
I[11:22:27.153] Failed to find compilation database for /home/david/Documentos/prueba_OS/RepasoExamen/311.c
I[11:22:27.153] ASTWorker building file /home/david/Documentos/prueba_OS/RepasoExamen/311.c version 98 with command clangd fallback
[/home/david/Documentos/prueba_OS/RepasoExamen]
/usr/bin/clang -resource-dir=/home/david/.vscode-oss/extensions/kylinideteam.kylin-clangd-0.4.0-linux-x64/res/clangd/lib/clang/21 -- /home/david/Documentos/prueba_OS/RepasoExamen/311.c
I[11:22:27.154] --> textDocument/clangd.fileStatus
I[11:22:27.157] --> textDocument/publishDiagnostics
I[11:22:27.157] --> textDocument/inactiveRegions
I[11:22:27.157] --> reply:textDocument/inlayHint(494) 4 ms
I[11:22:27.157] --> textDocument/clangd.fileStatus
I[11:22:27.327] <-- textDocument/foldingRange(495)
I[11:22:27.328] --> reply:textDocument/foldingRange(495) 0 ms
I[11:22:27.409] <-- textDocument/codeAction(496)
I[11:22:27.409] --> reply:textDocument/codeAction(496) 0 ms
I[11:22:27.409] --> textDocument/clangd.fileStatus
I[11:22:27.477] <-- textDocument/documentSymbol(497)
I[11:22:27.477] <-- textDocument/documentSymbol(498)
I[11:22:27.477] --> reply:textDocument/documentSymbol(497) 0 ms
I[11:22:27.477] --> reply:textDocument/documentSymbol(498) 0 ms
I[11:22:27.477] --> textDocument/clangd.fileStatus
I[11:22:27.727] <-- textDocument/didChange
I[11:22:27.727] --> textDocument/clangd.fileStatus
I[11:22:27.752] <-- textDocument/inlayHint(499)
I[11:22:27.752] Failed to find compilation database for /home/david/Documentos/prueba_OS/RepasoExamen/311.c
I[11:22:27.753] ASTWorker building file /home/david/Documentos/prueba_OS/RepasoExamen/311.c version 99 with command clangd fallback
[/home/david/Documentos/prueba_OS/RepasoExamen]
/usr/bin/clang -resource-dir=/home/david/.vscode-oss/extensions/kylinideteam.kylin-clangd-0.4.0-linux-x64/res/clangd/lib/clang/21 -- /home/david/Documentos/prueba_OS/RepasoExamen/311.c
I[11:22:27.753] --> textDocument/clangd.fileStatus
I[11:22:27.757] --> textDocument/publishDiagnostics
I[11:22:27.757] --> textDocument/inactiveRegions
I[11:22:27.757] --> reply:textDocument/inlayHint(499) 4 ms
I[11:22:27.757] --> textDocument/clangd.fileStatus
I[11:22:27.768] <-- textDocument/didChange
I[11:22:27.768] --> textDocument/clangd.fileStatus
I[11:22:27.793] <-- textDocument/inlayHint(500)
I[11:22:27.793] Failed to find compilation database for /home/david/Documentos/prueba_OS/RepasoExamen/311.c
I[11:22:27.793] ASTWorker building file /home/david/Documentos/prueba_OS/RepasoExamen/311.c version 100 with command clangd fallback
[/home/david/Documentos/prueba_OS/RepasoExamen]
/usr/bin/clang -resource-dir=/home/david/.vscode-oss/extensions/kylinideteam.kylin-clangd-0.4.0-linux-x64/res/clangd/lib/clang/21 -- /home/david/Documentos/prueba_OS/RepasoExamen/311.c
I[11:22:27.794] --> textDocument/clangd.fileStatus
I[11:22:27.798] --> textDocument/publishDiagnostics
I[11:22:27.798] --> textDocument/inactiveRegions
I[11:22:27.798] --> reply:textDocument/inlayHint(500) 4 ms
I[11:22:27.798] --> textDocument/clangd.fileStatus
I[11:22:27.807] <-- textDocument/didChange
I[11:22:27.807] --> textDocument/clangd.fileStatus
I[11:22:27.833] <-- textDocument/inlayHint(501)
I[11:22:27.833] Failed to find compilation database for /home/david/Documentos/prueba_OS/RepasoExamen/311.c
I[11:22:27.833] ASTWorker building file /home/david/Documentos/prueba_OS/RepasoExamen/311.c version 101 with command clangd fallback
[/home/david/Documentos/prueba_OS/RepasoExamen]
/usr/bin/clang -resource-dir=/home/david/.vscode-oss/extensions/kylinideteam.kylin-clangd-0.4.0-linux-x64/res/clangd/lib/clang/21 -- /home/david/Documentos/prueba_OS/RepasoExamen/311.c
I[11:22:27.833] --> textDocument/clangd.fileStatus
I[11:22:27.836] --> textDocument/publishDiagnostics
I[11:22:27.836] --> textDocument/inactiveRegions
I[11:22:27.837] --> reply:textDocument/inlayHint(501) 3 ms
I[11:22:27.837] --> textDocument/clangd.fileStatus
I[11:22:27.846] <-- textDocument/didChange
I[11:22:27.846] --> textDocument/clangd.fileStatus
I[11:22:27.872] <-- textDocument/inlayHint(502)
I[11:22:27.872] Failed to find compilation database for /home/david/Documentos/prueba_OS/RepasoExamen/311.c
I[11:22:27.873] ASTWorker building file /home/david/Documentos/prueba_OS/RepasoExamen/311.c version 102 with command clangd fallback
[/home/david/Documentos/prueba_OS/RepasoExamen]
/usr/bin/clang -resource-dir=/home/david/.vscode-oss/extensions/kylinideteam.kylin-clangd-0.4.0-linux-x64/res/clangd/lib/clang/21 -- /home/david/Documentos/prueba_OS/RepasoExamen/311.c
I[11:22:27.873] --> textDocument/clangd.fileStatus
I[11:22:27.876] --> textDocument/publishDiagnostics
I[11:22:27.876] --> textDocument/inactiveRegions
I[11:22:27.877] --> reply:textDocument/inlayHint(502) 4 ms
I[11:22:27.877] --> textDocument/clangd.fileStatus
I[11:22:27.886] <-- textDocument/didChange
I[11:22:27.887] --> textDocument/clangd.fileStatus
I[11:22:27.912] <-- textDocument/inlayHint(503)
I[11:22:27.912] Failed to find compilation database for /home/david/Documentos/prueba_OS/RepasoExamen/311.c
I[11:22:27.912] ASTWorker building file /home/david/Documentos/prueba_OS/RepasoExamen/311.c version 103 with command clangd fallback
[/home/david/Documentos/prueba_OS/RepasoExamen]
/usr/bin/clang -resource-dir=/home/david/.vscode-oss/extensions/kylinideteam.kylin-clangd-0.4.0-linux-x64/res/clangd/lib/clang/21 -- /home/david/Documentos/prueba_OS/RepasoExamen/311.c
I[11:22:27.913] --> textDocument/clangd.fileStatus
I[11:22:27.916] --> textDocument/publishDiagnostics
I[11:22:27.916] --> textDocument/inactiveRegions
I[11:22:27.916] --> reply:textDocument/inlayHint(503) 4 ms
I[11:22:27.916] --> textDocument/clangd.fileStatus
I[11:22:27.928] <-- textDocument/didChange
I[11:22:27.928] --> textDocument/clangd.fileStatus
I[11:22:27.954] <-- textDocument/inlayHint(504)
I[11:22:27.954] Failed to find compilation database for /home/david/Documentos/prueba_OS/RepasoExamen/311.c
I[11:22:27.954] ASTWorker building file /home/david/Documentos/prueba_OS/RepasoExamen/311.c version 104 with command clangd fallback
[/home/david/Documentos/prueba_OS/RepasoExamen]
/usr/bin/clang -resource-dir=/home/david/.vscode-oss/extensions/kylinideteam.kylin-clangd-0.4.0-linux-x64/res/clangd/lib/clang/21 -- /home/david/Documentos/prueba_OS/RepasoExamen/311.c
I[11:22:27.954] --> textDocument/clangd.fileStatus
I[11:22:27.958] --> textDocument/publishDiagnostics
I[11:22:27.958] --> textDocument/inactiveRegions
I[11:22:27.958] --> reply:textDocument/inlayHint(504) 4 ms
I[11:22:27.958] --> textDocument/clangd.fileStatus
I[11:22:27.966] <-- textDocument/didChange
I[11:22:27.966] --> textDocument/clangd.fileStatus
I[11:22:27.991] <-- textDocument/inlayHint(505)
I[11:22:27.991] Failed to find compilation database for /home/david/Documentos/prueba_OS/RepasoExamen/311.c
I[11:22:27.992] ASTWorker building file /home/david/Documentos/prueba_OS/RepasoExamen/311.c version 105 with command clangd fallback
[/home/david/Documentos/prueba_OS/RepasoExamen]
/usr/bin/clang -resource-dir=/home/david/.vscode-oss/extensions/kylinideteam.kylin-clangd-0.4.0-linux-x64/res/clangd/lib/clang/21 -- /home/david/Documentos/prueba_OS/RepasoExamen/311.c
I[11:22:27.992] --> textDocument/clangd.fileStatus
I[11:22:27.996] --> textDocument/publishDiagnostics
I[11:22:27.996] --> textDocument/inactiveRegions
I[11:22:27.996] --> reply:textDocument/inlayHint(505) 4 ms
I[11:22:27.996] --> textDocument/clangd.fileStatus
I[11:22:28.006] <-- textDocument/didChange
I[11:22:28.006] --> textDocument/clangd.fileStatus
I[11:22:28.031] <-- textDocument/inlayHint(506)
I[11:22:28.031] Failed to find compilation database for /home/david/Documentos/prueba_OS/RepasoExamen/311.c
I[11:22:28.031] ASTWorker building file /home/david/Documentos/prueba_OS/RepasoExamen/311.c version 106 with command clangd fallback
[/home/david/Documentos/prueba_OS/RepasoExamen]
/usr/bin/clang -resource-dir=/home/david/.vscode-oss/extensions/kylinideteam.kylin-clangd-0.4.0-linux-x64/res/clangd/lib/clang/21 -- /home/david/Documentos/prueba_OS/RepasoExamen/311.c
I[11:22:28.032] --> textDocument/clangd.fileStatus
I[11:22:28.036] --> textDocument/publishDiagnostics
I[11:22:28.036] --> textDocument/inactiveRegions
I[11:22:28.036] --> reply:textDocument/inlayHint(506) 4 ms
I[11:22:28.036] --> textDocument/clangd.fileStatus
I[11:22:28.046] <-- textDocument/didChange
I[11:22:28.046] --> textDocument/clangd.fileStatus
I[11:22:28.072] <-- textDocument/inlayHint(507)
I[11:22:28.072] Failed to find compilation database for /home/david/Documentos/prueba_OS/RepasoExamen/311.c
I[11:22:28.072] ASTWorker building file /home/david/Documentos/prueba_OS/RepasoExamen/311.c version 107 with command clangd fallback
[/home/david/Documentos/prueba_OS/RepasoExamen]
/usr/bin/clang -resource-dir=/home/david/.vscode-oss/extensions/kylinideteam.kylin-clangd-0.4.0-linux-x64/res/clangd/lib/clang/21 -- /home/david/Documentos/prueba_OS/RepasoExamen/311.c
I[11:22:28.073] --> textDocument/clangd.fileStatus
I[11:22:28.076] --> textDocument/publishDiagnostics
I[11:22:28.076] --> textDocument/inactiveRegions
I[11:22:28.077] --> reply:textDocument/inlayHint(507) 4 ms
I[11:22:28.077] --> textDocument/clangd.fileStatus
I[11:22:28.087] <-- textDocument/didChange
I[11:22:28.087] --> textDocument/clangd.fileStatus
I[11:22:28.112] <-- textDocument/inlayHint(508)
I[11:22:28.112] Failed to find compilation database for /home/david/Documentos/prueba_OS/RepasoExamen/311.c
I[11:22:28.113] ASTWorker building file /home/david/Documentos/prueba_OS/RepasoExamen/311.c version 108 with command clangd fallback
[/home/david/Documentos/prueba_OS/RepasoExamen]
/usr/bin/clang -resource-dir=/home/david/.vscode-oss/extensions/kylinideteam.kylin-clangd-0.4.0-linux-x64/res/clangd/lib/clang/21 -- /home/david/Documentos/prueba_OS/RepasoExamen/311.c
I[11:22:28.113] --> textDocument/clangd.fileStatus
I[11:22:28.117] --> textDocument/publishDiagnostics
I[11:22:28.117] --> textDocument/inactiveRegions
I[11:22:28.117] --> reply:textDocument/inlayHint(508) 4 ms
I[11:22:28.117] --> textDocument/clangd.fileStatus
I[11:22:28.127] <-- textDocument/didChange
I[11:22:28.127] --> textDocument/clangd.fileStatus
I[11:22:28.153] <-- textDocument/inlayHint(509)
I[11:22:28.153] Failed to find compilation database for /home/david/Documentos/prueba_OS/RepasoExamen/311.c
I[11:22:28.153] ASTWorker building file /home/david/Documentos/prueba_OS/RepasoExamen/311.c version 109 with command clangd fallback
[/home/david/Documentos/prueba_OS/RepasoExamen]
/usr/bin/clang -resource-dir=/home/david/.vscode-oss/extensions/kylinideteam.kylin-clangd-0.4.0-linux-x64/res/clangd/lib/clang/21 -- /home/david/Documentos/prueba_OS/RepasoExamen/311.c
I[11:22:28.153] --> textDocument/clangd.fileStatus
I[11:22:28.157] --> textDocument/publishDiagnostics
I[11:22:28.157] --> textDocument/inactiveRegions
I[11:22:28.157] --> reply:textDocument/inlayHint(509) 4 ms
I[11:22:28.157] --> textDocument/clangd.fileStatus
I[11:22:28.166] <-- textDocument/didChange
I[11:22:28.166] --> textDocument/clangd.fileStatus
I[11:22:28.192] <-- textDocument/inlayHint(510)
I[11:22:28.192] Failed to find compilation database for /home/david/Documentos/prueba_OS/RepasoExamen/311.c
I[11:22:28.193] ASTWorker building file /home/david/Documentos/prueba_OS/RepasoExamen/311.c version 110 with command clangd fallback
[/home/david/Documentos/prueba_OS/RepasoExamen]
/usr/bin/clang -resource-dir=/home/david/.vscode-oss/extensions/kylinideteam.kylin-clangd-0.4.0-linux-x64/res/clangd/lib/clang/21 -- /home/david/Documentos/prueba_OS/RepasoExamen/311.c
I[11:22:28.193] --> textDocument/clangd.fileStatus
I[11:22:28.197] --> textDocument/publishDiagnostics
I[11:22:28.197] --> textDocument/inactiveRegions
I[11:22:28.197] --> reply:textDocument/inlayHint(510) 4 ms
I[11:22:28.197] --> textDocument/clangd.fileStatus
I[11:22:28.206] <-- textDocument/didChange
I[11:22:28.206] --> textDocument/clangd.fileStatus
I[11:22:28.232] <-- textDocument/inlayHint(511)
I[11:22:28.232] Failed to find compilation database for /home/david/Documentos/prueba_OS/RepasoExamen/311.c
I[11:22:28.232] ASTWorker building file /home/david/Documentos/prueba_OS/RepasoExamen/311.c version 111 with command clangd fallback
[/home/david/Documentos/prueba_OS/RepasoExamen]
/usr/bin/clang -resource-dir=/home/david/.vscode-oss/extensions/kylinideteam.kylin-clangd-0.4.0-linux-x64/res/clangd/lib/clang/21 -- /home/david/Documentos/prueba_OS/RepasoExamen/311.c
I[11:22:28.233] --> textDocument/clangd.fileStatus
I[11:22:28.236] --> textDocument/publishDiagnostics
I[11:22:28.236] --> textDocument/inactiveRegions
I[11:22:28.236] --> reply:textDocument/inlayHint(511) 4 ms
I[11:22:28.236] --> textDocument/clangd.fileStatus
I[11:22:28.390] <-- textDocument/didChange
I[11:22:28.390] --> textDocument/clangd.fileStatus
I[11:22:28.415] <-- textDocument/inlayHint(512)
I[11:22:28.415] Failed to find compilation database for /home/david/Documentos/prueba_OS/RepasoExamen/311.c
I[11:22:28.416] ASTWorker building file /home/david/Documentos/prueba_OS/RepasoExamen/311.c version 112 with command clangd fallback
[/home/david/Documentos/prueba_OS/RepasoExamen]
/usr/bin/clang -resource-dir=/home/david/.vscode-oss/extensions/kylinideteam.kylin-clangd-0.4.0-linux-x64/res/clangd/lib/clang/21 -- /home/david/Documentos/prueba_OS/RepasoExamen/311.c
I[11:22:28.416] --> textDocument/clangd.fileStatus
I[11:22:28.420] --> textDocument/publishDiagnostics
I[11:22:28.420] --> textDocument/inactiveRegions
I[11:22:28.420] --> reply:textDocument/inlayHint(512) 4 ms
I[11:22:28.420] --> textDocument/clangd.fileStatus
I[11:22:28.549] <-- textDocument/didChange
I[11:22:28.549] --> textDocument/clangd.fileStatus
I[11:22:28.575] <-- textDocument/inlayHint(513)
I[11:22:28.575] Failed to find compilation database for /home/david/Documentos/prueba_OS/RepasoExamen/311.c
I[11:22:28.576] ASTWorker building file /home/david/Documentos/prueba_OS/RepasoExamen/311.c version 113 with command clangd fallback
[/home/david/Documentos/prueba_OS/RepasoExamen]
/usr/bin/clang -resource-dir=/home/david/.vscode-oss/extensions/kylinideteam.kylin-clangd-0.4.0-linux-x64/res/clangd/lib/clang/21 -- /home/david/Documentos/prueba_OS/RepasoExamen/311.c
I[11:22:28.576] --> textDocument/clangd.fileStatus
I[11:22:28.579] --> textDocument/publishDiagnostics
I[11:22:28.579] --> textDocument/inactiveRegions
I[11:22:28.580] --> reply:textDocument/inlayHint(513) 4 ms
I[11:22:28.580] --> textDocument/clangd.fileStatus
I[11:22:28.750] <-- textDocument/foldingRange(514)
I[11:22:28.750] --> reply:textDocument/foldingRange(514) 0 ms
I[11:22:28.832] <-- textDocument/codeAction(515)
I[11:22:28.832] --> reply:textDocument/codeAction(515) 0 ms
I[11:22:28.832] --> textDocument/clangd.fileStatus
I[11:22:28.877] <-- textDocument/didChange
I[11:22:28.877] --> textDocument/clangd.fileStatus
I[11:22:28.888] <-- textDocument/completion(516)
I[11:22:28.892] Code complete: sema context Expression, query scopes [] (AnyScope=true), expected type <none>
I[11:22:28.892] Code complete: 2 results from Sema, 100 from Index, 0 matched, 0 from identifiers, 100 returned (incomplete).
I[11:22:28.895] --> reply:textDocument/completion(516) 7 ms
I[11:22:28.910] <-- textDocument/inlayHint(517)
I[11:22:28.910] <-- textDocument/documentSymbol(518)
I[11:22:28.910] Failed to find compilation database for /home/david/Documentos/prueba_OS/RepasoExamen/311.c
I[11:22:28.910] ASTWorker building file /home/david/Documentos/prueba_OS/RepasoExamen/311.c version 114 with command clangd fallback
[/home/david/Documentos/prueba_OS/RepasoExamen]
/usr/bin/clang -resource-dir=/home/david/.vscode-oss/extensions/kylinideteam.kylin-clangd-0.4.0-linux-x64/res/clangd/lib/clang/21 -- /home/david/Documentos/prueba_OS/RepasoExamen/311.c
I[11:22:28.911] --> textDocument/clangd.fileStatus
I[11:22:28.915] --> textDocument/publishDiagnostics
I[11:22:28.915] --> textDocument/inactiveRegions
I[11:22:28.915] --> reply:textDocument/inlayHint(517) 4 ms
I[11:22:28.915] --> reply:textDocument/documentSymbol(518) 4 ms
I[11:22:28.915] --> textDocument/clangd.fileStatus
I[11:22:29.078] <-- textDocument/foldingRange(519)
I[11:22:29.078] --> reply:textDocument/foldingRange(519) 0 ms
I[11:22:29.167] <-- textDocument/codeAction(520)
I[11:22:29.167] --> reply:textDocument/codeAction(520) 0 ms
I[11:22:29.167] --> textDocument/clangd.fileStatus
I[11:22:29.170] <-- textDocument/didChange
I[11:22:29.170] --> textDocument/clangd.fileStatus
I[11:22:29.171] <-- textDocument/completion(521)
I[11:22:29.175] Code complete: sema context Expression, query scopes [] (AnyScope=true), expected type <none>
I[11:22:29.175] Code complete: 1 results from Sema, 80 from Index, 0 matched, 0 from identifiers, 81 returned (incomplete).
I[11:22:29.177] --> reply:textDocument/completion(521) 6 ms
I[11:22:29.196] <-- textDocument/inlayHint(522)
I[11:22:29.196] Failed to find compilation database for /home/david/Documentos/prueba_OS/RepasoExamen/311.c
I[11:22:29.197] ASTWorker building file /home/david/Documentos/prueba_OS/RepasoExamen/311.c version 115 with command clangd fallback
[/home/david/Documentos/prueba_OS/RepasoExamen]
/usr/bin/clang -resource-dir=/home/david/.vscode-oss/extensions/kylinideteam.kylin-clangd-0.4.0-linux-x64/res/clangd/lib/clang/21 -- /home/david/Documentos/prueba_OS/RepasoExamen/311.c
I[11:22:29.197] --> textDocument/clangd.fileStatus
I[11:22:29.202] --> textDocument/publishDiagnostics
I[11:22:29.202] --> textDocument/inactiveRegions
I[11:22:29.202] --> reply:textDocument/inlayHint(522) 5 ms
I[11:22:29.202] --> textDocument/clangd.fileStatus
I[11:22:29.314] <-- textDocument/didChange
I[11:22:29.314] --> textDocument/clangd.fileStatus
I[11:22:29.314] <-- textDocument/completion(523)
I[11:22:29.318] Code complete: sema context Expression, query scopes [] (AnyScope=true), expected type <none>
I[11:22:29.318] Code complete: 1 results from Sema, 8 from Index, 0 matched, 0 from identifiers, 9 returned.
I[11:22:29.318] --> reply:textDocument/completion(523) 3 ms
I[11:22:29.340] <-- textDocument/inlayHint(524)
I[11:22:29.340] Failed to find compilation database for /home/david/Documentos/prueba_OS/RepasoExamen/311.c
I[11:22:29.340] ASTWorker building file /home/david/Documentos/prueba_OS/RepasoExamen/311.c version 116 with command clangd fallback
[/home/david/Documentos/prueba_OS/RepasoExamen]
/usr/bin/clang -resource-dir=/home/david/.vscode-oss/extensions/kylinideteam.kylin-clangd-0.4.0-linux-x64/res/clangd/lib/clang/21 -- /home/david/Documentos/prueba_OS/RepasoExamen/311.c
I[11:22:29.341] --> textDocument/clangd.fileStatus
I[11:22:29.344] --> textDocument/publishDiagnostics
I[11:22:29.344] --> textDocument/inactiveRegions
I[11:22:29.344] --> reply:textDocument/inlayHint(524) 4 ms
I[11:22:29.344] --> textDocument/clangd.fileStatus
I[11:22:29.498] <-- textDocument/didChange
I[11:22:29.498] --> textDocument/clangd.fileStatus
I[11:22:29.498] <-- textDocument/completion(525)
I[11:22:29.502] Code complete: sema context Expression, query scopes [] (AnyScope=true), expected type <none>
I[11:22:29.502] Code complete: 2 results from Sema, 6 from Index, 1 matched, 0 from identifiers, 7 returned.
I[11:22:29.502] --> reply:textDocument/completion(525) 3 ms
I[11:22:29.523] <-- textDocument/inlayHint(526)
I[11:22:29.523] Failed to find compilation database for /home/david/Documentos/prueba_OS/RepasoExamen/311.c
I[11:22:29.524] ASTWorker building file /home/david/Documentos/prueba_OS/RepasoExamen/311.c version 117 with command clangd fallback
[/home/david/Documentos/prueba_OS/RepasoExamen]
/usr/bin/clang -resource-dir=/home/david/.vscode-oss/extensions/kylinideteam.kylin-clangd-0.4.0-linux-x64/res/clangd/lib/clang/21 -- /home/david/Documentos/prueba_OS/RepasoExamen/311.c
I[11:22:29.524] --> textDocument/clangd.fileStatus
I[11:22:29.527] --> textDocument/publishDiagnostics
I[11:22:29.527] --> textDocument/inactiveRegions
I[11:22:29.528] --> reply:textDocument/inlayHint(526) 4 ms
I[11:22:29.528] --> textDocument/clangd.fileStatus
I[11:22:29.698] <-- textDocument/foldingRange(527)
I[11:22:29.699] --> reply:textDocument/foldingRange(527) 0 ms
I[11:22:29.781] <-- textDocument/codeAction(528)
I[11:22:29.781] --> reply:textDocument/codeAction(528) 0 ms
I[11:22:29.781] --> textDocument/clangd.fileStatus
I[11:22:29.848] <-- textDocument/documentSymbol(529)
I[11:22:29.848] <-- textDocument/documentSymbol(530)
I[11:22:29.848] --> reply:textDocument/documentSymbol(529) 0 ms
I[11:22:29.848] --> reply:textDocument/documentSymbol(530) 0 ms
I[11:22:29.848] --> textDocument/clangd.fileStatus
I[11:22:29.866] <-- textDocument/didChange
I[11:22:29.866] --> textDocument/clangd.fileStatus
I[11:22:29.892] <-- textDocument/inlayHint(531)
I[11:22:29.892] Failed to find compilation database for /home/david/Documentos/prueba_OS/RepasoExamen/311.c
I[11:22:29.893] ASTWorker building file /home/david/Documentos/prueba_OS/RepasoExamen/311.c version 118 with command clangd fallback
[/home/david/Documentos/prueba_OS/RepasoExamen]
/usr/bin/clang -resource-dir=/home/david/.vscode-oss/extensions/kylinideteam.kylin-clangd-0.4.0-linux-x64/res/clangd/lib/clang/21 -- /home/david/Documentos/prueba_OS/RepasoExamen/311.c
I[11:22:29.893] --> textDocument/clangd.fileStatus
I[11:22:29.896] --> textDocument/publishDiagnostics
I[11:22:29.896] --> textDocument/inactiveRegions
I[11:22:29.896] --> reply:textDocument/inlayHint(531) 4 ms
I[11:22:29.896] --> textDocument/clangd.fileStatus
I[11:22:30.067] <-- textDocument/foldingRange(532)
I[11:22:30.067] --> reply:textDocument/foldingRange(532) 0 ms
I[11:22:30.149] <-- textDocument/codeAction(533)
I[11:22:30.149] --> reply:textDocument/codeAction(533) 0 ms
I[11:22:30.149] --> textDocument/clangd.fileStatus
I[11:22:30.217] <-- textDocument/documentSymbol(534)
I[11:22:30.217] <-- textDocument/documentSymbol(535)
I[11:22:30.217] --> reply:textDocument/documentSymbol(534) 0 ms
I[11:22:30.217] --> reply:textDocument/documentSymbol(535) 0 ms
I[11:22:30.217] --> textDocument/clangd.fileStatus
I[11:22:30.670] <-- textDocument/inlayHint(536)
I[11:22:30.670] --> reply:textDocument/inlayHint(536) 0 ms
I[11:22:30.670] --> textDocument/clangd.fileStatus
I[11:22:30.867] <-- textDocument/documentLink(537)
I[11:22:30.867] --> reply:textDocument/documentLink(537) 0 ms
I[11:22:30.867] --> textDocument/clangd.fileStatus
I[11:22:31.804] <-- textDocument/didChange
I[11:22:31.804] --> textDocument/clangd.fileStatus
I[11:22:31.829] <-- textDocument/inlayHint(538)
I[11:22:31.830] Failed to find compilation database for /home/david/Documentos/prueba_OS/RepasoExamen/311.c
I[11:22:31.830] ASTWorker building file /home/david/Documentos/prueba_OS/RepasoExamen/311.c version 119 with command clangd fallback
[/home/david/Documentos/prueba_OS/RepasoExamen]
/usr/bin/clang -resource-dir=/home/david/.vscode-oss/extensions/kylinideteam.kylin-clangd-0.4.0-linux-x64/res/clangd/lib/clang/21 -- /home/david/Documentos/prueba_OS/RepasoExamen/311.c
I[11:22:31.831] --> textDocument/clangd.fileStatus
I[11:22:31.834] --> textDocument/publishDiagnostics
I[11:22:31.834] --> textDocument/inactiveRegions
I[11:22:31.835] --> reply:textDocument/inlayHint(538) 5 ms
I[11:22:31.835] --> textDocument/clangd.fileStatus
I[11:22:32.004] <-- textDocument/foldingRange(539)
I[11:22:32.004] --> reply:textDocument/foldingRange(539) 0 ms
I[11:22:32.087] <-- textDocument/codeAction(540)
I[11:22:32.087] --> reply:textDocument/codeAction(540) 0 ms
I[11:22:32.087] --> textDocument/clangd.fileStatus
I[11:22:32.154] <-- textDocument/documentSymbol(541)
I[11:22:32.154] <-- textDocument/documentSymbol(542)
I[11:22:32.154] --> reply:textDocument/documentSymbol(541) 0 ms
I[11:22:32.154] --> reply:textDocument/documentSymbol(542) 0 ms
I[11:22:32.154] --> textDocument/clangd.fileStatus
I[11:22:32.604] <-- textDocument/inlayHint(543)
I[11:22:32.604] --> reply:textDocument/inlayHint(543) 0 ms
I[11:22:32.605] --> textDocument/clangd.fileStatus
I[11:22:32.804] <-- textDocument/documentLink(544)
I[11:22:32.804] --> reply:textDocument/documentLink(544) 0 ms
I[11:22:32.804] --> textDocument/clangd.fileStatus
I[11:22:33.653] <-- textDocument/codeAction(545)
I[11:22:33.653] --> reply:textDocument/codeAction(545) 0 ms
I[11:22:33.653] --> textDocument/clangd.fileStatus
I[11:22:33.871] <-- textDocument/documentHighlight(546)
I[11:22:33.871] --> reply:textDocument/documentHighlight(546) 0 ms
I[11:22:33.871] --> textDocument/clangd.fileStatus
I[11:22:34.071] <-- textDocument/codeAction(547)
I[11:22:34.071] --> reply:textDocument/codeAction(547) 0 ms
I[11:22:34.071] --> textDocument/clangd.fileStatus
I[11:22:34.592] <-- textDocument/documentHighlight(548)
I[11:22:34.592] --> reply:textDocument/documentHighlight(548) 0 ms
I[11:22:34.592] --> textDocument/clangd.fileStatus
I[11:22:34.754] <-- textDocument/documentHighlight(549)
I[11:22:34.754] --> reply:textDocument/documentHighlight(549) 0 ms
I[11:22:34.754] --> textDocument/clangd.fileStatus
I[11:22:34.904] <-- textDocument/documentHighlight(550)
I[11:22:34.904] --> reply:textDocument/documentHighlight(550) 0 ms
I[11:22:34.904] --> textDocument/clangd.fileStatus
I[11:22:35.053] <-- textDocument/documentHighlight(551)
I[11:22:35.053] --> reply:textDocument/documentHighlight(551) 0 ms
I[11:22:35.053] --> textDocument/clangd.fileStatus
I[11:22:35.253] <-- textDocument/codeAction(552)
I[11:22:35.254] --> reply:textDocument/codeAction(552) 0 ms
I[11:22:35.254] --> textDocument/clangd.fileStatus
I[11:22:35.654] <-- textDocument/documentHighlight(553)
I[11:22:35.654] --> reply:textDocument/documentHighlight(553) 0 ms
I[11:22:35.654] --> textDocument/clangd.fileStatus
I[11:22:35.903] <-- textDocument/documentHighlight(554)
I[11:22:35.903] --> reply:textDocument/documentHighlight(554) 0 ms
I[11:22:35.903] --> textDocument/clangd.fileStatus
I[11:22:36.056] <-- textDocument/documentHighlight(555)
I[11:22:36.056] --> reply:textDocument/documentHighlight(555) 0 ms
I[11:22:36.056] --> textDocument/clangd.fileStatus
I[11:22:36.262] <-- textDocument/documentHighlight(556)
I[11:22:36.262] --> reply:textDocument/documentHighlight(556) 0 ms
I[11:22:36.262] --> textDocument/clangd.fileStatus
I[11:22:36.462] <-- textDocument/codeAction(557)
I[11:22:36.463] --> reply:textDocument/codeAction(557) 0 ms
I[11:22:36.463] --> textDocument/clangd.fileStatus
I[11:22:36.663] <-- textDocument/didChange
I[11:22:36.664] --> textDocument/clangd.fileStatus
I[11:22:36.689] <-- textDocument/inlayHint(558)
I[11:22:36.689] Failed to find compilation database for /home/david/Documentos/prueba_OS/RepasoExamen/311.c
I[11:22:36.690] ASTWorker building file /home/david/Documentos/prueba_OS/RepasoExamen/311.c version 120 with command clangd fallback
[/home/david/Documentos/prueba_OS/RepasoExamen]
/usr/bin/clang -resource-dir=/home/david/.vscode-oss/extensions/kylinideteam.kylin-clangd-0.4.0-linux-x64/res/clangd/lib/clang/21 -- /home/david/Documentos/prueba_OS/RepasoExamen/311.c
I[11:22:36.690] --> textDocument/clangd.fileStatus
I[11:22:36.694] --> textDocument/publishDiagnostics
I[11:22:36.694] --> textDocument/inactiveRegions
I[11:22:36.694] --> reply:textDocument/inlayHint(558) 4 ms
I[11:22:36.694] --> textDocument/clangd.fileStatus
I[11:22:36.864] <-- textDocument/foldingRange(559)
I[11:22:36.864] --> reply:textDocument/foldingRange(559) 0 ms
I[11:22:36.947] <-- textDocument/codeAction(560)
I[11:22:36.947] --> reply:textDocument/codeAction(560) 0 ms
I[11:22:36.947] --> textDocument/clangd.fileStatus
I[11:22:37.014] <-- textDocument/documentSymbol(561)
I[11:22:37.014] <-- textDocument/documentSymbol(562)
I[11:22:37.014] --> reply:textDocument/documentSymbol(561) 0 ms
I[11:22:37.014] --> reply:textDocument/documentSymbol(562) 0 ms
I[11:22:37.014] --> textDocument/clangd.fileStatus
I[11:22:37.263] <-- textDocument/didChange
I[11:22:37.263] --> textDocument/clangd.fileStatus
I[11:22:37.289] <-- textDocument/inlayHint(563)
I[11:22:37.289] Failed to find compilation database for /home/david/Documentos/prueba_OS/RepasoExamen/311.c
I[11:22:37.290] ASTWorker building file /home/david/Documentos/prueba_OS/RepasoExamen/311.c version 121 with command clangd fallback
[/home/david/Documentos/prueba_OS/RepasoExamen]
/usr/bin/clang -resource-dir=/home/david/.vscode-oss/extensions/kylinideteam.kylin-clangd-0.4.0-linux-x64/res/clangd/lib/clang/21 -- /home/david/Documentos/prueba_OS/RepasoExamen/311.c
I[11:22:37.290] --> textDocument/clangd.fileStatus
I[11:22:37.293] --> textDocument/publishDiagnostics
I[11:22:37.293] --> textDocument/inactiveRegions
I[11:22:37.293] --> reply:textDocument/inlayHint(563) 4 ms
I[11:22:37.293] --> textDocument/clangd.fileStatus
I[11:22:37.303] <-- textDocument/didChange
I[11:22:37.303] --> textDocument/clangd.fileStatus
I[11:22:37.328] <-- textDocument/inlayHint(564)
I[11:22:37.329] Failed to find compilation database for /home/david/Documentos/prueba_OS/RepasoExamen/311.c
I[11:22:37.329] ASTWorker building file /home/david/Documentos/prueba_OS/RepasoExamen/311.c version 122 with command clangd fallback
[/home/david/Documentos/prueba_OS/RepasoExamen]
/usr/bin/clang -resource-dir=/home/david/.vscode-oss/extensions/kylinideteam.kylin-clangd-0.4.0-linux-x64/res/clangd/lib/clang/21 -- /home/david/Documentos/prueba_OS/RepasoExamen/311.c
I[11:22:37.329] --> textDocument/clangd.fileStatus
I[11:22:37.334] --> textDocument/publishDiagnostics
I[11:22:37.334] --> textDocument/inactiveRegions
I[11:22:37.334] --> reply:textDocument/inlayHint(564) 5 ms
I[11:22:37.334] --> textDocument/clangd.fileStatus
I[11:22:37.343] <-- textDocument/didChange
I[11:22:37.343] --> textDocument/clangd.fileStatus
I[11:22:37.369] <-- textDocument/inlayHint(565)
I[11:22:37.369] Failed to find compilation database for /home/david/Documentos/prueba_OS/RepasoExamen/311.c
I[11:22:37.369] ASTWorker building file /home/david/Documentos/prueba_OS/RepasoExamen/311.c version 123 with command clangd fallback
[/home/david/Documentos/prueba_OS/RepasoExamen]
/usr/bin/clang -resource-dir=/home/david/.vscode-oss/extensions/kylinideteam.kylin-clangd-0.4.0-linux-x64/res/clangd/lib/clang/21 -- /home/david/Documentos/prueba_OS/RepasoExamen/311.c
I[11:22:37.370] --> textDocument/clangd.fileStatus
I[11:22:37.373] --> textDocument/publishDiagnostics
I[11:22:37.373] --> textDocument/inactiveRegions
I[11:22:37.373] --> reply:textDocument/inlayHint(565) 4 ms
I[11:22:37.373] --> textDocument/clangd.fileStatus
I[11:22:37.383] <-- textDocument/didChange
I[11:22:37.383] --> textDocument/clangd.fileStatus
I[11:22:37.408] <-- textDocument/inlayHint(566)
I[11:22:37.409] Failed to find compilation database for /home/david/Documentos/prueba_OS/RepasoExamen/311.c
I[11:22:37.409] ASTWorker building file /home/david/Documentos/prueba_OS/RepasoExamen/311.c version 124 with command clangd fallback
[/home/david/Documentos/prueba_OS/RepasoExamen]
/usr/bin/clang -resource-dir=/home/david/.vscode-oss/extensions/kylinideteam.kylin-clangd-0.4.0-linux-x64/res/clangd/lib/clang/21 -- /home/david/Documentos/prueba_OS/RepasoExamen/311.c
I[11:22:37.410] --> textDocument/clangd.fileStatus
I[11:22:37.413] --> textDocument/publishDiagnostics
I[11:22:37.413] --> textDocument/inactiveRegions
I[11:22:37.413] --> reply:textDocument/inlayHint(566) 4 ms
I[11:22:37.413] --> textDocument/clangd.fileStatus
I[11:22:37.424] <-- textDocument/didChange
I[11:22:37.424] --> textDocument/clangd.fileStatus
I[11:22:37.450] <-- textDocument/inlayHint(567)
I[11:22:37.450] Failed to find compilation database for /home/david/Documentos/prueba_OS/RepasoExamen/311.c
I[11:22:37.451] ASTWorker building file /home/david/Documentos/prueba_OS/RepasoExamen/311.c version 125 with command clangd fallback
[/home/david/Documentos/prueba_OS/RepasoExamen]
/usr/bin/clang -resource-dir=/home/david/.vscode-oss/extensions/kylinideteam.kylin-clangd-0.4.0-linux-x64/res/clangd/lib/clang/21 -- /home/david/Documentos/prueba_OS/RepasoExamen/311.c
I[11:22:37.451] --> textDocument/clangd.fileStatus
I[11:22:37.455] --> textDocument/publishDiagnostics
I[11:22:37.455] --> textDocument/inactiveRegions
I[11:22:37.455] --> reply:textDocument/inlayHint(567) 4 ms
I[11:22:37.455] --> textDocument/clangd.fileStatus
I[11:22:37.464] <-- textDocument/didChange
I[11:22:37.464] --> textDocument/clangd.fileStatus
I[11:22:37.490] <-- textDocument/inlayHint(568)
I[11:22:37.490] Failed to find compilation database for /home/david/Documentos/prueba_OS/RepasoExamen/311.c
I[11:22:37.490] ASTWorker building file /home/david/Documentos/prueba_OS/RepasoExamen/311.c version 126 with command clangd fallback
[/home/david/Documentos/prueba_OS/RepasoExamen]
/usr/bin/clang -resource-dir=/home/david/.vscode-oss/extensions/kylinideteam.kylin-clangd-0.4.0-linux-x64/res/clangd/lib/clang/21 -- /home/david/Documentos/prueba_OS/RepasoExamen/311.c
I[11:22:37.491] --> textDocument/clangd.fileStatus
I[11:22:37.496] --> textDocument/publishDiagnostics
I[11:22:37.496] --> textDocument/inactiveRegions
I[11:22:37.496] --> reply:textDocument/inlayHint(568) 6 ms
I[11:22:37.496] --> textDocument/clangd.fileStatus
I[11:22:37.504] <-- textDocument/didChange
I[11:22:37.504] --> textDocument/clangd.fileStatus
I[11:22:37.530] <-- textDocument/inlayHint(569)
I[11:22:37.530] Failed to find compilation database for /home/david/Documentos/prueba_OS/RepasoExamen/311.c
I[11:22:37.531] ASTWorker building file /home/david/Documentos/prueba_OS/RepasoExamen/311.c version 127 with command clangd fallback
[/home/david/Documentos/prueba_OS/RepasoExamen]
/usr/bin/clang -resource-dir=/home/david/.vscode-oss/extensions/kylinideteam.kylin-clangd-0.4.0-linux-x64/res/clangd/lib/clang/21 -- /home/david/Documentos/prueba_OS/RepasoExamen/311.c
I[11:22:37.531] --> textDocument/clangd.fileStatus
I[11:22:37.534] --> textDocument/publishDiagnostics
I[11:22:37.534] --> textDocument/inactiveRegions
I[11:22:37.535] --> reply:textDocument/inlayHint(569) 4 ms
I[11:22:37.535] --> textDocument/clangd.fileStatus
I[11:22:37.545] <-- textDocument/didChange
I[11:22:37.545] --> textDocument/clangd.fileStatus
I[11:22:37.570] <-- textDocument/inlayHint(570)
I[11:22:37.570] Failed to find compilation database for /home/david/Documentos/prueba_OS/RepasoExamen/311.c
I[11:22:37.571] ASTWorker building file /home/david/Documentos/prueba_OS/RepasoExamen/311.c version 128 with command clangd fallback
[/home/david/Documentos/prueba_OS/RepasoExamen]
/usr/bin/clang -resource-dir=/home/david/.vscode-oss/extensions/kylinideteam.kylin-clangd-0.4.0-linux-x64/res/clangd/lib/clang/21 -- /home/david/Documentos/prueba_OS/RepasoExamen/311.c
I[11:22:37.571] --> textDocument/clangd.fileStatus
I[11:22:37.574] --> textDocument/publishDiagnostics
I[11:22:37.574] --> textDocument/inactiveRegions
I[11:22:37.574] --> reply:textDocument/inlayHint(570) 4 ms
I[11:22:37.574] --> textDocument/clangd.fileStatus
I[11:22:37.695] <-- textDocument/didChange
I[11:22:37.695] --> textDocument/clangd.fileStatus
I[11:22:37.721] <-- textDocument/inlayHint(571)
I[11:22:37.721] Failed to find compilation database for /home/david/Documentos/prueba_OS/RepasoExamen/311.c
I[11:22:37.721] ASTWorker building file /home/david/Documentos/prueba_OS/RepasoExamen/311.c version 129 with command clangd fallback
[/home/david/Documentos/prueba_OS/RepasoExamen]
/usr/bin/clang -resource-dir=/home/david/.vscode-oss/extensions/kylinideteam.kylin-clangd-0.4.0-linux-x64/res/clangd/lib/clang/21 -- /home/david/Documentos/prueba_OS/RepasoExamen/311.c
I[11:22:37.722] --> textDocument/clangd.fileStatus
I[11:22:37.726] --> textDocument/publishDiagnostics
I[11:22:37.726] --> textDocument/inactiveRegions
I[11:22:37.726] --> reply:textDocument/inlayHint(571) 4 ms
I[11:22:37.726] --> textDocument/clangd.fileStatus
I[11:22:37.836] <-- textDocument/didChange
I[11:22:37.836] --> textDocument/clangd.fileStatus
I[11:22:37.861] <-- textDocument/inlayHint(572)
I[11:22:37.861] Failed to find compilation database for /home/david/Documentos/prueba_OS/RepasoExamen/311.c
I[11:22:37.862] ASTWorker building file /home/david/Documentos/prueba_OS/RepasoExamen/311.c version 130 with command clangd fallback
[/home/david/Documentos/prueba_OS/RepasoExamen]
/usr/bin/clang -resource-dir=/home/david/.vscode-oss/extensions/kylinideteam.kylin-clangd-0.4.0-linux-x64/res/clangd/lib/clang/21 -- /home/david/Documentos/prueba_OS/RepasoExamen/311.c
I[11:22:37.862] --> textDocument/clangd.fileStatus
I[11:22:37.865] --> textDocument/publishDiagnostics
I[11:22:37.865] --> textDocument/inactiveRegions
I[11:22:37.866] --> reply:textDocument/inlayHint(572) 4 ms
I[11:22:37.866] --> textDocument/clangd.fileStatus
I[11:22:37.999] <-- textDocument/didChange
I[11:22:37.999] --> textDocument/clangd.fileStatus
I[11:22:38.025] <-- textDocument/inlayHint(573)
I[11:22:38.025] Failed to find compilation database for /home/david/Documentos/prueba_OS/RepasoExamen/311.c
I[11:22:38.025] ASTWorker building file /home/david/Documentos/prueba_OS/RepasoExamen/311.c version 131 with command clangd fallback
[/home/david/Documentos/prueba_OS/RepasoExamen]
/usr/bin/clang -resource-dir=/home/david/.vscode-oss/extensions/kylinideteam.kylin-clangd-0.4.0-linux-x64/res/clangd/lib/clang/21 -- /home/david/Documentos/prueba_OS/RepasoExamen/311.c
I[11:22:38.026] --> textDocument/clangd.fileStatus
I[11:22:38.029] --> textDocument/publishDiagnostics
I[11:22:38.029] --> textDocument/inactiveRegions
I[11:22:38.029] --> reply:textDocument/inlayHint(573) 4 ms
I[11:22:38.029] --> textDocument/clangd.fileStatus
I[11:22:38.200] <-- textDocument/foldingRange(574)
I[11:22:38.200] --> reply:textDocument/foldingRange(574) 0 ms
I[11:22:38.282] <-- textDocument/codeAction(575)
I[11:22:38.282] --> reply:textDocument/codeAction(575) 0 ms
I[11:22:38.282] --> textDocument/clangd.fileStatus
I[11:22:38.350] <-- textDocument/documentSymbol(576)
I[11:22:38.350] <-- textDocument/documentSymbol(577)
I[11:22:38.350] --> reply:textDocument/documentSymbol(576) 0 ms
I[11:22:38.350] --> reply:textDocument/documentSymbol(577) 0 ms
I[11:22:38.350] --> textDocument/clangd.fileStatus
I[11:22:38.783] <-- textDocument/didChange
I[11:22:38.783] --> textDocument/clangd.fileStatus
I[11:22:38.808] <-- textDocument/inlayHint(578)
I[11:22:38.808] Failed to find compilation database for /home/david/Documentos/prueba_OS/RepasoExamen/311.c
I[11:22:38.808] ASTWorker building file /home/david/Documentos/prueba_OS/RepasoExamen/311.c version 132 with command clangd fallback
[/home/david/Documentos/prueba_OS/RepasoExamen]
/usr/bin/clang -resource-dir=/home/david/.vscode-oss/extensions/kylinideteam.kylin-clangd-0.4.0-linux-x64/res/clangd/lib/clang/21 -- /home/david/Documentos/prueba_OS/RepasoExamen/311.c
I[11:22:38.809] --> textDocument/clangd.fileStatus
I[11:22:38.813] --> textDocument/publishDiagnostics
I[11:22:38.813] --> textDocument/inactiveRegions
I[11:22:38.813] --> reply:textDocument/inlayHint(578) 5 ms
I[11:22:38.813] --> textDocument/clangd.fileStatus
I[11:22:38.983] <-- textDocument/foldingRange(579)
I[11:22:38.983] --> reply:textDocument/foldingRange(579) 0 ms
I[11:22:39.066] <-- textDocument/codeAction(580)
I[11:22:39.066] --> reply:textDocument/codeAction(580) 0 ms
I[11:22:39.066] --> textDocument/clangd.fileStatus
I[11:22:39.133] <-- textDocument/documentSymbol(581)
I[11:22:39.133] <-- textDocument/documentSymbol(582)
I[11:22:39.133] --> reply:textDocument/documentSymbol(581) 0 ms
I[11:22:39.133] --> reply:textDocument/documentSymbol(582) 0 ms
I[11:22:39.133] --> textDocument/clangd.fileStatus
I[11:22:39.272] <-- textDocument/didChange
I[11:22:39.273] --> textDocument/clangd.fileStatus
I[11:22:39.298] <-- textDocument/inlayHint(583)
I[11:22:39.298] Failed to find compilation database for /home/david/Documentos/prueba_OS/RepasoExamen/311.c
I[11:22:39.298] ASTWorker building file /home/david/Documentos/prueba_OS/RepasoExamen/311.c version 133 with command clangd fallback
[/home/david/Documentos/prueba_OS/RepasoExamen]
/usr/bin/clang -resource-dir=/home/david/.vscode-oss/extensions/kylinideteam.kylin-clangd-0.4.0-linux-x64/res/clangd/lib/clang/21 -- /home/david/Documentos/prueba_OS/RepasoExamen/311.c
I[11:22:39.299] --> textDocument/clangd.fileStatus
I[11:22:39.302] --> textDocument/publishDiagnostics
I[11:22:39.302] --> textDocument/inactiveRegions
I[11:22:39.303] --> reply:textDocument/inlayHint(583) 4 ms
I[11:22:39.303] --> textDocument/clangd.fileStatus
I[11:22:39.473] <-- textDocument/foldingRange(584)
I[11:22:39.473] --> reply:textDocument/foldingRange(584) 0 ms
I[11:22:39.555] <-- textDocument/codeAction(585)
I[11:22:39.555] --> reply:textDocument/codeAction(585) 0 ms
I[11:22:39.555] --> textDocument/clangd.fileStatus
I[11:22:39.623] <-- textDocument/documentSymbol(586)
I[11:22:39.623] <-- textDocument/documentSymbol(587)
I[11:22:39.623] --> reply:textDocument/documentSymbol(586) 0 ms
I[11:22:39.624] --> reply:textDocument/documentSymbol(587) 0 ms
I[11:22:39.624] --> textDocument/clangd.fileStatus
I[11:22:40.073] <-- textDocument/inlayHint(588)
I[11:22:40.073] --> reply:textDocument/inlayHint(588) 0 ms
I[11:22:40.073] --> textDocument/clangd.fileStatus
I[11:22:40.273] <-- textDocument/documentLink(589)
I[11:22:40.273] --> reply:textDocument/documentLink(589) 0 ms
I[11:22:40.273] --> textDocument/clangd.fileStatus
I[11:22:40.366] <-- textDocument/didChange
I[11:22:40.366] --> textDocument/clangd.fileStatus
I[11:22:40.392] <-- textDocument/inlayHint(590)
I[11:22:40.392] Failed to find compilation database for /home/david/Documentos/prueba_OS/RepasoExamen/311.c
I[11:22:40.392] ASTWorker building file /home/david/Documentos/prueba_OS/RepasoExamen/311.c version 134 with command clangd fallback
[/home/david/Documentos/prueba_OS/RepasoExamen]
/usr/bin/clang -resource-dir=/home/david/.vscode-oss/extensions/kylinideteam.kylin-clangd-0.4.0-linux-x64/res/clangd/lib/clang/21 -- /home/david/Documentos/prueba_OS/RepasoExamen/311.c
I[11:22:40.393] --> textDocument/clangd.fileStatus
I[11:22:40.397] --> textDocument/publishDiagnostics
I[11:22:40.397] --> textDocument/inactiveRegions
I[11:22:40.397] --> reply:textDocument/inlayHint(590) 5 ms
I[11:22:40.397] --> textDocument/clangd.fileStatus
I[11:22:40.566] <-- textDocument/foldingRange(591)
I[11:22:40.567] --> reply:textDocument/foldingRange(591) 0 ms
I[11:22:40.650] <-- textDocument/codeAction(592)
I[11:22:40.650] --> reply:textDocument/codeAction(592) 0 ms
I[11:22:40.650] --> textDocument/clangd.fileStatus
I[11:22:40.717] <-- textDocument/documentSymbol(593)
I[11:22:40.717] <-- textDocument/documentSymbol(594)
I[11:22:40.717] --> reply:textDocument/documentSymbol(593) 0 ms
I[11:22:40.717] --> reply:textDocument/documentSymbol(594) 0 ms
I[11:22:40.717] --> textDocument/clangd.fileStatus
I[11:22:40.964] <-- textDocument/didChange
I[11:22:40.964] --> textDocument/clangd.fileStatus
I[11:22:40.990] <-- textDocument/inlayHint(595)
I[11:22:40.990] Failed to find compilation database for /home/david/Documentos/prueba_OS/RepasoExamen/311.c
I[11:22:40.990] ASTWorker building file /home/david/Documentos/prueba_OS/RepasoExamen/311.c version 135 with command clangd fallback
[/home/david/Documentos/prueba_OS/RepasoExamen]
/usr/bin/clang -resource-dir=/home/david/.vscode-oss/extensions/kylinideteam.kylin-clangd-0.4.0-linux-x64/res/clangd/lib/clang/21 -- /home/david/Documentos/prueba_OS/RepasoExamen/311.c
I[11:22:40.991] --> textDocument/clangd.fileStatus
I[11:22:40.995] --> textDocument/publishDiagnostics
I[11:22:40.995] --> textDocument/inactiveRegions
I[11:22:40.995] --> reply:textDocument/inlayHint(595) 5 ms
I[11:22:40.995] --> textDocument/clangd.fileStatus
I[11:22:41.085] <-- textDocument/signatureHelp(596)
I[11:22:41.087] --> reply:textDocument/signatureHelp(596) 2 ms
I[11:22:41.165] <-- textDocument/foldingRange(597)
I[11:22:41.165] --> reply:textDocument/foldingRange(597) 0 ms
I[11:22:41.247] <-- textDocument/codeAction(598)
I[11:22:41.248] --> reply:textDocument/codeAction(598) 0 ms
I[11:22:41.248] --> textDocument/clangd.fileStatus
I[11:22:41.314] <-- textDocument/documentSymbol(599)
I[11:22:41.314] <-- textDocument/documentSymbol(600)
I[11:22:41.314] --> reply:textDocument/documentSymbol(599) 0 ms
I[11:22:41.315] --> reply:textDocument/documentSymbol(600) 0 ms
I[11:22:41.315] --> textDocument/clangd.fileStatus
I[11:22:41.611] <-- textDocument/documentHighlight(601)
I[11:22:41.611] --> reply:textDocument/documentHighlight(601) 0 ms
I[11:22:41.611] --> textDocument/clangd.fileStatus
I[11:22:41.761] <-- textDocument/documentHighlight(602)
I[11:22:41.761] --> reply:textDocument/documentHighlight(602) 0 ms
I[11:22:41.761] --> textDocument/clangd.fileStatus
I[11:22:41.764] <-- textDocument/inlayHint(603)
I[11:22:41.764] --> reply:textDocument/inlayHint(603) 0 ms
I[11:22:41.764] --> textDocument/clangd.fileStatus
I[11:22:41.964] <-- textDocument/documentLink(604)
I[11:22:41.965] --> reply:textDocument/documentLink(604) 0 ms
I[11:22:41.965] --> textDocument/clangd.fileStatus
I[11:22:42.289] <-- textDocument/codeAction(605)
I[11:22:42.289] --> reply:textDocument/codeAction(605) 0 ms
I[11:22:42.289] --> textDocument/clangd.fileStatus
I[11:22:42.346] <-- textDocument/didChange
I[11:22:42.346] --> textDocument/clangd.fileStatus
I[11:22:42.372] <-- textDocument/inlayHint(606)
I[11:22:42.372] Failed to find compilation database for /home/david/Documentos/prueba_OS/RepasoExamen/311.c
I[11:22:42.372] ASTWorker building file /home/david/Documentos/prueba_OS/RepasoExamen/311.c version 136 with command clangd fallback
[/home/david/Documentos/prueba_OS/RepasoExamen]
/usr/bin/clang -resource-dir=/home/david/.vscode-oss/extensions/kylinideteam.kylin-clangd-0.4.0-linux-x64/res/clangd/lib/clang/21 -- /home/david/Documentos/prueba_OS/RepasoExamen/311.c
I[11:22:42.373] --> textDocument/clangd.fileStatus
I[11:22:42.376] --> textDocument/publishDiagnostics
I[11:22:42.376] --> textDocument/inactiveRegions
I[11:22:42.376] --> reply:textDocument/inlayHint(606) 4 ms
I[11:22:42.376] --> textDocument/clangd.fileStatus
I[11:22:42.521] <-- textDocument/didChange
I[11:22:42.521] --> textDocument/clangd.fileStatus
I[11:22:42.546] <-- textDocument/inlayHint(607)
I[11:22:42.546] Failed to find compilation database for /home/david/Documentos/prueba_OS/RepasoExamen/311.c
I[11:22:42.546] ASTWorker building file /home/david/Documentos/prueba_OS/RepasoExamen/311.c version 137 with command clangd fallback
[/home/david/Documentos/prueba_OS/RepasoExamen]
/usr/bin/clang -resource-dir=/home/david/.vscode-oss/extensions/kylinideteam.kylin-clangd-0.4.0-linux-x64/res/clangd/lib/clang/21 -- /home/david/Documentos/prueba_OS/RepasoExamen/311.c
I[11:22:42.547] --> textDocument/clangd.fileStatus
I[11:22:42.550] --> textDocument/publishDiagnostics
I[11:22:42.550] --> textDocument/inactiveRegions
I[11:22:42.550] --> reply:textDocument/inlayHint(607) 4 ms
I[11:22:42.550] --> textDocument/clangd.fileStatus
I[11:22:42.717] <-- textDocument/didChange
I[11:22:42.717] --> textDocument/clangd.fileStatus
I[11:22:42.742] <-- textDocument/inlayHint(608)
I[11:22:42.742] Failed to find compilation database for /home/david/Documentos/prueba_OS/RepasoExamen/311.c
I[11:22:42.742] ASTWorker building file /home/david/Documentos/prueba_OS/RepasoExamen/311.c version 138 with command clangd fallback
[/home/david/Documentos/prueba_OS/RepasoExamen]
/usr/bin/clang -resource-dir=/home/david/.vscode-oss/extensions/kylinideteam.kylin-clangd-0.4.0-linux-x64/res/clangd/lib/clang/21 -- /home/david/Documentos/prueba_OS/RepasoExamen/311.c
I[11:22:42.743] --> textDocument/clangd.fileStatus
I[11:22:42.746] --> textDocument/publishDiagnostics
I[11:22:42.746] --> textDocument/inactiveRegions
I[11:22:42.746] --> reply:textDocument/inlayHint(608) 4 ms
I[11:22:42.746] --> textDocument/clangd.fileStatus
I[11:22:42.888] <-- textDocument/didChange
I[11:22:42.888] --> textDocument/clangd.fileStatus
I[11:22:42.914] <-- textDocument/inlayHint(609)
I[11:22:42.914] Failed to find compilation database for /home/david/Documentos/prueba_OS/RepasoExamen/311.c
I[11:22:42.914] ASTWorker building file /home/david/Documentos/prueba_OS/RepasoExamen/311.c version 139 with command clangd fallback
[/home/david/Documentos/prueba_OS/RepasoExamen]
/usr/bin/clang -resource-dir=/home/david/.vscode-oss/extensions/kylinideteam.kylin-clangd-0.4.0-linux-x64/res/clangd/lib/clang/21 -- /home/david/Documentos/prueba_OS/RepasoExamen/311.c
I[11:22:42.915] --> textDocument/clangd.fileStatus
I[11:22:42.918] --> textDocument/publishDiagnostics
I[11:22:42.918] --> textDocument/inactiveRegions
I[11:22:42.918] --> reply:textDocument/inlayHint(609) 4 ms
I[11:22:42.918] --> textDocument/clangd.fileStatus
I[11:22:43.039] <-- textDocument/didChange
I[11:22:43.039] --> textDocument/clangd.fileStatus
I[11:22:43.064] <-- textDocument/inlayHint(610)
I[11:22:43.064] Failed to find compilation database for /home/david/Documentos/prueba_OS/RepasoExamen/311.c
I[11:22:43.064] ASTWorker building file /home/david/Documentos/prueba_OS/RepasoExamen/311.c version 140 with command clangd fallback
[/home/david/Documentos/prueba_OS/RepasoExamen]
/usr/bin/clang -resource-dir=/home/david/.vscode-oss/extensions/kylinideteam.kylin-clangd-0.4.0-linux-x64/res/clangd/lib/clang/21 -- /home/david/Documentos/prueba_OS/RepasoExamen/311.c
I[11:22:43.065] --> textDocument/clangd.fileStatus
I[11:22:43.068] --> textDocument/publishDiagnostics
I[11:22:43.068] --> textDocument/inactiveRegions
I[11:22:43.068] --> reply:textDocument/inlayHint(610) 4 ms
I[11:22:43.069] --> textDocument/clangd.fileStatus
I[11:22:43.207] <-- textDocument/didChange
I[11:22:43.207] --> textDocument/clangd.fileStatus
I[11:22:43.233] <-- textDocument/inlayHint(611)
I[11:22:43.233] Failed to find compilation database for /home/david/Documentos/prueba_OS/RepasoExamen/311.c
I[11:22:43.233] ASTWorker building file /home/david/Documentos/prueba_OS/RepasoExamen/311.c version 141 with command clangd fallback
[/home/david/Documentos/prueba_OS/RepasoExamen]
/usr/bin/clang -resource-dir=/home/david/.vscode-oss/extensions/kylinideteam.kylin-clangd-0.4.0-linux-x64/res/clangd/lib/clang/21 -- /home/david/Documentos/prueba_OS/RepasoExamen/311.c
I[11:22:43.234] --> textDocument/clangd.fileStatus
I[11:22:43.237] --> textDocument/publishDiagnostics
I[11:22:43.237] --> textDocument/inactiveRegions
I[11:22:43.237] --> reply:textDocument/inlayHint(611) 4 ms
I[11:22:43.237] --> textDocument/clangd.fileStatus
I[11:22:43.365] <-- textDocument/didChange
I[11:22:43.365] --> textDocument/clangd.fileStatus
I[11:22:43.390] <-- textDocument/inlayHint(612)
I[11:22:43.390] Failed to find compilation database for /home/david/Documentos/prueba_OS/RepasoExamen/311.c
I[11:22:43.391] ASTWorker building file /home/david/Documentos/prueba_OS/RepasoExamen/311.c version 142 with command clangd fallback
[/home/david/Documentos/prueba_OS/RepasoExamen]
/usr/bin/clang -resource-dir=/home/david/.vscode-oss/extensions/kylinideteam.kylin-clangd-0.4.0-linux-x64/res/clangd/lib/clang/21 -- /home/david/Documentos/prueba_OS/RepasoExamen/311.c
I[11:22:43.391] --> textDocument/clangd.fileStatus
I[11:22:43.394] --> textDocument/publishDiagnostics
I[11:22:43.394] --> textDocument/inactiveRegions
I[11:22:43.394] --> reply:textDocument/inlayHint(612) 4 ms
I[11:22:43.394] --> textDocument/clangd.fileStatus
I[11:22:43.531] <-- textDocument/didChange
I[11:22:43.531] --> textDocument/clangd.fileStatus
I[11:22:43.557] <-- textDocument/inlayHint(613)
I[11:22:43.557] Failed to find compilation database for /home/david/Documentos/prueba_OS/RepasoExamen/311.c
I[11:22:43.557] ASTWorker building file /home/david/Documentos/prueba_OS/RepasoExamen/311.c version 143 with command clangd fallback
[/home/david/Documentos/prueba_OS/RepasoExamen]
/usr/bin/clang -resource-dir=/home/david/.vscode-oss/extensions/kylinideteam.kylin-clangd-0.4.0-linux-x64/res/clangd/lib/clang/21 -- /home/david/Documentos/prueba_OS/RepasoExamen/311.c
I[11:22:43.558] --> textDocument/clangd.fileStatus
I[11:22:43.562] --> textDocument/publishDiagnostics
I[11:22:43.562] --> textDocument/inactiveRegions
I[11:22:43.562] --> reply:textDocument/inlayHint(613) 5 ms
I[11:22:43.562] --> textDocument/clangd.fileStatus
I[11:22:43.731] <-- textDocument/foldingRange(614)
I[11:22:43.732] --> reply:textDocument/foldingRange(614) 0 ms
I[11:22:43.814] <-- textDocument/codeAction(615)
I[11:22:43.815] --> reply:textDocument/codeAction(615) 0 ms
I[11:22:43.815] --> textDocument/clangd.fileStatus
I[11:22:43.882] <-- textDocument/documentSymbol(616)
I[11:22:43.882] <-- textDocument/documentSymbol(617)
I[11:22:43.882] --> reply:textDocument/documentSymbol(616) 0 ms
I[11:22:43.882] --> reply:textDocument/documentSymbol(617) 0 ms
I[11:22:43.882] --> textDocument/clangd.fileStatus
I[11:22:44.332] <-- textDocument/inlayHint(618)
I[11:22:44.332] --> reply:textDocument/inlayHint(618) 0 ms
I[11:22:44.332] --> textDocument/clangd.fileStatus
I[11:22:44.532] <-- textDocument/documentLink(619)
I[11:22:44.532] --> reply:textDocument/documentLink(619) 0 ms
I[11:22:44.532] --> textDocument/clangd.fileStatus
I[11:22:44.792] <-- textDocument/didChange
I[11:22:44.792] --> textDocument/clangd.fileStatus
I[11:22:44.818] <-- textDocument/inlayHint(620)
I[11:22:44.818] Failed to find compilation database for /home/david/Documentos/prueba_OS/RepasoExamen/311.c
I[11:22:44.818] ASTWorker building file /home/david/Documentos/prueba_OS/RepasoExamen/311.c version 144 with command clangd fallback
[/home/david/Documentos/prueba_OS/RepasoExamen]
/usr/bin/clang -resource-dir=/home/david/.vscode-oss/extensions/kylinideteam.kylin-clangd-0.4.0-linux-x64/res/clangd/lib/clang/21 -- /home/david/Documentos/prueba_OS/RepasoExamen/311.c
I[11:22:44.819] --> textDocument/clangd.fileStatus
I[11:22:44.822] --> textDocument/publishDiagnostics
I[11:22:44.822] --> textDocument/inactiveRegions
I[11:22:44.823] --> reply:textDocument/inlayHint(620) 4 ms
I[11:22:44.823] --> textDocument/clangd.fileStatus
I[11:22:44.993] <-- textDocument/foldingRange(621)
I[11:22:44.993] --> reply:textDocument/foldingRange(621) 0 ms
I[11:22:45.075] <-- textDocument/codeAction(622)
I[11:22:45.075] --> reply:textDocument/codeAction(622) 0 ms
I[11:22:45.075] --> textDocument/clangd.fileStatus
I[11:22:45.097] <-- textDocument/didChange
I[11:22:45.097] --> textDocument/clangd.fileStatus
I[11:22:45.108] <-- textDocument/completion(623)
I[11:22:45.112] Code complete: sema context Expression, query scopes [] (AnyScope=true), expected type <none>
I[11:22:45.112] Code complete: 2 results from Sema, 100 from Index, 0 matched, 0 from identifiers, 100 returned (incomplete).
I[11:22:45.114] --> reply:textDocument/completion(623) 6 ms
I[11:22:45.129] <-- textDocument/inlayHint(624)
I[11:22:45.129] Failed to find compilation database for /home/david/Documentos/prueba_OS/RepasoExamen/311.c
I[11:22:45.129] ASTWorker building file /home/david/Documentos/prueba_OS/RepasoExamen/311.c version 145 with command clangd fallback
[/home/david/Documentos/prueba_OS/RepasoExamen]
/usr/bin/clang -resource-dir=/home/david/.vscode-oss/extensions/kylinideteam.kylin-clangd-0.4.0-linux-x64/res/clangd/lib/clang/21 -- /home/david/Documentos/prueba_OS/RepasoExamen/311.c
I[11:22:45.129] --> textDocument/clangd.fileStatus
I[11:22:45.135] --> textDocument/publishDiagnostics
I[11:22:45.135] --> textDocument/inactiveRegions
I[11:22:45.135] --> reply:textDocument/inlayHint(624) 6 ms
I[11:22:45.135] --> textDocument/clangd.fileStatus
I[11:22:45.144] <-- textDocument/documentSymbol(625)
I[11:22:45.144] --> reply:textDocument/documentSymbol(625) 0 ms
I[11:22:45.144] --> textDocument/clangd.fileStatus
I[11:22:45.297] <-- textDocument/foldingRange(626)
I[11:22:45.298] --> reply:textDocument/foldingRange(626) 0 ms
I[11:22:45.307] <-- textDocument/didChange
I[11:22:45.308] --> textDocument/clangd.fileStatus
I[11:22:45.308] <-- textDocument/completion(627)
I[11:22:45.312] Code complete: sema context Expression, query scopes [] (AnyScope=true), expected type <none>
I[11:22:45.313] Code complete: 1 results from Sema, 80 from Index, 0 matched, 0 from identifiers, 81 returned (incomplete).
I[11:22:45.314] --> reply:textDocument/completion(627) 6 ms
I[11:22:45.333] <-- textDocument/inlayHint(628)
I[11:22:45.333] Failed to find compilation database for /home/david/Documentos/prueba_OS/RepasoExamen/311.c
I[11:22:45.334] ASTWorker building file /home/david/Documentos/prueba_OS/RepasoExamen/311.c version 146 with command clangd fallback
[/home/david/Documentos/prueba_OS/RepasoExamen]
/usr/bin/clang -resource-dir=/home/david/.vscode-oss/extensions/kylinideteam.kylin-clangd-0.4.0-linux-x64/res/clangd/lib/clang/21 -- /home/david/Documentos/prueba_OS/RepasoExamen/311.c
I[11:22:45.334] --> textDocument/clangd.fileStatus
I[11:22:45.338] --> textDocument/publishDiagnostics
I[11:22:45.338] --> textDocument/inactiveRegions
I[11:22:45.339] --> reply:textDocument/inlayHint(628) 5 ms
I[11:22:45.339] --> textDocument/clangd.fileStatus
I[11:22:45.472] <-- textDocument/didChange
I[11:22:45.472] --> textDocument/clangd.fileStatus
I[11:22:45.473] <-- textDocument/completion(629)
I[11:22:45.477] Code complete: sema context Expression, query scopes [] (AnyScope=true), expected type <none>
I[11:22:45.477] Code complete: 1 results from Sema, 8 from Index, 0 matched, 0 from identifiers, 9 returned.
I[11:22:45.477] --> reply:textDocument/completion(629) 3 ms
I[11:22:45.498] <-- textDocument/inlayHint(630)
I[11:22:45.498] Failed to find compilation database for /home/david/Documentos/prueba_OS/RepasoExamen/311.c
I[11:22:45.498] ASTWorker building file /home/david/Documentos/prueba_OS/RepasoExamen/311.c version 147 with command clangd fallback
[/home/david/Documentos/prueba_OS/RepasoExamen]
/usr/bin/clang -resource-dir=/home/david/.vscode-oss/extensions/kylinideteam.kylin-clangd-0.4.0-linux-x64/res/clangd/lib/clang/21 -- /home/david/Documentos/prueba_OS/RepasoExamen/311.c
I[11:22:45.499] --> textDocument/clangd.fileStatus
I[11:22:45.504] --> textDocument/publishDiagnostics
I[11:22:45.504] --> textDocument/inactiveRegions
I[11:22:45.504] --> reply:textDocument/inlayHint(630) 5 ms
I[11:22:45.504] --> textDocument/clangd.fileStatus
I[11:22:45.673] <-- textDocument/didChange
I[11:22:45.673] --> textDocument/clangd.fileStatus
I[11:22:45.673] <-- textDocument/completion(631)
I[11:22:45.677] Code complete: sema context Expression, query scopes [] (AnyScope=true), expected type <none>
I[11:22:45.677] Code complete: 2 results from Sema, 6 from Index, 1 matched, 0 from identifiers, 7 returned.
I[11:22:45.677] --> reply:textDocument/completion(631) 4 ms
I[11:22:45.699] <-- textDocument/inlayHint(632)
I[11:22:45.699] Failed to find compilation database for /home/david/Documentos/prueba_OS/RepasoExamen/311.c
I[11:22:45.699] ASTWorker building file /home/david/Documentos/prueba_OS/RepasoExamen/311.c version 148 with command clangd fallback
[/home/david/Documentos/prueba_OS/RepasoExamen]
/usr/bin/clang -resource-dir=/home/david/.vscode-oss/extensions/kylinideteam.kylin-clangd-0.4.0-linux-x64/res/clangd/lib/clang/21 -- /home/david/Documentos/prueba_OS/RepasoExamen/311.c
I[11:22:45.700] --> textDocument/clangd.fileStatus
I[11:22:45.703] --> textDocument/publishDiagnostics
I[11:22:45.703] --> textDocument/inactiveRegions
I[11:22:45.703] --> reply:textDocument/inlayHint(632) 4 ms
I[11:22:45.703] --> textDocument/clangd.fileStatus
I[11:22:45.873] <-- textDocument/foldingRange(633)
I[11:22:45.874] --> reply:textDocument/foldingRange(633) 0 ms
I[11:22:45.956] <-- textDocument/codeAction(634)
I[11:22:45.956] --> reply:textDocument/codeAction(634) 0 ms
I[11:22:45.956] --> textDocument/clangd.fileStatus
I[11:22:45.974] <-- textDocument/didChange
I[11:22:45.974] --> textDocument/clangd.fileStatus
I[11:22:46.001] <-- textDocument/inlayHint(635)
I[11:22:46.001] Failed to find compilation database for /home/david/Documentos/prueba_OS/RepasoExamen/311.c
I[11:22:46.001] ASTWorker building file /home/david/Documentos/prueba_OS/RepasoExamen/311.c version 149 with command clangd fallback
[/home/david/Documentos/prueba_OS/RepasoExamen]
/usr/bin/clang -resource-dir=/home/david/.vscode-oss/extensions/kylinideteam.kylin-clangd-0.4.0-linux-x64/res/clangd/lib/clang/21 -- /home/david/Documentos/prueba_OS/RepasoExamen/311.c
I[11:22:46.002] --> textDocument/clangd.fileStatus
I[11:22:46.006] --> textDocument/publishDiagnostics
I[11:22:46.006] --> textDocument/inactiveRegions
I[11:22:46.006] --> reply:textDocument/inlayHint(635) 5 ms
I[11:22:46.006] --> textDocument/clangd.fileStatus
I[11:22:46.024] <-- textDocument/documentSymbol(636)
I[11:22:46.024] --> reply:textDocument/documentSymbol(636) 0 ms
I[11:22:46.024] --> textDocument/clangd.fileStatus
I[11:22:46.176] <-- textDocument/foldingRange(637)
I[11:22:46.176] --> reply:textDocument/foldingRange(637) 0 ms
I[11:22:46.258] <-- textDocument/codeAction(638)
I[11:22:46.259] --> reply:textDocument/codeAction(638) 0 ms
I[11:22:46.259] --> textDocument/clangd.fileStatus
I[11:22:46.326] <-- textDocument/documentSymbol(639)
I[11:22:46.326] <-- textDocument/documentSymbol(640)
I[11:22:46.326] --> reply:textDocument/documentSymbol(639) 0 ms
I[11:22:46.326] --> reply:textDocument/documentSymbol(640) 0 ms
I[11:22:46.326] --> textDocument/clangd.fileStatus
I[11:22:46.517] <-- textDocument/didSave
I[11:22:46.517] File version went from 1 to 1
I[11:22:46.517] File version went from 149 to 149
I[11:22:46.517] --> textDocument/clangd.fileStatus
I[11:22:46.517] --> textDocument/clangd.fileStatus
I[11:22:46.567] Failed to find compilation database for /home/david/Documentos/prueba_OS/RepasoExamen/mistat.c
I[11:22:46.567] Failed to find compilation database for /home/david/Documentos/prueba_OS/RepasoExamen/311.c
I[11:22:46.567] ASTWorker building file /home/david/Documentos/prueba_OS/RepasoExamen/mistat.c version 1 with command clangd fallback
[/home/david/Documentos/prueba_OS/RepasoExamen]
/usr/bin/clang -resource-dir=/home/david/.vscode-oss/extensions/kylinideteam.kylin-clangd-0.4.0-linux-x64/res/clangd/lib/clang/21 -- /home/david/Documentos/prueba_OS/RepasoExamen/mistat.c
I[11:22:46.568] ASTWorker building file /home/david/Documentos/prueba_OS/RepasoExamen/311.c version 149 with command clangd fallback
[/home/david/Documentos/prueba_OS/RepasoExamen]
/usr/bin/clang -resource-dir=/home/david/.vscode-oss/extensions/kylinideteam.kylin-clangd-0.4.0-linux-x64/res/clangd/lib/clang/21 -- /home/david/Documentos/prueba_OS/RepasoExamen/311.c
I[11:22:46.568] --> textDocument/clangd.fileStatus
I[11:22:46.568] --> textDocument/clangd.fileStatus
I[11:22:46.568] --> textDocument/clangd.fileStatus
I[11:22:46.568] --> textDocument/clangd.fileStatus
I[11:22:46.568] --> textDocument/clangd.fileStatus
I[11:22:46.568] --> textDocument/clangd.fileStatus
I[11:22:46.568] --> textDocument/clangd.fileStatus
I[11:22:46.568] --> textDocument/clangd.fileStatus
I[11:22:46.776] <-- textDocument/inlayHint(641)
I[11:22:46.776] --> reply:textDocument/inlayHint(641) 0 ms
I[11:22:46.776] --> textDocument/clangd.fileStatus
I[11:22:46.976] <-- textDocument/documentLink(642)
I[11:22:46.976] --> reply:textDocument/documentLink(642) 0 ms
I[11:22:46.976] --> textDocument/clangd.fileStatus
I[11:22:48.758] <-- textDocument/didSave
I[11:22:48.758] File version went from 1 to 1
I[11:22:48.759] File version went from 149 to 149
I[11:22:48.759] --> textDocument/clangd.fileStatus
I[11:22:48.759] --> textDocument/clangd.fileStatus
I[11:22:48.809] Failed to find compilation database for /home/david/Documentos/prueba_OS/RepasoExamen/311.c
I[11:22:48.809] ASTWorker building file /home/david/Documentos/prueba_OS/RepasoExamen/311.c version 149 with command clangd fallback
[/home/david/Documentos/prueba_OS/RepasoExamen]
/usr/bin/clang -resource-dir=/home/david/.vscode-oss/extensions/kylinideteam.kylin-clangd-0.4.0-linux-x64/res/clangd/lib/clang/21 -- /home/david/Documentos/prueba_OS/RepasoExamen/311.c
I[11:22:48.809] Failed to find compilation database for /home/david/Documentos/prueba_OS/RepasoExamen/mistat.c
I[11:22:48.809] ASTWorker building file /home/david/Documentos/prueba_OS/RepasoExamen/mistat.c version 1 with command clangd fallback
[/home/david/Documentos/prueba_OS/RepasoExamen]
/usr/bin/clang -resource-dir=/home/david/.vscode-oss/extensions/kylinideteam.kylin-clangd-0.4.0-linux-x64/res/clangd/lib/clang/21 -- /home/david/Documentos/prueba_OS/RepasoExamen/mistat.c
I[11:22:48.809] --> textDocument/clangd.fileStatus
I[11:22:48.809] --> textDocument/clangd.fileStatus
I[11:22:48.810] --> textDocument/clangd.fileStatus
I[11:22:48.810] --> textDocument/clangd.fileStatus
I[11:22:48.810] --> textDocument/clangd.fileStatus
I[11:22:48.810] --> textDocument/clangd.fileStatus
I[11:22:48.810] --> textDocument/clangd.fileStatus
I[11:22:48.810] --> textDocument/clangd.fileStatus
I[11:22:59.921] <-- textDocument/hover(643)
I[11:22:59.921] --> reply:textDocument/hover(643) 0 ms
I[11:22:59.921] --> textDocument/clangd.fileStatus
I[11:23:01.155] <-- textDocument/didChange
I[11:23:01.155] --> textDocument/clangd.fileStatus
I[11:23:01.182] <-- textDocument/inlayHint(644)
I[11:23:01.182] Failed to find compilation database for /home/david/Documentos/prueba_OS/RepasoExamen/311.c
I[11:23:01.182] ASTWorker building file /home/david/Documentos/prueba_OS/RepasoExamen/311.c version 150 with command clangd fallback
[/home/david/Documentos/prueba_OS/RepasoExamen]
/usr/bin/clang -resource-dir=/home/david/.vscode-oss/extensions/kylinideteam.kylin-clangd-0.4.0-linux-x64/res/clangd/lib/clang/21 -- /home/david/Documentos/prueba_OS/RepasoExamen/311.c
I[11:23:01.183] --> textDocument/clangd.fileStatus
I[11:23:01.186] --> textDocument/publishDiagnostics
I[11:23:01.186] --> textDocument/inactiveRegions
I[11:23:01.186] --> reply:textDocument/inlayHint(644) 4 ms
I[11:23:01.186] --> textDocument/clangd.fileStatus
I[11:23:01.357] <-- textDocument/foldingRange(645)
I[11:23:01.357] --> reply:textDocument/foldingRange(645) 0 ms
I[11:23:01.507] <-- textDocument/documentSymbol(646)
I[11:23:01.507] <-- textDocument/documentSymbol(647)
I[11:23:01.507] --> reply:textDocument/documentSymbol(646) 0 ms
I[11:23:01.507] --> reply:textDocument/documentSymbol(647) 0 ms
I[11:23:01.507] --> textDocument/clangd.fileStatus
I[11:23:01.957] <-- textDocument/inlayHint(648)
I[11:23:01.957] --> reply:textDocument/inlayHint(648) 0 ms
I[11:23:01.957] --> textDocument/clangd.fileStatus
I[11:23:02.156] <-- textDocument/documentLink(649)
I[11:23:02.157] --> reply:textDocument/documentLink(649) 0 ms
I[11:23:02.157] --> textDocument/clangd.fileStatus
I[11:23:03.608] <-- textDocument/inlayHint(650)
I[11:23:03.609] --> reply:textDocument/inlayHint(650) 0 ms
I[11:23:03.609] --> textDocument/clangd.fileStatus
I[11:23:03.747] <-- textDocument/inlayHint(651)
I[11:23:03.747] --> reply:textDocument/inlayHint(651) 0 ms
I[11:23:03.747] --> textDocument/clangd.fileStatus
I[11:23:03.796] <-- textDocument/inlayHint(652)
I[11:23:03.796] --> reply:textDocument/inlayHint(652) 0 ms
I[11:23:03.796] --> textDocument/clangd.fileStatus
I[11:23:03.983] <-- textDocument/inlayHint(653)
I[11:23:03.983] --> reply:textDocument/inlayHint(653) 0 ms
I[11:23:03.983] --> textDocument/clangd.fileStatus
I[11:23:12.918] <-- textDocument/didSave
I[11:23:12.918] File version went from 1 to 1
I[11:23:12.918] File version went from 150 to 150
I[11:23:12.918] --> textDocument/clangd.fileStatus
I[11:23:12.918] --> textDocument/clangd.fileStatus
I[11:23:12.933] <-- textDocument/codeAction(654)
I[11:23:12.933] Failed to find compilation database for /home/david/Documentos/prueba_OS/RepasoExamen/311.c
I[11:23:12.933] ASTWorker building file /home/david/Documentos/prueba_OS/RepasoExamen/311.c version 150 with command clangd fallback
[/home/david/Documentos/prueba_OS/RepasoExamen]
/usr/bin/clang -resource-dir=/home/david/.vscode-oss/extensions/kylinideteam.kylin-clangd-0.4.0-linux-x64/res/clangd/lib/clang/21 -- /home/david/Documentos/prueba_OS/RepasoExamen/311.c
I[11:23:12.934] --> textDocument/clangd.fileStatus
I[11:23:12.934] --> textDocument/clangd.fileStatus
I[11:23:12.934] --> reply:textDocument/codeAction(654) 0 ms
I[11:23:12.934] --> textDocument/clangd.fileStatus
I[11:23:12.934] --> textDocument/clangd.fileStatus
I[11:23:12.934] --> textDocument/clangd.fileStatus
I[11:23:12.969] Failed to find compilation database for /home/david/Documentos/prueba_OS/RepasoExamen/mistat.c
I[11:23:12.969] ASTWorker building file /home/david/Documentos/prueba_OS/RepasoExamen/mistat.c version 1 with command clangd fallback
[/home/david/Documentos/prueba_OS/RepasoExamen]
/usr/bin/clang -resource-dir=/home/david/.vscode-oss/extensions/kylinideteam.kylin-clangd-0.4.0-linux-x64/res/clangd/lib/clang/21 -- /home/david/Documentos/prueba_OS/RepasoExamen/mistat.c
I[11:23:12.969] --> textDocument/clangd.fileStatus
I[11:23:12.969] --> textDocument/clangd.fileStatus
I[11:23:12.970] --> textDocument/clangd.fileStatus
I[11:23:12.970] --> textDocument/clangd.fileStatus
I[11:23:29.619] <-- textDocument/codeAction(655)
I[11:23:29.619] --> reply:textDocument/codeAction(655) 0 ms
I[11:23:29.619] --> textDocument/clangd.fileStatus
I[11:23:29.643] <-- textDocument/documentLink(656)
I[11:23:29.643] --> reply:textDocument/documentLink(656) 0 ms
I[11:23:29.643] --> textDocument/clangd.fileStatus
I[11:23:29.652] <-- textDocument/inlayHint(657)
I[11:23:29.652] --> reply:textDocument/inlayHint(657) 0 ms
I[11:23:29.652] --> textDocument/clangd.fileStatus
I[11:23:29.814] <-- textDocument/foldingRange(658)
I[11:23:29.815] --> reply:textDocument/foldingRange(658) 0 ms
I[11:23:29.868] <-- textDocument/codeAction(659)
I[11:23:29.868] --> reply:textDocument/codeAction(659) 0 ms
I[11:23:29.869] --> textDocument/clangd.fileStatus
I[11:23:29.915] <-- textDocument/documentSymbol(660)
I[11:23:29.915] --> reply:textDocument/documentSymbol(660) 0 ms
I[11:23:29.916] --> textDocument/clangd.fileStatus
I[11:25:04.224] <-- textDocument/codeAction(661)
I[11:25:04.224] --> reply:textDocument/codeAction(661) 0 ms
I[11:25:04.224] --> textDocument/clangd.fileStatus
I[11:25:04.533] <-- textDocument/didChange
I[11:25:04.534] --> textDocument/clangd.fileStatus
I[11:25:04.546] <-- textDocument/completion(662)
I[11:25:04.550] Code complete: sema context Statement, query scopes [] (AnyScope=true), expected type <none>
I[11:25:04.550] Code complete: 0 results from Sema, 1 from Index, 0 matched, 0 from identifiers, 1 returned.
I[11:25:04.550] --> reply:textDocument/completion(662) 4 ms
I[11:25:04.560] <-- textDocument/inlayHint(663)
I[11:25:04.560] Failed to find compilation database for /home/david/Documentos/prueba_OS/RepasoExamen/311.c
I[11:25:04.560] ASTWorker building file /home/david/Documentos/prueba_OS/RepasoExamen/311.c version 151 with command clangd fallback
[/home/david/Documentos/prueba_OS/RepasoExamen]
/usr/bin/clang -resource-dir=/home/david/.vscode-oss/extensions/kylinideteam.kylin-clangd-0.4.0-linux-x64/res/clangd/lib/clang/21 -- /home/david/Documentos/prueba_OS/RepasoExamen/311.c
I[11:25:04.561] --> textDocument/clangd.fileStatus
I[11:25:04.565] --> textDocument/publishDiagnostics
I[11:25:04.565] --> textDocument/inactiveRegions
I[11:25:04.565] --> reply:textDocument/inlayHint(663) 4 ms
I[11:25:04.565] --> textDocument/clangd.fileStatus
I[11:25:04.735] <-- textDocument/foldingRange(664)
I[11:25:04.735] --> reply:textDocument/foldingRange(664) 0 ms
I[11:25:04.780] <-- textDocument/didChange
I[11:25:04.780] --> textDocument/clangd.fileStatus
I[11:25:04.780] <-- textDocument/completion(665)
I[11:25:04.784] Code complete: sema context Statement, query scopes [] (AnyScope=true), expected type <none>
I[11:25:04.784] Code complete: 1 results from Sema, 10 from Index, 1 matched, 0 from identifiers, 10 returned.
I[11:25:04.784] --> reply:textDocument/completion(665) 4 ms
I[11:25:04.806] <-- textDocument/inlayHint(666)
I[11:25:04.806] Failed to find compilation database for /home/david/Documentos/prueba_OS/RepasoExamen/311.c
I[11:25:04.806] ASTWorker building file /home/david/Documentos/prueba_OS/RepasoExamen/311.c version 152 with command clangd fallback
[/home/david/Documentos/prueba_OS/RepasoExamen]
/usr/bin/clang -resource-dir=/home/david/.vscode-oss/extensions/kylinideteam.kylin-clangd-0.4.0-linux-x64/res/clangd/lib/clang/21 -- /home/david/Documentos/prueba_OS/RepasoExamen/311.c
I[11:25:04.807] --> textDocument/clangd.fileStatus
I[11:25:04.810] --> textDocument/publishDiagnostics
I[11:25:04.810] --> textDocument/inactiveRegions
I[11:25:04.810] --> reply:textDocument/inlayHint(666) 4 ms
I[11:25:04.810] --> textDocument/clangd.fileStatus
I[11:25:04.981] <-- textDocument/foldingRange(667)
I[11:25:04.981] --> reply:textDocument/foldingRange(667) 0 ms
I[11:25:05.062] <-- textDocument/codeAction(668)
I[11:25:05.062] --> reply:textDocument/codeAction(668) 0 ms
I[11:25:05.062] --> textDocument/clangd.fileStatus
I[11:25:05.067] <-- textDocument/didChange
I[11:25:05.067] --> textDocument/clangd.fileStatus
I[11:25:05.068] <-- textDocument/completion(669)
I[11:25:05.072] Code complete: sema context Statement, query scopes [] (AnyScope=true), expected type <none>
I[11:25:05.072] Code complete: 0 results from Sema, 10 from Index, 0 matched, 0 from identifiers, 10 returned.
I[11:25:05.072] --> reply:textDocument/completion(669) 4 ms
I[11:25:05.093] <-- textDocument/inlayHint(670)
I[11:25:05.093] Failed to find compilation database for /home/david/Documentos/prueba_OS/RepasoExamen/311.c
I[11:25:05.093] ASTWorker building file /home/david/Documentos/prueba_OS/RepasoExamen/311.c version 153 with command clangd fallback
[/home/david/Documentos/prueba_OS/RepasoExamen]
/usr/bin/clang -resource-dir=/home/david/.vscode-oss/extensions/kylinideteam.kylin-clangd-0.4.0-linux-x64/res/clangd/lib/clang/21 -- /home/david/Documentos/prueba_OS/RepasoExamen/311.c
I[11:25:05.094] --> textDocument/clangd.fileStatus
I[11:25:05.097] --> textDocument/publishDiagnostics
I[11:25:05.097] --> textDocument/inactiveRegions
I[11:25:05.097] --> reply:textDocument/inlayHint(670) 4 ms
I[11:25:05.097] --> textDocument/clangd.fileStatus
I[11:25:05.268] <-- textDocument/foldingRange(671)
I[11:25:05.268] --> reply:textDocument/foldingRange(671) 0 ms
I[11:25:05.350] <-- textDocument/codeAction(672)
I[11:25:05.350] --> reply:textDocument/codeAction(672) 0 ms
I[11:25:05.350] --> textDocument/clangd.fileStatus
I[11:25:05.418] <-- textDocument/documentSymbol(673)
I[11:25:05.418] <-- textDocument/documentSymbol(674)
I[11:25:05.418] --> reply:textDocument/documentSymbol(673) 0 ms
I[11:25:05.418] --> reply:textDocument/documentSymbol(674) 0 ms
I[11:25:05.418] --> textDocument/clangd.fileStatus
I[11:25:05.868] <-- textDocument/inlayHint(675)
I[11:25:05.869] --> reply:textDocument/inlayHint(675) 0 ms
I[11:25:05.869] --> textDocument/clangd.fileStatus
I[11:25:06.068] <-- textDocument/documentLink(676)
I[11:25:06.068] --> reply:textDocument/documentLink(676) 0 ms
I[11:25:06.068] --> textDocument/clangd.fileStatus
I[11:25:06.091] <-- textDocument/didChange
I[11:25:06.091] --> textDocument/clangd.fileStatus
I[11:25:06.091] <-- textDocument/completion(677)
I[11:25:06.095] Code complete: sema context Statement, query scopes [] (AnyScope=true), expected type <none>
I[11:25:06.095] Code complete: 1 results from Sema, 10 from Index, 1 matched, 0 from identifiers, 10 returned.
I[11:25:06.095] --> reply:textDocument/completion(677) 3 ms
I[11:25:06.117] <-- textDocument/inlayHint(678)
I[11:25:06.117] Failed to find compilation database for /home/david/Documentos/prueba_OS/RepasoExamen/311.c
I[11:25:06.117] ASTWorker building file /home/david/Documentos/prueba_OS/RepasoExamen/311.c version 154 with command clangd fallback
[/home/david/Documentos/prueba_OS/RepasoExamen]
/usr/bin/clang -resource-dir=/home/david/.vscode-oss/extensions/kylinideteam.kylin-clangd-0.4.0-linux-x64/res/clangd/lib/clang/21 -- /home/david/Documentos/prueba_OS/RepasoExamen/311.c
I[11:25:06.117] --> textDocument/clangd.fileStatus
I[11:25:06.122] --> textDocument/publishDiagnostics
I[11:25:06.122] --> textDocument/inactiveRegions
I[11:25:06.122] --> reply:textDocument/inlayHint(678) 5 ms
I[11:25:06.122] --> textDocument/clangd.fileStatus
I[11:25:06.291] <-- textDocument/foldingRange(679)
I[11:25:06.292] --> reply:textDocument/foldingRange(679) 0 ms
I[11:25:06.375] <-- textDocument/codeAction(680)
I[11:25:06.375] --> reply:textDocument/codeAction(680) 0 ms
I[11:25:06.375] --> textDocument/clangd.fileStatus
I[11:25:06.442] <-- textDocument/documentSymbol(681)
I[11:25:06.442] <-- textDocument/documentSymbol(682)
I[11:25:06.442] --> reply:textDocument/documentSymbol(681) 0 ms
I[11:25:06.442] --> reply:textDocument/documentSymbol(682) 0 ms
I[11:25:06.442] --> textDocument/clangd.fileStatus
I[11:25:06.827] <-- textDocument/didChange
I[11:25:06.827] --> textDocument/clangd.fileStatus
I[11:25:06.853] <-- textDocument/inlayHint(683)
I[11:25:06.853] Failed to find compilation database for /home/david/Documentos/prueba_OS/RepasoExamen/311.c
I[11:25:06.853] ASTWorker building file /home/david/Documentos/prueba_OS/RepasoExamen/311.c version 155 with command clangd fallback
[/home/david/Documentos/prueba_OS/RepasoExamen]
/usr/bin/clang -resource-dir=/home/david/.vscode-oss/extensions/kylinideteam.kylin-clangd-0.4.0-linux-x64/res/clangd/lib/clang/21 -- /home/david/Documentos/prueba_OS/RepasoExamen/311.c
I[11:25:06.854] --> textDocument/clangd.fileStatus
I[11:25:06.857] --> textDocument/publishDiagnostics
I[11:25:06.857] --> textDocument/inactiveRegions
I[11:25:06.857] --> reply:textDocument/inlayHint(683) 4 ms
I[11:25:06.857] --> textDocument/clangd.fileStatus
I[11:25:06.865] <-- textDocument/didChange
I[11:25:06.865] --> textDocument/clangd.fileStatus
I[11:25:06.894] <-- textDocument/inlayHint(684)
I[11:25:06.894] Failed to find compilation database for /home/david/Documentos/prueba_OS/RepasoExamen/311.c
I[11:25:06.894] ASTWorker building file /home/david/Documentos/prueba_OS/RepasoExamen/311.c version 156 with command clangd fallback
[/home/david/Documentos/prueba_OS/RepasoExamen]
/usr/bin/clang -resource-dir=/home/david/.vscode-oss/extensions/kylinideteam.kylin-clangd-0.4.0-linux-x64/res/clangd/lib/clang/21 -- /home/david/Documentos/prueba_OS/RepasoExamen/311.c
I[11:25:06.894] --> textDocument/clangd.fileStatus
I[11:25:06.894] --> reply:textDocument/inlayHint(684) 0 ms
I[11:25:06.895] --> textDocument/clangd.fileStatus
I[11:25:06.895] --> textDocument/clangd.fileStatus
I[11:25:06.895] --> textDocument/clangd.fileStatus
I[11:25:06.986] <-- textDocument/signatureHelp(685)
I[11:25:06.989] --> reply:textDocument/signatureHelp(685) 2 ms
I[11:25:07.065] <-- textDocument/foldingRange(686)
I[11:25:07.066] --> reply:textDocument/foldingRange(686) 0 ms
I[11:25:07.116] <-- textDocument/codeAction(687)
I[11:25:07.116] --> reply:textDocument/codeAction(687) 0 ms
I[11:25:07.116] --> textDocument/clangd.fileStatus
I[11:25:07.216] <-- textDocument/documentSymbol(688)
I[11:25:07.216] <-- textDocument/documentSymbol(689)
I[11:25:07.216] --> reply:textDocument/documentSymbol(688) 0 ms
I[11:25:07.216] --> reply:textDocument/documentSymbol(689) 0 ms
I[11:25:07.216] --> textDocument/clangd.fileStatus
I[11:25:07.656] <-- textDocument/codeAction(690)
I[11:25:07.657] --> reply:textDocument/codeAction(690) 0 ms
I[11:25:07.657] --> textDocument/clangd.fileStatus
I[11:25:07.665] <-- textDocument/inlayHint(691)
I[11:25:07.666] --> reply:textDocument/inlayHint(691) 0 ms
I[11:25:07.666] --> textDocument/clangd.fileStatus
I[11:25:07.865] <-- textDocument/documentLink(692)
I[11:25:07.866] --> reply:textDocument/documentLink(692) 0 ms
I[11:25:07.866] --> textDocument/clangd.fileStatus
I[11:25:08.121] <-- textDocument/didChange
I[11:25:08.121] --> textDocument/clangd.fileStatus
I[11:25:08.132] <-- textDocument/completion(693)
I[11:25:08.136] Code complete: sema context Expression, query scopes [] (AnyScope=true), expected type <none>
I[11:25:08.136] Code complete: 0 results from Sema, 29 from Index, 0 matched, 0 from identifiers, 29 returned (incomplete).
I[11:25:08.137] --> reply:textDocument/completion(693) 4 ms
I[11:25:08.150] <-- textDocument/inlayHint(694)
I[11:25:08.150] Failed to find compilation database for /home/david/Documentos/prueba_OS/RepasoExamen/311.c
I[11:25:08.150] ASTWorker building file /home/david/Documentos/prueba_OS/RepasoExamen/311.c version 157 with command clangd fallback
[/home/david/Documentos/prueba_OS/RepasoExamen]
/usr/bin/clang -resource-dir=/home/david/.vscode-oss/extensions/kylinideteam.kylin-clangd-0.4.0-linux-x64/res/clangd/lib/clang/21 -- /home/david/Documentos/prueba_OS/RepasoExamen/311.c
I[11:25:08.151] --> textDocument/clangd.fileStatus
I[11:25:08.155] --> textDocument/publishDiagnostics
I[11:25:08.155] --> textDocument/inactiveRegions
I[11:25:08.155] --> reply:textDocument/inlayHint(694) 5 ms
I[11:25:08.155] --> textDocument/clangd.fileStatus
I[11:25:08.263] <-- textDocument/didChange
I[11:25:08.263] --> textDocument/clangd.fileStatus
I[11:25:08.264] <-- textDocument/completion(695)
I[11:25:08.267] Code complete: sema context Expression, query scopes [] (AnyScope=true), expected type <none>
I[11:25:08.268] Code complete: 0 results from Sema, 1 from Index, 0 matched, 0 from identifiers, 1 returned (incomplete).
I[11:25:08.268] --> reply:textDocument/completion(695) 3 ms
I[11:25:08.289] <-- textDocument/inlayHint(696)
I[11:25:08.289] Failed to find compilation database for /home/david/Documentos/prueba_OS/RepasoExamen/311.c
I[11:25:08.290] ASTWorker building file /home/david/Documentos/prueba_OS/RepasoExamen/311.c version 158 with command clangd fallback
[/home/david/Documentos/prueba_OS/RepasoExamen]
/usr/bin/clang -resource-dir=/home/david/.vscode-oss/extensions/kylinideteam.kylin-clangd-0.4.0-linux-x64/res/clangd/lib/clang/21 -- /home/david/Documentos/prueba_OS/RepasoExamen/311.c
I[11:25:08.290] --> textDocument/clangd.fileStatus
I[11:25:08.293] --> textDocument/publishDiagnostics
I[11:25:08.293] --> textDocument/inactiveRegions
I[11:25:08.293] --> reply:textDocument/inlayHint(696) 4 ms
I[11:25:08.293] --> textDocument/clangd.fileStatus
I[11:25:08.464] <-- textDocument/foldingRange(697)
I[11:25:08.465] --> reply:textDocument/foldingRange(697) 0 ms
I[11:25:08.546] <-- textDocument/codeAction(698)
I[11:25:08.546] --> reply:textDocument/codeAction(698) 0 ms
I[11:25:08.546] --> textDocument/clangd.fileStatus
I[11:25:08.566] <-- textDocument/didChange
I[11:25:08.566] --> textDocument/clangd.fileStatus
I[11:25:08.566] <-- textDocument/completion(699)
I[11:25:08.570] Code complete: sema context Expression, query scopes [] (AnyScope=true), expected type <none>
I[11:25:08.570] Code complete: 0 results from Sema, 1 from Index, 0 matched, 0 from identifiers, 1 returned.
I[11:25:08.570] --> reply:textDocument/completion(699) 3 ms
I[11:25:08.591] <-- textDocument/inlayHint(700)
I[11:25:08.592] Failed to find compilation database for /home/david/Documentos/prueba_OS/RepasoExamen/311.c
I[11:25:08.592] ASTWorker building file /home/david/Documentos/prueba_OS/RepasoExamen/311.c version 159 with command clangd fallback
[/home/david/Documentos/prueba_OS/RepasoExamen]
/usr/bin/clang -resource-dir=/home/david/.vscode-oss/extensions/kylinideteam.kylin-clangd-0.4.0-linux-x64/res/clangd/lib/clang/21 -- /home/david/Documentos/prueba_OS/RepasoExamen/311.c
I[11:25:08.592] --> textDocument/clangd.fileStatus
I[11:25:08.596] --> textDocument/publishDiagnostics
I[11:25:08.596] --> textDocument/inactiveRegions
I[11:25:08.596] --> reply:textDocument/inlayHint(700) 4 ms
I[11:25:08.596] --> textDocument/clangd.fileStatus
I[11:25:08.614] <-- textDocument/documentSymbol(701)
I[11:25:08.614] --> reply:textDocument/documentSymbol(701) 0 ms
I[11:25:08.614] --> textDocument/clangd.fileStatus
I[11:25:08.766] <-- textDocument/foldingRange(702)
I[11:25:08.766] --> reply:textDocument/foldingRange(702) 0 ms
I[11:25:08.819] <-- textDocument/didChange
I[11:25:08.819] --> textDocument/clangd.fileStatus
I[11:25:08.819] <-- textDocument/completion(703)
I[11:25:08.822] Code complete: sema context Expression, query scopes [] (AnyScope=true), expected type <none>
I[11:25:08.822] Code complete: 1 results from Sema, 1 from Index, 1 matched, 0 from identifiers, 1 returned.
I[11:25:08.822] --> reply:textDocument/completion(703) 3 ms
I[11:25:08.844] <-- textDocument/inlayHint(704)
I[11:25:08.844] Failed to find compilation database for /home/david/Documentos/prueba_OS/RepasoExamen/311.c
I[11:25:08.844] ASTWorker building file /home/david/Documentos/prueba_OS/RepasoExamen/311.c version 160 with command clangd fallback
[/home/david/Documentos/prueba_OS/RepasoExamen]
/usr/bin/clang -resource-dir=/home/david/.vscode-oss/extensions/kylinideteam.kylin-clangd-0.4.0-linux-x64/res/clangd/lib/clang/21 -- /home/david/Documentos/prueba_OS/RepasoExamen/311.c
I[11:25:08.845] --> textDocument/clangd.fileStatus
I[11:25:08.848] --> textDocument/publishDiagnostics
I[11:25:08.848] --> textDocument/inactiveRegions
I[11:25:08.848] --> reply:textDocument/inlayHint(704) 4 ms
I[11:25:08.848] --> textDocument/clangd.fileStatus
I[11:25:09.019] <-- textDocument/foldingRange(705)
I[11:25:09.020] --> reply:textDocument/foldingRange(705) 0 ms
I[11:25:09.100] <-- textDocument/codeAction(706)
I[11:25:09.100] --> reply:textDocument/codeAction(706) 0 ms
I[11:25:09.100] --> textDocument/clangd.fileStatus
I[11:25:09.169] <-- textDocument/documentSymbol(707)
I[11:25:09.169] <-- textDocument/documentSymbol(708)
I[11:25:09.170] --> reply:textDocument/documentSymbol(707) 0 ms
I[11:25:09.170] --> reply:textDocument/documentSymbol(708) 0 ms
I[11:25:09.170] --> textDocument/clangd.fileStatus
I[11:25:09.619] <-- textDocument/inlayHint(709)
I[11:25:09.620] --> reply:textDocument/inlayHint(709) 0 ms
I[11:25:09.620] --> textDocument/clangd.fileStatus
I[11:25:09.684] <-- textDocument/codeAction(710)
I[11:25:09.684] --> reply:textDocument/codeAction(710) 0 ms
I[11:25:09.684] --> textDocument/clangd.fileStatus
I[11:25:09.819] <-- textDocument/documentLink(711)
I[11:25:09.819] --> reply:textDocument/documentLink(711) 0 ms
I[11:25:09.819] --> textDocument/clangd.fileStatus
I[11:25:10.315] <-- textDocument/didChange
I[11:25:10.315] --> textDocument/clangd.fileStatus
I[11:25:10.342] <-- textDocument/inlayHint(712)
I[11:25:10.342] Failed to find compilation database for /home/david/Documentos/prueba_OS/RepasoExamen/311.c
I[11:25:10.342] ASTWorker building file /home/david/Documentos/prueba_OS/RepasoExamen/311.c version 161 with command clangd fallback
[/home/david/Documentos/prueba_OS/RepasoExamen]
/usr/bin/clang -resource-dir=/home/david/.vscode-oss/extensions/kylinideteam.kylin-clangd-0.4.0-linux-x64/res/clangd/lib/clang/21 -- /home/david/Documentos/prueba_OS/RepasoExamen/311.c
I[11:25:10.342] --> textDocument/clangd.fileStatus
I[11:25:10.346] --> textDocument/publishDiagnostics
I[11:25:10.346] --> textDocument/inactiveRegions
I[11:25:10.346] --> reply:textDocument/inlayHint(712) 4 ms
I[11:25:10.346] --> textDocument/clangd.fileStatus
I[11:25:10.516] <-- textDocument/foldingRange(713)
I[11:25:10.516] --> reply:textDocument/foldingRange(713) 0 ms
I[11:25:10.599] <-- textDocument/codeAction(714)
I[11:25:10.599] --> reply:textDocument/codeAction(714) 0 ms
I[11:25:10.599] --> textDocument/clangd.fileStatus
I[11:25:10.666] <-- textDocument/documentSymbol(715)
I[11:25:10.666] <-- textDocument/documentSymbol(716)
I[11:25:10.666] --> reply:textDocument/documentSymbol(715) 0 ms
I[11:25:10.666] --> reply:textDocument/documentSymbol(716) 0 ms
I[11:25:10.666] --> textDocument/clangd.fileStatus
I[11:25:10.730] <-- textDocument/didSave
I[11:25:10.730] File version went from 1 to 1
I[11:25:10.730] File version went from 161 to 161
I[11:25:10.730] --> textDocument/clangd.fileStatus
I[11:25:10.730] --> textDocument/clangd.fileStatus
I[11:25:10.780] Failed to find compilation database for /home/david/Documentos/prueba_OS/RepasoExamen/mistat.c
I[11:25:10.780] Failed to find compilation database for /home/david/Documentos/prueba_OS/RepasoExamen/311.c
I[11:25:10.780] ASTWorker building file /home/david/Documentos/prueba_OS/RepasoExamen/mistat.c version 1 with command clangd fallback
[/home/david/Documentos/prueba_OS/RepasoExamen]
/usr/bin/clang -resource-dir=/home/david/.vscode-oss/extensions/kylinideteam.kylin-clangd-0.4.0-linux-x64/res/clangd/lib/clang/21 -- /home/david/Documentos/prueba_OS/RepasoExamen/mistat.c
I[11:25:10.780] ASTWorker building file /home/david/Documentos/prueba_OS/RepasoExamen/311.c version 161 with command clangd fallback
[/home/david/Documentos/prueba_OS/RepasoExamen]
/usr/bin/clang -resource-dir=/home/david/.vscode-oss/extensions/kylinideteam.kylin-clangd-0.4.0-linux-x64/res/clangd/lib/clang/21 -- /home/david/Documentos/prueba_OS/RepasoExamen/311.c
I[11:25:10.781] --> textDocument/clangd.fileStatus
I[11:25:10.781] --> textDocument/clangd.fileStatus
I[11:25:10.781] --> textDocument/clangd.fileStatus
I[11:25:10.781] --> textDocument/clangd.fileStatus
I[11:25:10.781] --> textDocument/clangd.fileStatus
I[11:25:10.781] --> textDocument/clangd.fileStatus
I[11:25:10.781] --> textDocument/clangd.fileStatus
I[11:25:10.781] --> textDocument/clangd.fileStatus
I[11:25:11.116] <-- textDocument/inlayHint(717)
I[11:25:11.117] --> reply:textDocument/inlayHint(717) 0 ms
I[11:25:11.117] --> textDocument/clangd.fileStatus
I[11:25:11.316] <-- textDocument/documentLink(718)
I[11:25:11.316] --> reply:textDocument/documentLink(718) 0 ms
I[11:25:11.316] --> textDocument/clangd.fileStatus
I[11:25:12.348] <-- textDocument/hover(719)
I[11:25:12.349] --> reply:textDocument/hover(719) 0 ms
I[11:25:12.349] --> textDocument/clangd.fileStatus
I[11:25:25.784] <-- textDocument/codeAction(720)
I[11:25:25.784] --> reply:textDocument/codeAction(720) 0 ms
I[11:25:25.784] --> textDocument/clangd.fileStatus
I[11:25:25.809] <-- textDocument/documentLink(721)
I[11:25:25.809] --> reply:textDocument/documentLink(721) 0 ms
I[11:25:25.809] --> textDocument/clangd.fileStatus
I[11:25:25.813] <-- textDocument/inlayHint(722)
I[11:25:25.814] --> reply:textDocument/inlayHint(722) 0 ms
I[11:25:25.814] --> textDocument/clangd.fileStatus
I[11:25:25.976] <-- textDocument/foldingRange(723)
I[11:25:25.977] --> reply:textDocument/foldingRange(723) 0 ms
I[11:25:26.031] <-- textDocument/codeAction(724)
I[11:25:26.032] --> reply:textDocument/codeAction(724) 0 ms
I[11:25:26.032] --> textDocument/clangd.fileStatus
I[11:25:26.078] <-- textDocument/documentSymbol(725)
I[11:25:26.078] --> reply:textDocument/documentSymbol(725) 0 ms
I[11:25:26.078] --> textDocument/clangd.fileStatus
I[11:25:28.371] <-- textDocument/codeAction(726)
I[11:25:28.372] --> reply:textDocument/codeAction(726) 0 ms
I[11:25:28.372] --> textDocument/clangd.fileStatus
I[11:25:28.387] <-- textDocument/inlayHint(727)
I[11:25:28.387] <-- textDocument/documentLink(728)
I[11:25:28.387] --> reply:textDocument/inlayHint(727) 0 ms
I[11:25:28.387] --> reply:textDocument/documentLink(728) 0 ms
I[11:25:28.387] --> textDocument/clangd.fileStatus
I[11:25:28.567] <-- textDocument/foldingRange(729)
I[11:25:28.567] --> reply:textDocument/foldingRange(729) 0 ms
I[11:25:28.667] <-- textDocument/documentSymbol(730)
I[11:25:28.667] --> reply:textDocument/documentSymbol(730) 0 ms
I[11:25:28.668] --> textDocument/clangd.fileStatus
I[11:25:30.539] <-- textDocument/codeAction(731)
I[11:25:30.539] --> reply:textDocument/codeAction(731) 0 ms
I[11:25:30.539] --> textDocument/clangd.fileStatus
I[11:25:30.556] <-- textDocument/documentLink(732)
I[11:25:30.556] --> reply:textDocument/documentLink(732) 0 ms
I[11:25:30.556] --> textDocument/clangd.fileStatus
I[11:25:30.566] <-- textDocument/inlayHint(733)
I[11:25:30.566] --> reply:textDocument/inlayHint(733) 0 ms
I[11:25:30.566] --> textDocument/clangd.fileStatus
I[11:25:30.735] <-- textDocument/foldingRange(734)
I[11:25:30.735] --> reply:textDocument/foldingRange(734) 0 ms
I[11:25:30.790] <-- textDocument/codeAction(735)
I[11:25:30.790] --> reply:textDocument/codeAction(735) 0 ms
I[11:25:30.790] --> textDocument/clangd.fileStatus
I[11:25:30.835] <-- textDocument/documentSymbol(736)
I[11:25:30.836] --> reply:textDocument/documentSymbol(736) 0 ms
I[11:25:30.836] --> textDocument/clangd.fileStatus
I[11:25:32.996] <-- textDocument/codeAction(737)
I[11:25:32.996] --> reply:textDocument/codeAction(737) 0 ms
I[11:25:32.996] --> textDocument/clangd.fileStatus
I[11:25:34.772] <-- textDocument/didChange
I[11:25:34.772] --> textDocument/clangd.fileStatus
I[11:25:34.784] <-- textDocument/completion(738)
I[11:25:34.788] Code complete: sema context Statement, query scopes [] (AnyScope=true), expected type <none>
I[11:25:34.789] Code complete: 3 results from Sema, 100 from Index, 0 matched, 0 from identifiers, 100 returned (incomplete).
I[11:25:34.791] --> reply:textDocument/completion(738) 6 ms
I[11:25:34.804] <-- textDocument/inlayHint(739)
I[11:25:34.804] Failed to find compilation database for /home/david/Documentos/prueba_OS/RepasoExamen/311.c
I[11:25:34.804] ASTWorker building file /home/david/Documentos/prueba_OS/RepasoExamen/311.c version 162 with command clangd fallback
[/home/david/Documentos/prueba_OS/RepasoExamen]
/usr/bin/clang -resource-dir=/home/david/.vscode-oss/extensions/kylinideteam.kylin-clangd-0.4.0-linux-x64/res/clangd/lib/clang/21 -- /home/david/Documentos/prueba_OS/RepasoExamen/311.c
I[11:25:34.805] --> textDocument/clangd.fileStatus
I[11:25:34.809] --> textDocument/publishDiagnostics
I[11:25:34.809] --> textDocument/inactiveRegions
I[11:25:34.809] --> reply:textDocument/inlayHint(739) 5 ms
I[11:25:34.809] --> textDocument/clangd.fileStatus
I[11:25:34.974] <-- textDocument/foldingRange(740)
I[11:25:34.974] --> reply:textDocument/foldingRange(740) 0 ms
I[11:25:35.061] <-- textDocument/codeAction(741)
I[11:25:35.062] --> reply:textDocument/codeAction(741) 0 ms
I[11:25:35.062] --> textDocument/clangd.fileStatus
I[11:25:35.124] <-- textDocument/documentSymbol(742)
I[11:25:35.124] <-- textDocument/documentSymbol(743)
I[11:25:35.124] --> reply:textDocument/documentSymbol(742) 0 ms
I[11:25:35.124] --> reply:textDocument/documentSymbol(743) 0 ms
I[11:25:35.124] --> textDocument/clangd.fileStatus
I[11:25:35.141] <-- textDocument/didChange
I[11:25:35.141] --> textDocument/clangd.fileStatus
I[11:25:35.141] <-- textDocument/completion(744)
I[11:25:35.145] Code complete: sema context Statement, query scopes [] (AnyScope=true), expected type <none>
I[11:25:35.146] Code complete: 1 results from Sema, 100 from Index, 0 matched, 0 from identifiers, 100 returned (incomplete).
I[11:25:35.148] --> reply:textDocument/completion(744) 6 ms
I[11:25:35.166] <-- textDocument/inlayHint(745)
I[11:25:35.166] Failed to find compilation database for /home/david/Documentos/prueba_OS/RepasoExamen/311.c
I[11:25:35.167] ASTWorker building file /home/david/Documentos/prueba_OS/RepasoExamen/311.c version 163 with command clangd fallback
[/home/david/Documentos/prueba_OS/RepasoExamen]
/usr/bin/clang -resource-dir=/home/david/.vscode-oss/extensions/kylinideteam.kylin-clangd-0.4.0-linux-x64/res/clangd/lib/clang/21 -- /home/david/Documentos/prueba_OS/RepasoExamen/311.c
I[11:25:35.167] --> textDocument/clangd.fileStatus
I[11:25:35.171] --> textDocument/publishDiagnostics
I[11:25:35.171] --> textDocument/inactiveRegions
I[11:25:35.171] --> reply:textDocument/inlayHint(745) 4 ms
I[11:25:35.171] --> textDocument/clangd.fileStatus
I[11:25:35.341] <-- textDocument/foldingRange(746)
I[11:25:35.342] --> reply:textDocument/foldingRange(746) 0 ms
I[11:25:35.363] <-- textDocument/didChange
I[11:25:35.363] --> textDocument/clangd.fileStatus
I[11:25:35.363] <-- textDocument/completion(747)
I[11:25:35.367] Code complete: sema context Statement, query scopes [] (AnyScope=true), expected type <none>
I[11:25:35.367] Code complete: 0 results from Sema, 92 from Index, 0 matched, 0 from identifiers, 92 returned (incomplete).
I[11:25:35.369] --> reply:textDocument/completion(747) 5 ms
I[11:25:35.389] <-- textDocument/inlayHint(748)
I[11:25:35.389] Failed to find compilation database for /home/david/Documentos/prueba_OS/RepasoExamen/311.c
I[11:25:35.389] ASTWorker building file /home/david/Documentos/prueba_OS/RepasoExamen/311.c version 164 with command clangd fallback
[/home/david/Documentos/prueba_OS/RepasoExamen]
/usr/bin/clang -resource-dir=/home/david/.vscode-oss/extensions/kylinideteam.kylin-clangd-0.4.0-linux-x64/res/clangd/lib/clang/21 -- /home/david/Documentos/prueba_OS/RepasoExamen/311.c
I[11:25:35.389] --> textDocument/clangd.fileStatus
I[11:25:35.394] --> textDocument/publishDiagnostics
I[11:25:35.394] --> textDocument/inactiveRegions
I[11:25:35.395] --> reply:textDocument/inlayHint(748) 5 ms
I[11:25:35.395] --> textDocument/clangd.fileStatus
I[11:25:35.564] <-- textDocument/foldingRange(749)
I[11:25:35.564] --> reply:textDocument/foldingRange(749) 0 ms
I[11:25:35.647] <-- textDocument/codeAction(750)
I[11:25:35.647] --> reply:textDocument/codeAction(750) 0 ms
I[11:25:35.647] --> textDocument/clangd.fileStatus
I[11:25:35.714] <-- textDocument/documentSymbol(751)
I[11:25:35.714] <-- textDocument/documentSymbol(752)
I[11:25:35.714] --> reply:textDocument/documentSymbol(751) 0 ms
I[11:25:35.714] --> reply:textDocument/documentSymbol(752) 0 ms
I[11:25:35.714] --> textDocument/clangd.fileStatus
I[11:25:36.164] <-- textDocument/inlayHint(753)
I[11:25:36.164] --> reply:textDocument/inlayHint(753) 0 ms
I[11:25:36.164] --> textDocument/clangd.fileStatus
I[11:25:36.364] <-- textDocument/documentLink(754)
I[11:25:36.364] --> reply:textDocument/documentLink(754) 0 ms
I[11:25:36.364] --> textDocument/clangd.fileStatus
I[11:25:36.689] <-- textDocument/didChange
I[11:25:36.689] --> textDocument/clangd.fileStatus
I[11:25:36.690] <-- textDocument/completion(755)
I[11:25:36.693] Code complete: sema context Statement, query scopes [] (AnyScope=true), expected type <none>
I[11:25:36.693] Code complete: 0 results from Sema, 5 from Index, 0 matched, 0 from identifiers, 5 returned.
I[11:25:36.693] --> reply:textDocument/completion(755) 3 ms
I[11:25:36.715] <-- textDocument/inlayHint(756)
I[11:25:36.715] Failed to find compilation database for /home/david/Documentos/prueba_OS/RepasoExamen/311.c
I[11:25:36.716] ASTWorker building file /home/david/Documentos/prueba_OS/RepasoExamen/311.c version 165 with command clangd fallback
[/home/david/Documentos/prueba_OS/RepasoExamen]
/usr/bin/clang -resource-dir=/home/david/.vscode-oss/extensions/kylinideteam.kylin-clangd-0.4.0-linux-x64/res/clangd/lib/clang/21 -- /home/david/Documentos/prueba_OS/RepasoExamen/311.c
I[11:25:36.716] --> textDocument/clangd.fileStatus
I[11:25:36.719] --> textDocument/publishDiagnostics
I[11:25:36.719] --> textDocument/inactiveRegions
I[11:25:36.720] --> reply:textDocument/inlayHint(756) 4 ms
I[11:25:36.720] --> textDocument/clangd.fileStatus
I[11:25:36.795] <-- textDocument/didChange
I[11:25:36.795] --> textDocument/clangd.fileStatus
I[11:25:36.796] <-- textDocument/completion(757)
I[11:25:36.799] Code complete: sema context Statement, query scopes [] (AnyScope=true), expected type <none>
I[11:25:36.799] Code complete: 0 results from Sema, 1 from Index, 0 matched, 0 from identifiers, 1 returned.
I[11:25:36.799] --> reply:textDocument/completion(757) 3 ms
I[11:25:36.821] <-- textDocument/inlayHint(758)
I[11:25:36.821] Failed to find compilation database for /home/david/Documentos/prueba_OS/RepasoExamen/311.c
I[11:25:36.821] ASTWorker building file /home/david/Documentos/prueba_OS/RepasoExamen/311.c version 166 with command clangd fallback
[/home/david/Documentos/prueba_OS/RepasoExamen]
/usr/bin/clang -resource-dir=/home/david/.vscode-oss/extensions/kylinideteam.kylin-clangd-0.4.0-linux-x64/res/clangd/lib/clang/21 -- /home/david/Documentos/prueba_OS/RepasoExamen/311.c
I[11:25:36.822] --> textDocument/clangd.fileStatus
I[11:25:36.825] --> textDocument/publishDiagnostics
I[11:25:36.825] --> textDocument/inactiveRegions
I[11:25:36.825] --> reply:textDocument/inlayHint(758) 4 ms
I[11:25:36.825] --> textDocument/clangd.fileStatus
I[11:25:36.996] <-- textDocument/foldingRange(759)
I[11:25:36.996] --> reply:textDocument/foldingRange(759) 0 ms
I[11:25:37.077] <-- textDocument/codeAction(760)
I[11:25:37.078] --> reply:textDocument/codeAction(760) 0 ms
I[11:25:37.078] --> textDocument/clangd.fileStatus
I[11:25:37.146] <-- textDocument/documentSymbol(761)
I[11:25:37.146] <-- textDocument/documentSymbol(762)
I[11:25:37.146] --> reply:textDocument/documentSymbol(761) 0 ms
I[11:25:37.146] --> reply:textDocument/documentSymbol(762) 0 ms
I[11:25:37.146] --> textDocument/clangd.fileStatus
I[11:25:37.334] <-- textDocument/didChange
I[11:25:37.335] --> textDocument/clangd.fileStatus
I[11:25:37.342] <-- textDocument/signatureHelp(763)
I[11:25:37.345] --> reply:textDocument/signatureHelp(763) 3 ms
I[11:25:37.361] <-- textDocument/inlayHint(764)
I[11:25:37.361] Failed to find compilation database for /home/david/Documentos/prueba_OS/RepasoExamen/311.c
I[11:25:37.361] ASTWorker building file /home/david/Documentos/prueba_OS/RepasoExamen/311.c version 167 with command clangd fallback
[/home/david/Documentos/prueba_OS/RepasoExamen]
/usr/bin/clang -resource-dir=/home/david/.vscode-oss/extensions/kylinideteam.kylin-clangd-0.4.0-linux-x64/res/clangd/lib/clang/21 -- /home/david/Documentos/prueba_OS/RepasoExamen/311.c
I[11:25:37.362] --> textDocument/clangd.fileStatus
I[11:25:37.365] --> textDocument/publishDiagnostics
I[11:25:37.365] --> textDocument/inactiveRegions
I[11:25:37.365] --> reply:textDocument/inlayHint(764) 4 ms
I[11:25:37.365] --> textDocument/clangd.fileStatus
I[11:25:37.535] <-- textDocument/foldingRange(765)
I[11:25:37.536] --> reply:textDocument/foldingRange(765) 0 ms
I[11:25:37.617] <-- textDocument/codeAction(766)
I[11:25:37.617] --> reply:textDocument/codeAction(766) 0 ms
I[11:25:37.617] --> textDocument/clangd.fileStatus
I[11:25:37.686] <-- textDocument/documentSymbol(767)
I[11:25:37.686] <-- textDocument/documentSymbol(768)
I[11:25:37.686] --> reply:textDocument/documentSymbol(767) 0 ms
I[11:25:37.686] --> reply:textDocument/documentSymbol(768) 0 ms
I[11:25:37.686] --> textDocument/clangd.fileStatus
I[11:25:38.136] <-- textDocument/inlayHint(769)
I[11:25:38.136] --> reply:textDocument/inlayHint(769) 0 ms
I[11:25:38.136] --> textDocument/clangd.fileStatus
I[11:25:38.335] <-- textDocument/documentLink(770)
I[11:25:38.335] --> reply:textDocument/documentLink(770) 0 ms
I[11:25:38.335] --> textDocument/clangd.fileStatus
I[11:25:38.558] <-- textDocument/didChange
I[11:25:38.559] --> textDocument/clangd.fileStatus
I[11:25:38.559] <-- textDocument/completion(771)
I[11:25:38.562] Code complete: 0 results from Sema, 0 from Index, 0 matched, 0 from identifiers, 0 returned.
I[11:25:38.562] --> reply:textDocument/completion(771) 3 ms
I[11:25:38.584] <-- textDocument/inlayHint(772)
I[11:25:38.584] Failed to find compilation database for /home/david/Documentos/prueba_OS/RepasoExamen/311.c
I[11:25:38.584] ASTWorker building file /home/david/Documentos/prueba_OS/RepasoExamen/311.c version 168 with command clangd fallback
[/home/david/Documentos/prueba_OS/RepasoExamen]
/usr/bin/clang -resource-dir=/home/david/.vscode-oss/extensions/kylinideteam.kylin-clangd-0.4.0-linux-x64/res/clangd/lib/clang/21 -- /home/david/Documentos/prueba_OS/RepasoExamen/311.c
I[11:25:38.585] --> textDocument/clangd.fileStatus
I[11:25:38.588] --> textDocument/publishDiagnostics
I[11:25:38.589] --> textDocument/inactiveRegions
I[11:25:38.589] --> reply:textDocument/inlayHint(772) 4 ms
I[11:25:38.589] --> textDocument/clangd.fileStatus
I[11:25:38.679] <-- textDocument/signatureHelp(773)
I[11:25:38.682] --> reply:textDocument/signatureHelp(773) 2 ms
I[11:25:38.759] <-- textDocument/foldingRange(774)
I[11:25:38.759] --> reply:textDocument/foldingRange(774) 0 ms
I[11:25:38.841] <-- textDocument/codeAction(775)
I[11:25:38.841] --> reply:textDocument/codeAction(775) 0 ms
I[11:25:38.841] --> textDocument/clangd.fileStatus
I[11:25:38.909] <-- textDocument/documentSymbol(776)
I[11:25:38.909] <-- textDocument/documentSymbol(777)
I[11:25:38.909] --> reply:textDocument/documentSymbol(776) 0 ms
I[11:25:38.909] --> reply:textDocument/documentSymbol(777) 0 ms
I[11:25:38.909] --> textDocument/clangd.fileStatus
I[11:25:39.201] <-- textDocument/didChange
I[11:25:39.202] --> textDocument/clangd.fileStatus
I[11:25:39.227] <-- textDocument/inlayHint(778)
I[11:25:39.227] Failed to find compilation database for /home/david/Documentos/prueba_OS/RepasoExamen/311.c
I[11:25:39.227] ASTWorker building file /home/david/Documentos/prueba_OS/RepasoExamen/311.c version 169 with command clangd fallback
[/home/david/Documentos/prueba_OS/RepasoExamen]
/usr/bin/clang -resource-dir=/home/david/.vscode-oss/extensions/kylinideteam.kylin-clangd-0.4.0-linux-x64/res/clangd/lib/clang/21 -- /home/david/Documentos/prueba_OS/RepasoExamen/311.c
I[11:25:39.228] --> textDocument/clangd.fileStatus
I[11:25:39.232] --> textDocument/publishDiagnostics
I[11:25:39.232] --> textDocument/inactiveRegions
I[11:25:39.232] --> reply:textDocument/inlayHint(778) 4 ms
I[11:25:39.232] --> textDocument/clangd.fileStatus
I[11:25:39.322] <-- textDocument/signatureHelp(779)
I[11:25:39.325] --> reply:textDocument/signatureHelp(779) 2 ms
I[11:25:39.402] <-- textDocument/foldingRange(780)
I[11:25:39.402] --> reply:textDocument/foldingRange(780) 0 ms
I[11:25:39.485] <-- textDocument/codeAction(781)
I[11:25:39.485] --> reply:textDocument/codeAction(781) 0 ms
I[11:25:39.485] --> textDocument/clangd.fileStatus
I[11:25:39.552] <-- textDocument/documentSymbol(782)
I[11:25:39.552] <-- textDocument/documentSymbol(783)
I[11:25:39.552] --> reply:textDocument/documentSymbol(782) 0 ms
I[11:25:39.552] --> reply:textDocument/documentSymbol(783) 0 ms
I[11:25:39.552] --> textDocument/clangd.fileStatus
I[11:25:40.002] <-- textDocument/inlayHint(784)
I[11:25:40.002] --> reply:textDocument/inlayHint(784) 0 ms
I[11:25:40.002] --> textDocument/clangd.fileStatus
I[11:25:40.202] <-- textDocument/documentLink(785)
I[11:25:40.202] --> reply:textDocument/documentLink(785) 0 ms
I[11:25:40.202] --> textDocument/clangd.fileStatus
I[11:25:40.440] <-- textDocument/didChange
I[11:25:40.440] --> textDocument/clangd.fileStatus
I[11:25:40.466] <-- textDocument/inlayHint(786)
I[11:25:40.466] Failed to find compilation database for /home/david/Documentos/prueba_OS/RepasoExamen/311.c
I[11:25:40.467] ASTWorker building file /home/david/Documentos/prueba_OS/RepasoExamen/311.c version 170 with command clangd fallback
[/home/david/Documentos/prueba_OS/RepasoExamen]
/usr/bin/clang -resource-dir=/home/david/.vscode-oss/extensions/kylinideteam.kylin-clangd-0.4.0-linux-x64/res/clangd/lib/clang/21 -- /home/david/Documentos/prueba_OS/RepasoExamen/311.c
I[11:25:40.467] --> textDocument/clangd.fileStatus
I[11:25:40.470] --> textDocument/publishDiagnostics
I[11:25:40.470] --> textDocument/inactiveRegions
I[11:25:40.470] --> reply:textDocument/inlayHint(786) 4 ms
I[11:25:40.470] --> textDocument/clangd.fileStatus
I[11:25:40.556] <-- textDocument/didChange
I[11:25:40.556] --> textDocument/clangd.fileStatus
I[11:25:40.582] <-- textDocument/inlayHint(787)
I[11:25:40.582] Failed to find compilation database for /home/david/Documentos/prueba_OS/RepasoExamen/311.c
I[11:25:40.582] ASTWorker building file /home/david/Documentos/prueba_OS/RepasoExamen/311.c version 171 with command clangd fallback
[/home/david/Documentos/prueba_OS/RepasoExamen]
/usr/bin/clang -resource-dir=/home/david/.vscode-oss/extensions/kylinideteam.kylin-clangd-0.4.0-linux-x64/res/clangd/lib/clang/21 -- /home/david/Documentos/prueba_OS/RepasoExamen/311.c
I[11:25:40.583] --> textDocument/clangd.fileStatus
I[11:25:40.587] --> textDocument/publishDiagnostics
I[11:25:40.587] --> textDocument/inactiveRegions
I[11:25:40.587] --> reply:textDocument/inlayHint(787) 5 ms
I[11:25:40.587] --> textDocument/clangd.fileStatus
I[11:25:40.677] <-- textDocument/signatureHelp(788)
I[11:25:40.679] --> reply:textDocument/signatureHelp(788) 2 ms
I[11:25:40.695] <-- textDocument/didChange
I[11:25:40.695] --> textDocument/clangd.fileStatus
I[11:25:40.721] <-- textDocument/inlayHint(789)
I[11:25:40.721] Failed to find compilation database for /home/david/Documentos/prueba_OS/RepasoExamen/311.c
I[11:25:40.721] ASTWorker building file /home/david/Documentos/prueba_OS/RepasoExamen/311.c version 172 with command clangd fallback
[/home/david/Documentos/prueba_OS/RepasoExamen]
/usr/bin/clang -resource-dir=/home/david/.vscode-oss/extensions/kylinideteam.kylin-clangd-0.4.0-linux-x64/res/clangd/lib/clang/21 -- /home/david/Documentos/prueba_OS/RepasoExamen/311.c
I[11:25:40.722] --> textDocument/clangd.fileStatus
I[11:25:40.725] --> textDocument/publishDiagnostics
I[11:25:40.725] --> textDocument/inactiveRegions
I[11:25:40.725] --> reply:textDocument/inlayHint(789) 4 ms
I[11:25:40.725] --> textDocument/clangd.fileStatus
I[11:25:40.816] <-- textDocument/signatureHelp(790)
I[11:25:40.819] --> reply:textDocument/signatureHelp(790) 3 ms
I[11:25:40.864] <-- textDocument/didChange
I[11:25:40.864] --> textDocument/clangd.fileStatus
I[11:25:40.890] <-- textDocument/inlayHint(791)
I[11:25:40.890] Failed to find compilation database for /home/david/Documentos/prueba_OS/RepasoExamen/311.c
I[11:25:40.890] ASTWorker building file /home/david/Documentos/prueba_OS/RepasoExamen/311.c version 173 with command clangd fallback
[/home/david/Documentos/prueba_OS/RepasoExamen]
/usr/bin/clang -resource-dir=/home/david/.vscode-oss/extensions/kylinideteam.kylin-clangd-0.4.0-linux-x64/res/clangd/lib/clang/21 -- /home/david/Documentos/prueba_OS/RepasoExamen/311.c
I[11:25:40.891] --> textDocument/clangd.fileStatus
I[11:25:40.894] --> textDocument/publishDiagnostics
I[11:25:40.894] --> textDocument/inactiveRegions
I[11:25:40.894] --> reply:textDocument/inlayHint(791) 4 ms
I[11:25:40.894] --> textDocument/clangd.fileStatus
I[11:25:40.982] <-- textDocument/didChange
I[11:25:40.982] --> textDocument/clangd.fileStatus
I[11:25:41.007] <-- textDocument/inlayHint(792)
I[11:25:41.008] Failed to find compilation database for /home/david/Documentos/prueba_OS/RepasoExamen/311.c
I[11:25:41.008] ASTWorker building file /home/david/Documentos/prueba_OS/RepasoExamen/311.c version 174 with command clangd fallback
[/home/david/Documentos/prueba_OS/RepasoExamen]
/usr/bin/clang -resource-dir=/home/david/.vscode-oss/extensions/kylinideteam.kylin-clangd-0.4.0-linux-x64/res/clangd/lib/clang/21 -- /home/david/Documentos/prueba_OS/RepasoExamen/311.c
I[11:25:41.008] --> textDocument/clangd.fileStatus
I[11:25:41.012] --> textDocument/publishDiagnostics
I[11:25:41.012] --> textDocument/inactiveRegions
I[11:25:41.012] --> reply:textDocument/inlayHint(792) 4 ms
I[11:25:41.012] --> textDocument/clangd.fileStatus
I[11:25:41.058] <-- textDocument/didChange
I[11:25:41.058] --> textDocument/clangd.fileStatus
I[11:25:41.084] <-- textDocument/inlayHint(793)
I[11:25:41.084] Failed to find compilation database for /home/david/Documentos/prueba_OS/RepasoExamen/311.c
I[11:25:41.084] ASTWorker building file /home/david/Documentos/prueba_OS/RepasoExamen/311.c version 175 with command clangd fallback
[/home/david/Documentos/prueba_OS/RepasoExamen]
/usr/bin/clang -resource-dir=/home/david/.vscode-oss/extensions/kylinideteam.kylin-clangd-0.4.0-linux-x64/res/clangd/lib/clang/21 -- /home/david/Documentos/prueba_OS/RepasoExamen/311.c
I[11:25:41.085] --> textDocument/clangd.fileStatus
I[11:25:41.088] --> textDocument/publishDiagnostics
I[11:25:41.088] --> textDocument/inactiveRegions
I[11:25:41.088] --> reply:textDocument/inlayHint(793) 4 ms
I[11:25:41.088] --> textDocument/clangd.fileStatus
I[11:25:41.179] <-- textDocument/signatureHelp(794)
I[11:25:41.182] --> reply:textDocument/signatureHelp(794) 2 ms
I[11:25:41.258] <-- textDocument/foldingRange(795)
I[11:25:41.259] --> reply:textDocument/foldingRange(795) 0 ms
I[11:25:41.341] <-- textDocument/codeAction(796)
I[11:25:41.341] --> reply:textDocument/codeAction(796) 0 ms
I[11:25:41.341] --> textDocument/clangd.fileStatus
I[11:25:41.408] <-- textDocument/documentSymbol(797)
I[11:25:41.409] <-- textDocument/documentSymbol(798)
I[11:25:41.409] --> reply:textDocument/documentSymbol(797) 0 ms
I[11:25:41.409] --> reply:textDocument/documentSymbol(798) 0 ms
I[11:25:41.409] --> textDocument/clangd.fileStatus
I[11:25:41.466] <-- textDocument/didChange
I[11:25:41.466] --> textDocument/clangd.fileStatus
I[11:25:41.492] <-- textDocument/inlayHint(799)
I[11:25:41.492] Failed to find compilation database for /home/david/Documentos/prueba_OS/RepasoExamen/311.c
I[11:25:41.492] ASTWorker building file /home/david/Documentos/prueba_OS/RepasoExamen/311.c version 176 with command clangd fallback
[/home/david/Documentos/prueba_OS/RepasoExamen]
/usr/bin/clang -resource-dir=/home/david/.vscode-oss/extensions/kylinideteam.kylin-clangd-0.4.0-linux-x64/res/clangd/lib/clang/21 -- /home/david/Documentos/prueba_OS/RepasoExamen/311.c
I[11:25:41.493] --> textDocument/clangd.fileStatus
I[11:25:41.496] --> textDocument/publishDiagnostics
I[11:25:41.496] --> textDocument/inactiveRegions
I[11:25:41.496] --> reply:textDocument/inlayHint(799) 4 ms
I[11:25:41.496] --> textDocument/clangd.fileStatus
I[11:25:41.587] <-- textDocument/signatureHelp(800)
I[11:25:41.590] --> reply:textDocument/signatureHelp(800) 2 ms
I[11:25:41.667] <-- textDocument/foldingRange(801)
I[11:25:41.667] --> reply:textDocument/foldingRange(801) 0 ms
I[11:25:41.705] <-- textDocument/didChange
I[11:25:41.705] --> textDocument/clangd.fileStatus
I[11:25:41.731] <-- textDocument/inlayHint(802)
I[11:25:41.731] Failed to find compilation database for /home/david/Documentos/prueba_OS/RepasoExamen/311.c
I[11:25:41.731] ASTWorker building file /home/david/Documentos/prueba_OS/RepasoExamen/311.c version 177 with command clangd fallback
[/home/david/Documentos/prueba_OS/RepasoExamen]
/usr/bin/clang -resource-dir=/home/david/.vscode-oss/extensions/kylinideteam.kylin-clangd-0.4.0-linux-x64/res/clangd/lib/clang/21 -- /home/david/Documentos/prueba_OS/RepasoExamen/311.c
I[11:25:41.732] --> textDocument/clangd.fileStatus
I[11:25:41.735] --> textDocument/publishDiagnostics
I[11:25:41.735] --> textDocument/inactiveRegions
I[11:25:41.735] --> reply:textDocument/inlayHint(802) 4 ms
I[11:25:41.735] --> textDocument/clangd.fileStatus
I[11:25:41.826] <-- textDocument/signatureHelp(803)
I[11:25:41.829] --> reply:textDocument/signatureHelp(803) 2 ms
I[11:25:41.875] <-- textDocument/didChange
I[11:25:41.875] --> textDocument/clangd.fileStatus
I[11:25:41.901] <-- textDocument/inlayHint(804)
I[11:25:41.901] Failed to find compilation database for /home/david/Documentos/prueba_OS/RepasoExamen/311.c
I[11:25:41.901] ASTWorker building file /home/david/Documentos/prueba_OS/RepasoExamen/311.c version 178 with command clangd fallback
[/home/david/Documentos/prueba_OS/RepasoExamen]
/usr/bin/clang -resource-dir=/home/david/.vscode-oss/extensions/kylinideteam.kylin-clangd-0.4.0-linux-x64/res/clangd/lib/clang/21 -- /home/david/Documentos/prueba_OS/RepasoExamen/311.c
I[11:25:41.902] --> textDocument/clangd.fileStatus
I[11:25:41.905] --> textDocument/publishDiagnostics
I[11:25:41.905] --> textDocument/inactiveRegions
I[11:25:41.906] --> reply:textDocument/inlayHint(804) 4 ms
I[11:25:41.906] --> textDocument/clangd.fileStatus
I[11:25:41.996] <-- textDocument/signatureHelp(805)
I[11:25:42.000] --> reply:textDocument/signatureHelp(805) 3 ms
I[11:25:42.076] <-- textDocument/foldingRange(806)
I[11:25:42.076] --> reply:textDocument/foldingRange(806) 0 ms
I[11:25:42.103] <-- textDocument/didChange
I[11:25:42.103] --> textDocument/clangd.fileStatus
I[11:25:42.129] <-- textDocument/inlayHint(807)
I[11:25:42.129] Failed to find compilation database for /home/david/Documentos/prueba_OS/RepasoExamen/311.c
I[11:25:42.129] ASTWorker building file /home/david/Documentos/prueba_OS/RepasoExamen/311.c version 179 with command clangd fallback
[/home/david/Documentos/prueba_OS/RepasoExamen]
/usr/bin/clang -resource-dir=/home/david/.vscode-oss/extensions/kylinideteam.kylin-clangd-0.4.0-linux-x64/res/clangd/lib/clang/21 -- /home/david/Documentos/prueba_OS/RepasoExamen/311.c
I[11:25:42.130] --> textDocument/clangd.fileStatus
I[11:25:42.134] --> textDocument/publishDiagnostics
I[11:25:42.134] --> textDocument/inactiveRegions
I[11:25:42.134] --> reply:textDocument/inlayHint(807) 5 ms
I[11:25:42.134] --> textDocument/clangd.fileStatus
I[11:25:42.224] <-- textDocument/signatureHelp(808)
I[11:25:42.227] --> reply:textDocument/signatureHelp(808) 3 ms
I[11:25:42.304] <-- textDocument/foldingRange(809)
I[11:25:42.304] --> reply:textDocument/foldingRange(809) 0 ms
I[11:25:42.386] <-- textDocument/codeAction(810)
I[11:25:42.386] --> reply:textDocument/codeAction(810) 0 ms
I[11:25:42.386] --> textDocument/clangd.fileStatus
I[11:25:42.454] <-- textDocument/documentSymbol(811)
I[11:25:42.454] <-- textDocument/documentSymbol(812)
I[11:25:42.454] --> reply:textDocument/documentSymbol(811) 0 ms
I[11:25:42.454] --> reply:textDocument/documentSymbol(812) 0 ms
I[11:25:42.454] --> textDocument/clangd.fileStatus
I[11:25:42.610] <-- textDocument/didChange
I[11:25:42.610] --> textDocument/clangd.fileStatus
I[11:25:42.636] <-- textDocument/inlayHint(813)
I[11:25:42.636] Failed to find compilation database for /home/david/Documentos/prueba_OS/RepasoExamen/311.c
I[11:25:42.636] ASTWorker building file /home/david/Documentos/prueba_OS/RepasoExamen/311.c version 180 with command clangd fallback
[/home/david/Documentos/prueba_OS/RepasoExamen]
/usr/bin/clang -resource-dir=/home/david/.vscode-oss/extensions/kylinideteam.kylin-clangd-0.4.0-linux-x64/res/clangd/lib/clang/21 -- /home/david/Documentos/prueba_OS/RepasoExamen/311.c
I[11:25:42.637] --> textDocument/clangd.fileStatus
I[11:25:42.641] --> textDocument/publishDiagnostics
I[11:25:42.641] --> textDocument/inactiveRegions
I[11:25:42.641] --> reply:textDocument/inlayHint(813) 5 ms
I[11:25:42.641] --> textDocument/clangd.fileStatus
I[11:25:42.731] <-- textDocument/signatureHelp(814)
I[11:25:42.734] --> reply:textDocument/signatureHelp(814) 3 ms
I[11:25:42.811] <-- textDocument/foldingRange(815)
I[11:25:42.811] --> reply:textDocument/foldingRange(815) 0 ms
I[11:25:42.895] <-- textDocument/codeAction(816)
I[11:25:42.895] --> reply:textDocument/codeAction(816) 0 ms
I[11:25:42.895] --> textDocument/clangd.fileStatus
I[11:25:42.961] <-- textDocument/documentSymbol(817)
I[11:25:42.961] <-- textDocument/documentSymbol(818)
I[11:25:42.961] --> reply:textDocument/documentSymbol(817) 0 ms
I[11:25:42.961] --> reply:textDocument/documentSymbol(818) 0 ms
I[11:25:42.961] --> textDocument/clangd.fileStatus
I[11:25:43.411] <-- textDocument/inlayHint(819)
I[11:25:43.411] --> reply:textDocument/inlayHint(819) 0 ms
I[11:25:43.411] --> textDocument/clangd.fileStatus
I[11:25:43.611] <-- textDocument/documentLink(820)
I[11:25:43.611] --> reply:textDocument/documentLink(820) 0 ms
I[11:25:43.611] --> textDocument/clangd.fileStatus
I[11:25:44.036] <-- textDocument/didChange
I[11:25:44.036] --> textDocument/clangd.fileStatus
I[11:25:44.061] <-- textDocument/inlayHint(821)
I[11:25:44.061] Failed to find compilation database for /home/david/Documentos/prueba_OS/RepasoExamen/311.c
I[11:25:44.062] ASTWorker building file /home/david/Documentos/prueba_OS/RepasoExamen/311.c version 181 with command clangd fallback
[/home/david/Documentos/prueba_OS/RepasoExamen]
/usr/bin/clang -resource-dir=/home/david/.vscode-oss/extensions/kylinideteam.kylin-clangd-0.4.0-linux-x64/res/clangd/lib/clang/21 -- /home/david/Documentos/prueba_OS/RepasoExamen/311.c
I[11:25:44.062] --> textDocument/clangd.fileStatus
I[11:25:44.066] --> textDocument/publishDiagnostics
I[11:25:44.066] --> textDocument/inactiveRegions
I[11:25:44.066] --> reply:textDocument/inlayHint(821) 4 ms
I[11:25:44.066] --> textDocument/clangd.fileStatus
I[11:25:44.157] <-- textDocument/signatureHelp(822)
I[11:25:44.160] --> reply:textDocument/signatureHelp(822) 3 ms
I[11:25:44.236] <-- textDocument/foldingRange(823)
I[11:25:44.237] --> reply:textDocument/foldingRange(823) 0 ms
I[11:25:44.318] <-- textDocument/codeAction(824)
I[11:25:44.319] --> reply:textDocument/codeAction(824) 0 ms
I[11:25:44.319] --> textDocument/clangd.fileStatus
I[11:25:44.387] <-- textDocument/documentSymbol(825)
I[11:25:44.387] <-- textDocument/documentSymbol(826)
I[11:25:44.387] --> reply:textDocument/documentSymbol(825) 0 ms
I[11:25:44.387] --> reply:textDocument/documentSymbol(826) 0 ms
I[11:25:44.387] --> textDocument/clangd.fileStatus
I[11:25:44.670] <-- textDocument/didChange
I[11:25:44.670] --> textDocument/clangd.fileStatus
I[11:25:44.696] <-- textDocument/inlayHint(827)
I[11:25:44.696] Failed to find compilation database for /home/david/Documentos/prueba_OS/RepasoExamen/311.c
I[11:25:44.696] ASTWorker building file /home/david/Documentos/prueba_OS/RepasoExamen/311.c version 182 with command clangd fallback
[/home/david/Documentos/prueba_OS/RepasoExamen]
/usr/bin/clang -resource-dir=/home/david/.vscode-oss/extensions/kylinideteam.kylin-clangd-0.4.0-linux-x64/res/clangd/lib/clang/21 -- /home/david/Documentos/prueba_OS/RepasoExamen/311.c
I[11:25:44.697] --> textDocument/clangd.fileStatus
I[11:25:44.700] --> textDocument/publishDiagnostics
I[11:25:44.700] --> textDocument/inactiveRegions
I[11:25:44.700] --> reply:textDocument/inlayHint(827) 4 ms
I[11:25:44.700] --> textDocument/clangd.fileStatus
I[11:25:44.791] <-- textDocument/signatureHelp(828)
I[11:25:44.794] --> reply:textDocument/signatureHelp(828) 3 ms
I[11:25:44.871] <-- textDocument/foldingRange(829)
I[11:25:44.871] --> reply:textDocument/foldingRange(829) 0 ms
I[11:25:44.953] <-- textDocument/codeAction(830)
I[11:25:44.953] --> reply:textDocument/codeAction(830) 0 ms
I[11:25:44.953] --> textDocument/clangd.fileStatus
I[11:25:45.021] <-- textDocument/documentSymbol(831)
I[11:25:45.021] <-- textDocument/documentSymbol(832)
I[11:25:45.021] --> reply:textDocument/documentSymbol(831) 0 ms
I[11:25:45.021] --> reply:textDocument/documentSymbol(832) 0 ms
I[11:25:45.021] --> textDocument/clangd.fileStatus
I[11:25:45.428] <-- textDocument/didChange
I[11:25:45.428] --> textDocument/clangd.fileStatus
I[11:25:45.453] <-- textDocument/inlayHint(833)
I[11:25:45.453] Failed to find compilation database for /home/david/Documentos/prueba_OS/RepasoExamen/311.c
I[11:25:45.454] ASTWorker building file /home/david/Documentos/prueba_OS/RepasoExamen/311.c version 183 with command clangd fallback
[/home/david/Documentos/prueba_OS/RepasoExamen]
/usr/bin/clang -resource-dir=/home/david/.vscode-oss/extensions/kylinideteam.kylin-clangd-0.4.0-linux-x64/res/clangd/lib/clang/21 -- /home/david/Documentos/prueba_OS/RepasoExamen/311.c
I[11:25:45.454] --> textDocument/clangd.fileStatus
I[11:25:45.459] --> textDocument/publishDiagnostics
I[11:25:45.459] --> textDocument/inactiveRegions
I[11:25:45.459] --> reply:textDocument/inlayHint(833) 5 ms
I[11:25:45.459] --> textDocument/clangd.fileStatus
I[11:25:45.549] <-- textDocument/signatureHelp(834)
I[11:25:45.551] --> reply:textDocument/signatureHelp(834) 2 ms
I[11:25:45.628] <-- textDocument/foldingRange(835)
I[11:25:45.629] --> reply:textDocument/foldingRange(835) 0 ms
I[11:25:45.693] <-- textDocument/didChange
I[11:25:45.693] --> textDocument/clangd.fileStatus
I[11:25:45.719] <-- textDocument/inlayHint(836)
I[11:25:45.719] Failed to find compilation database for /home/david/Documentos/prueba_OS/RepasoExamen/311.c
I[11:25:45.719] ASTWorker building file /home/david/Documentos/prueba_OS/RepasoExamen/311.c version 184 with command clangd fallback
[/home/david/Documentos/prueba_OS/RepasoExamen]
/usr/bin/clang -resource-dir=/home/david/.vscode-oss/extensions/kylinideteam.kylin-clangd-0.4.0-linux-x64/res/clangd/lib/clang/21 -- /home/david/Documentos/prueba_OS/RepasoExamen/311.c
I[11:25:45.719] --> textDocument/clangd.fileStatus
I[11:25:45.723] --> textDocument/publishDiagnostics
I[11:25:45.723] --> textDocument/inactiveRegions
I[11:25:45.723] --> reply:textDocument/inlayHint(836) 4 ms
I[11:25:45.723] --> textDocument/clangd.fileStatus
I[11:25:45.814] <-- textDocument/signatureHelp(837)
I[11:25:45.817] --> reply:textDocument/signatureHelp(837) 3 ms
I[11:25:45.894] <-- textDocument/foldingRange(838)
I[11:25:45.894] --> reply:textDocument/foldingRange(838) 0 ms
I[11:25:45.976] <-- textDocument/codeAction(839)
I[11:25:45.976] --> reply:textDocument/codeAction(839) 0 ms
I[11:25:45.976] --> textDocument/clangd.fileStatus
I[11:25:46.044] <-- textDocument/documentSymbol(840)
I[11:25:46.044] <-- textDocument/documentSymbol(841)
I[11:25:46.044] --> reply:textDocument/documentSymbol(840) 0 ms
I[11:25:46.044] --> reply:textDocument/documentSymbol(841) 0 ms
I[11:25:46.044] --> textDocument/clangd.fileStatus
I[11:25:46.450] <-- textDocument/didChange
I[11:25:46.450] --> textDocument/clangd.fileStatus
I[11:25:46.475] <-- textDocument/inlayHint(842)
I[11:25:46.475] Failed to find compilation database for /home/david/Documentos/prueba_OS/RepasoExamen/311.c
I[11:25:46.476] ASTWorker building file /home/david/Documentos/prueba_OS/RepasoExamen/311.c version 185 with command clangd fallback
[/home/david/Documentos/prueba_OS/RepasoExamen]
/usr/bin/clang -resource-dir=/home/david/.vscode-oss/extensions/kylinideteam.kylin-clangd-0.4.0-linux-x64/res/clangd/lib/clang/21 -- /home/david/Documentos/prueba_OS/RepasoExamen/311.c
I[11:25:46.476] --> textDocument/clangd.fileStatus
I[11:25:46.480] --> textDocument/publishDiagnostics
I[11:25:46.480] --> textDocument/inactiveRegions
I[11:25:46.480] --> reply:textDocument/inlayHint(842) 4 ms
I[11:25:46.480] --> textDocument/clangd.fileStatus
I[11:25:46.570] <-- textDocument/signatureHelp(843)
I[11:25:46.573] --> reply:textDocument/signatureHelp(843) 2 ms
I[11:25:46.650] <-- textDocument/foldingRange(844)
I[11:25:46.651] --> reply:textDocument/foldingRange(844) 0 ms
I[11:25:46.733] <-- textDocument/codeAction(845)
I[11:25:46.733] --> reply:textDocument/codeAction(845) 0 ms
I[11:25:46.733] --> textDocument/clangd.fileStatus
I[11:25:46.800] <-- textDocument/documentSymbol(846)
I[11:25:46.800] <-- textDocument/documentSymbol(847)
I[11:25:46.800] --> reply:textDocument/documentSymbol(846) 0 ms
I[11:25:46.800] --> reply:textDocument/documentSymbol(847) 0 ms
I[11:25:46.800] --> textDocument/clangd.fileStatus
I[11:25:46.840] <-- textDocument/didChange
I[11:25:46.840] --> textDocument/clangd.fileStatus
I[11:25:46.866] <-- textDocument/inlayHint(848)
I[11:25:46.866] Failed to find compilation database for /home/david/Documentos/prueba_OS/RepasoExamen/311.c
I[11:25:46.866] ASTWorker building file /home/david/Documentos/prueba_OS/RepasoExamen/311.c version 186 with command clangd fallback
[/home/david/Documentos/prueba_OS/RepasoExamen]
/usr/bin/clang -resource-dir=/home/david/.vscode-oss/extensions/kylinideteam.kylin-clangd-0.4.0-linux-x64/res/clangd/lib/clang/21 -- /home/david/Documentos/prueba_OS/RepasoExamen/311.c
I[11:25:46.867] --> textDocument/clangd.fileStatus
I[11:25:46.870] --> textDocument/publishDiagnostics
I[11:25:46.870] --> textDocument/inactiveRegions
I[11:25:46.870] --> reply:textDocument/inlayHint(848) 4 ms
I[11:25:46.870] --> textDocument/clangd.fileStatus
I[11:25:46.961] <-- textDocument/signatureHelp(849)
I[11:25:46.964] --> reply:textDocument/signatureHelp(849) 3 ms
I[11:25:47.041] <-- textDocument/foldingRange(850)
I[11:25:47.041] --> reply:textDocument/foldingRange(850) 0 ms
I[11:25:47.123] <-- textDocument/codeAction(851)
I[11:25:47.123] --> reply:textDocument/codeAction(851) 0 ms
I[11:25:47.123] --> textDocument/clangd.fileStatus
I[11:25:47.191] <-- textDocument/documentSymbol(852)
I[11:25:47.191] <-- textDocument/documentSymbol(853)
I[11:25:47.191] --> reply:textDocument/documentSymbol(852) 0 ms
I[11:25:47.191] --> reply:textDocument/documentSymbol(853) 0 ms
I[11:25:47.191] --> textDocument/clangd.fileStatus
I[11:25:47.245] <-- textDocument/didChange
I[11:25:47.245] --> textDocument/clangd.fileStatus
I[11:25:47.271] <-- textDocument/inlayHint(854)
I[11:25:47.271] Failed to find compilation database for /home/david/Documentos/prueba_OS/RepasoExamen/311.c
I[11:25:47.271] ASTWorker building file /home/david/Documentos/prueba_OS/RepasoExamen/311.c version 187 with command clangd fallback
[/home/david/Documentos/prueba_OS/RepasoExamen]
/usr/bin/clang -resource-dir=/home/david/.vscode-oss/extensions/kylinideteam.kylin-clangd-0.4.0-linux-x64/res/clangd/lib/clang/21 -- /home/david/Documentos/prueba_OS/RepasoExamen/311.c
I[11:25:47.272] --> textDocument/clangd.fileStatus
I[11:25:47.275] --> textDocument/publishDiagnostics
I[11:25:47.275] --> textDocument/inactiveRegions
I[11:25:47.275] --> reply:textDocument/inlayHint(854) 4 ms
I[11:25:47.275] --> textDocument/clangd.fileStatus
I[11:25:47.366] <-- textDocument/signatureHelp(855)
I[11:25:47.369] <-- textDocument/didChange
I[11:25:47.369] --> textDocument/clangd.fileStatus
I[11:25:47.370] --> reply:textDocument/signatureHelp(855) 3 ms
I[11:25:47.394] <-- textDocument/inlayHint(856)
I[11:25:47.395] Failed to find compilation database for /home/david/Documentos/prueba_OS/RepasoExamen/311.c
I[11:25:47.395] ASTWorker building file /home/david/Documentos/prueba_OS/RepasoExamen/311.c version 188 with command clangd fallback
[/home/david/Documentos/prueba_OS/RepasoExamen]
/usr/bin/clang -resource-dir=/home/david/.vscode-oss/extensions/kylinideteam.kylin-clangd-0.4.0-linux-x64/res/clangd/lib/clang/21 -- /home/david/Documentos/prueba_OS/RepasoExamen/311.c
I[11:25:47.395] --> textDocument/clangd.fileStatus
I[11:25:47.399] --> textDocument/publishDiagnostics
I[11:25:47.399] --> textDocument/inactiveRegions
I[11:25:47.399] --> reply:textDocument/inlayHint(856) 4 ms
I[11:25:47.399] --> textDocument/clangd.fileStatus
I[11:25:47.490] <-- textDocument/signatureHelp(857)
I[11:25:47.493] --> reply:textDocument/signatureHelp(857) 2 ms
I[11:25:47.569] <-- textDocument/foldingRange(858)
I[11:25:47.570] --> reply:textDocument/foldingRange(858) 0 ms
I[11:25:47.651] <-- textDocument/codeAction(859)
I[11:25:47.651] --> reply:textDocument/codeAction(859) 0 ms
I[11:25:47.651] --> textDocument/clangd.fileStatus
I[11:25:47.720] <-- textDocument/documentSymbol(860)
I[11:25:47.720] <-- textDocument/documentSymbol(861)
I[11:25:47.720] --> reply:textDocument/documentSymbol(860) 0 ms
I[11:25:47.720] --> reply:textDocument/documentSymbol(861) 0 ms
I[11:25:47.720] --> textDocument/clangd.fileStatus
I[11:25:47.726] <-- textDocument/didChange
I[11:25:47.726] --> textDocument/clangd.fileStatus
I[11:25:47.752] <-- textDocument/inlayHint(862)
I[11:25:47.752] Failed to find compilation database for /home/david/Documentos/prueba_OS/RepasoExamen/311.c
I[11:25:47.752] ASTWorker building file /home/david/Documentos/prueba_OS/RepasoExamen/311.c version 189 with command clangd fallback
[/home/david/Documentos/prueba_OS/RepasoExamen]
/usr/bin/clang -resource-dir=/home/david/.vscode-oss/extensions/kylinideteam.kylin-clangd-0.4.0-linux-x64/res/clangd/lib/clang/21 -- /home/david/Documentos/prueba_OS/RepasoExamen/311.c
I[11:25:47.752] --> textDocument/clangd.fileStatus
I[11:25:47.755] --> textDocument/publishDiagnostics
I[11:25:47.755] --> textDocument/inactiveRegions
I[11:25:47.756] --> reply:textDocument/inlayHint(862) 4 ms
I[11:25:47.756] --> textDocument/clangd.fileStatus
I[11:25:47.847] <-- textDocument/signatureHelp(863)
I[11:25:47.850] --> reply:textDocument/signatureHelp(863) 3 ms
I[11:25:47.863] <-- textDocument/didChange
I[11:25:47.863] --> textDocument/clangd.fileStatus
I[11:25:47.888] <-- textDocument/inlayHint(864)
I[11:25:47.888] Failed to find compilation database for /home/david/Documentos/prueba_OS/RepasoExamen/311.c
I[11:25:47.889] ASTWorker building file /home/david/Documentos/prueba_OS/RepasoExamen/311.c version 190 with command clangd fallback
[/home/david/Documentos/prueba_OS/RepasoExamen]
/usr/bin/clang -resource-dir=/home/david/.vscode-oss/extensions/kylinideteam.kylin-clangd-0.4.0-linux-x64/res/clangd/lib/clang/21 -- /home/david/Documentos/prueba_OS/RepasoExamen/311.c
I[11:25:47.889] --> textDocument/clangd.fileStatus
I[11:25:47.893] --> textDocument/publishDiagnostics
I[11:25:47.893] --> textDocument/inactiveRegions
I[11:25:47.893] --> reply:textDocument/inlayHint(864) 4 ms
I[11:25:47.893] --> textDocument/clangd.fileStatus
I[11:25:47.983] <-- textDocument/signatureHelp(865)
I[11:25:47.987] --> reply:textDocument/signatureHelp(865) 3 ms
I[11:25:48.063] <-- textDocument/foldingRange(866)
I[11:25:48.063] --> reply:textDocument/foldingRange(866) 0 ms
I[11:25:48.145] <-- textDocument/codeAction(867)
I[11:25:48.146] --> reply:textDocument/codeAction(867) 0 ms
I[11:25:48.146] --> textDocument/clangd.fileStatus
I[11:25:48.213] <-- textDocument/documentSymbol(868)
I[11:25:48.213] <-- textDocument/documentSymbol(869)
I[11:25:48.214] --> reply:textDocument/documentSymbol(868) 0 ms
I[11:25:48.214] --> reply:textDocument/documentSymbol(869) 0 ms
I[11:25:48.214] --> textDocument/clangd.fileStatus
I[11:25:48.663] <-- textDocument/inlayHint(870)
I[11:25:48.664] --> reply:textDocument/inlayHint(870) 0 ms
I[11:25:48.664] --> textDocument/clangd.fileStatus
I[11:25:48.863] <-- textDocument/documentLink(871)
I[11:25:48.863] --> reply:textDocument/documentLink(871) 0 ms
I[11:25:48.863] --> textDocument/clangd.fileStatus
I[11:25:49.101] <-- textDocument/didChange
I[11:25:49.101] --> textDocument/clangd.fileStatus
I[11:25:49.127] <-- textDocument/inlayHint(872)
I[11:25:49.127] Failed to find compilation database for /home/david/Documentos/prueba_OS/RepasoExamen/311.c
I[11:25:49.127] ASTWorker building file /home/david/Documentos/prueba_OS/RepasoExamen/311.c version 191 with command clangd fallback
[/home/david/Documentos/prueba_OS/RepasoExamen]
/usr/bin/clang -resource-dir=/home/david/.vscode-oss/extensions/kylinideteam.kylin-clangd-0.4.0-linux-x64/res/clangd/lib/clang/21 -- /home/david/Documentos/prueba_OS/RepasoExamen/311.c
I[11:25:49.128] --> textDocument/clangd.fileStatus
I[11:25:49.131] --> textDocument/publishDiagnostics
I[11:25:49.131] --> textDocument/inactiveRegions
I[11:25:49.131] --> reply:textDocument/inlayHint(872) 4 ms
I[11:25:49.131] --> textDocument/clangd.fileStatus
I[11:25:49.222] <-- textDocument/signatureHelp(873)
I[11:25:49.224] --> reply:textDocument/signatureHelp(873) 2 ms
I[11:25:49.301] <-- textDocument/foldingRange(874)
I[11:25:49.302] --> reply:textDocument/foldingRange(874) 0 ms
I[11:25:49.383] <-- textDocument/codeAction(875)
I[11:25:49.383] --> reply:textDocument/codeAction(875) 0 ms
I[11:25:49.383] --> textDocument/clangd.fileStatus
I[11:25:49.452] <-- textDocument/documentSymbol(876)
I[11:25:49.452] <-- textDocument/documentSymbol(877)
I[11:25:49.452] --> reply:textDocument/documentSymbol(876) 0 ms
I[11:25:49.452] --> reply:textDocument/documentSymbol(877) 0 ms
I[11:25:49.452] --> textDocument/clangd.fileStatus
I[11:25:49.902] <-- textDocument/inlayHint(878)
I[11:25:49.902] --> reply:textDocument/inlayHint(878) 0 ms
I[11:25:49.902] --> textDocument/clangd.fileStatus
I[11:25:50.102] <-- textDocument/documentLink(879)
I[11:25:50.102] --> reply:textDocument/documentLink(879) 0 ms
I[11:25:50.102] --> textDocument/clangd.fileStatus
I[11:25:50.632] <-- textDocument/didChange
I[11:25:50.632] --> textDocument/clangd.fileStatus
I[11:25:50.658] <-- textDocument/inlayHint(880)
I[11:25:50.658] Failed to find compilation database for /home/david/Documentos/prueba_OS/RepasoExamen/311.c
I[11:25:50.659] ASTWorker building file /home/david/Documentos/prueba_OS/RepasoExamen/311.c version 192 with command clangd fallback
[/home/david/Documentos/prueba_OS/RepasoExamen]
/usr/bin/clang -resource-dir=/home/david/.vscode-oss/extensions/kylinideteam.kylin-clangd-0.4.0-linux-x64/res/clangd/lib/clang/21 -- /home/david/Documentos/prueba_OS/RepasoExamen/311.c
I[11:25:50.659] --> textDocument/clangd.fileStatus
I[11:25:50.663] --> textDocument/publishDiagnostics
I[11:25:50.663] --> textDocument/inactiveRegions
I[11:25:50.663] --> reply:textDocument/inlayHint(880) 4 ms
I[11:25:50.663] --> textDocument/clangd.fileStatus
I[11:25:50.753] <-- textDocument/signatureHelp(881)
I[11:25:50.756] --> reply:textDocument/signatureHelp(881) 2 ms
I[11:25:50.833] <-- textDocument/foldingRange(882)
I[11:25:50.833] --> reply:textDocument/foldingRange(882) 0 ms
I[11:25:50.915] <-- textDocument/codeAction(883)
I[11:25:50.915] --> reply:textDocument/codeAction(883) 0 ms
I[11:25:50.915] --> textDocument/clangd.fileStatus
I[11:25:50.983] <-- textDocument/documentSymbol(884)
I[11:25:50.983] <-- textDocument/documentSymbol(885)
I[11:25:50.983] --> reply:textDocument/documentSymbol(884) 0 ms
I[11:25:50.983] --> reply:textDocument/documentSymbol(885) 0 ms
I[11:25:50.983] --> textDocument/clangd.fileStatus
I[11:25:51.433] <-- textDocument/inlayHint(886)
I[11:25:51.433] --> reply:textDocument/inlayHint(886) 0 ms
I[11:25:51.433] --> textDocument/clangd.fileStatus
I[11:25:51.603] <-- textDocument/didChange
I[11:25:51.603] --> textDocument/clangd.fileStatus
I[11:25:51.628] <-- textDocument/inlayHint(887)
I[11:25:51.628] Failed to find compilation database for /home/david/Documentos/prueba_OS/RepasoExamen/311.c
I[11:25:51.629] ASTWorker building file /home/david/Documentos/prueba_OS/RepasoExamen/311.c version 193 with command clangd fallback
[/home/david/Documentos/prueba_OS/RepasoExamen]
/usr/bin/clang -resource-dir=/home/david/.vscode-oss/extensions/kylinideteam.kylin-clangd-0.4.0-linux-x64/res/clangd/lib/clang/21 -- /home/david/Documentos/prueba_OS/RepasoExamen/311.c
I[11:25:51.629] --> textDocument/clangd.fileStatus
I[11:25:51.635] --> textDocument/publishDiagnostics
I[11:25:51.635] --> textDocument/inactiveRegions
I[11:25:51.635] --> reply:textDocument/inlayHint(887) 6 ms
I[11:25:51.635] --> textDocument/clangd.fileStatus
I[11:25:51.724] <-- textDocument/signatureHelp(888)
I[11:25:51.727] --> reply:textDocument/signatureHelp(888) 3 ms
I[11:25:51.804] <-- textDocument/foldingRange(889)
I[11:25:51.804] --> reply:textDocument/foldingRange(889) 0 ms
I[11:25:51.890] <-- textDocument/codeAction(890)
I[11:25:51.890] --> reply:textDocument/codeAction(890) 0 ms
I[11:25:51.890] --> textDocument/clangd.fileStatus
I[11:25:51.954] <-- textDocument/documentSymbol(891)
I[11:25:51.954] <-- textDocument/documentSymbol(892)
I[11:25:51.954] --> reply:textDocument/documentSymbol(891) 0 ms
I[11:25:51.954] --> reply:textDocument/documentSymbol(892) 0 ms
I[11:25:51.954] --> textDocument/clangd.fileStatus
I[11:25:52.404] <-- textDocument/inlayHint(893)
I[11:25:52.404] --> reply:textDocument/inlayHint(893) 0 ms
I[11:25:52.404] --> textDocument/clangd.fileStatus
I[11:25:52.604] <-- textDocument/documentLink(894)
I[11:25:52.604] --> reply:textDocument/documentLink(894) 0 ms
I[11:25:52.604] --> textDocument/clangd.fileStatus
I[11:25:53.210] <-- textDocument/didChange
I[11:25:53.211] --> textDocument/clangd.fileStatus
I[11:25:53.236] <-- textDocument/inlayHint(895)
I[11:25:53.236] Failed to find compilation database for /home/david/Documentos/prueba_OS/RepasoExamen/311.c
I[11:25:53.237] ASTWorker building file /home/david/Documentos/prueba_OS/RepasoExamen/311.c version 194 with command clangd fallback
[/home/david/Documentos/prueba_OS/RepasoExamen]
/usr/bin/clang -resource-dir=/home/david/.vscode-oss/extensions/kylinideteam.kylin-clangd-0.4.0-linux-x64/res/clangd/lib/clang/21 -- /home/david/Documentos/prueba_OS/RepasoExamen/311.c
I[11:25:53.237] --> textDocument/clangd.fileStatus
I[11:25:53.242] --> textDocument/publishDiagnostics
I[11:25:53.242] --> textDocument/inactiveRegions
I[11:25:53.242] --> reply:textDocument/inlayHint(895) 6 ms
I[11:25:53.242] --> textDocument/clangd.fileStatus
I[11:25:53.331] <-- textDocument/signatureHelp(896)
I[11:25:53.334] --> reply:textDocument/signatureHelp(896) 2 ms
I[11:25:53.411] <-- textDocument/foldingRange(897)
I[11:25:53.411] --> reply:textDocument/foldingRange(897) 0 ms
I[11:25:53.495] <-- textDocument/codeAction(898)
I[11:25:53.495] --> reply:textDocument/codeAction(898) 0 ms
I[11:25:53.495] --> textDocument/clangd.fileStatus
I[11:25:53.561] <-- textDocument/documentSymbol(899)
I[11:25:53.561] <-- textDocument/documentSymbol(900)
I[11:25:53.561] --> reply:textDocument/documentSymbol(899) 0 ms
I[11:25:53.561] --> reply:textDocument/documentSymbol(900) 0 ms
I[11:25:53.561] --> textDocument/clangd.fileStatus
I[11:25:53.639] <-- textDocument/didChange
I[11:25:53.639] --> textDocument/clangd.fileStatus
I[11:25:53.664] <-- textDocument/inlayHint(901)
I[11:25:53.664] Failed to find compilation database for /home/david/Documentos/prueba_OS/RepasoExamen/311.c
I[11:25:53.665] ASTWorker building file /home/david/Documentos/prueba_OS/RepasoExamen/311.c version 195 with command clangd fallback
[/home/david/Documentos/prueba_OS/RepasoExamen]
/usr/bin/clang -resource-dir=/home/david/.vscode-oss/extensions/kylinideteam.kylin-clangd-0.4.0-linux-x64/res/clangd/lib/clang/21 -- /home/david/Documentos/prueba_OS/RepasoExamen/311.c
I[11:25:53.665] --> textDocument/clangd.fileStatus
I[11:25:53.669] --> textDocument/publishDiagnostics
I[11:25:53.670] --> textDocument/inactiveRegions
I[11:25:53.670] --> reply:textDocument/inlayHint(901) 5 ms
I[11:25:53.670] --> textDocument/clangd.fileStatus
I[11:25:53.759] <-- textDocument/signatureHelp(902)
I[11:25:53.762] --> reply:textDocument/signatureHelp(902) 3 ms
I[11:25:53.839] <-- textDocument/foldingRange(903)
I[11:25:53.840] --> reply:textDocument/foldingRange(903) 0 ms
I[11:25:53.922] <-- textDocument/codeAction(904)
I[11:25:53.922] --> reply:textDocument/codeAction(904) 0 ms
I[11:25:53.922] --> textDocument/clangd.fileStatus
I[11:25:53.990] <-- textDocument/documentSymbol(905)
I[11:25:53.990] <-- textDocument/documentSymbol(906)
I[11:25:53.990] --> reply:textDocument/documentSymbol(905) 0 ms
I[11:25:53.990] --> reply:textDocument/documentSymbol(906) 0 ms
I[11:25:53.990] --> textDocument/clangd.fileStatus
I[11:25:54.440] <-- textDocument/inlayHint(907)
I[11:25:54.440] --> reply:textDocument/inlayHint(907) 0 ms
I[11:25:54.440] --> textDocument/clangd.fileStatus
I[11:25:54.446] <-- textDocument/signatureHelp(908)
I[11:25:54.449] --> reply:textDocument/signatureHelp(908) 3 ms
I[11:25:54.576] <-- textDocument/codeAction(909)
I[11:25:54.576] --> reply:textDocument/codeAction(909) 0 ms
I[11:25:54.576] --> textDocument/clangd.fileStatus
I[11:25:54.639] <-- textDocument/documentLink(910)
I[11:25:54.639] --> reply:textDocument/documentLink(910) 0 ms
I[11:25:54.639] --> textDocument/clangd.fileStatus
I[11:25:55.225] <-- textDocument/didChange
I[11:25:55.225] --> textDocument/clangd.fileStatus
I[11:25:55.251] <-- textDocument/inlayHint(911)
I[11:25:55.251] Failed to find compilation database for /home/david/Documentos/prueba_OS/RepasoExamen/311.c
I[11:25:55.251] ASTWorker building file /home/david/Documentos/prueba_OS/RepasoExamen/311.c version 196 with command clangd fallback
[/home/david/Documentos/prueba_OS/RepasoExamen]
/usr/bin/clang -resource-dir=/home/david/.vscode-oss/extensions/kylinideteam.kylin-clangd-0.4.0-linux-x64/res/clangd/lib/clang/21 -- /home/david/Documentos/prueba_OS/RepasoExamen/311.c
I[11:25:55.252] --> textDocument/clangd.fileStatus
I[11:25:55.256] --> textDocument/publishDiagnostics
I[11:25:55.256] --> textDocument/inactiveRegions
I[11:25:55.256] --> reply:textDocument/inlayHint(911) 5 ms
I[11:25:55.256] --> textDocument/clangd.fileStatus
I[11:25:55.346] <-- textDocument/signatureHelp(912)
I[11:25:55.350] --> reply:textDocument/signatureHelp(912) 3 ms
I[11:25:55.426] <-- textDocument/foldingRange(913)
I[11:25:55.426] --> reply:textDocument/foldingRange(913) 0 ms
I[11:25:55.509] <-- textDocument/codeAction(914)
I[11:25:55.509] --> reply:textDocument/codeAction(914) 0 ms
I[11:25:55.509] --> textDocument/clangd.fileStatus
I[11:25:55.576] <-- textDocument/documentSymbol(915)
I[11:25:55.576] <-- textDocument/documentSymbol(916)
I[11:25:55.576] --> reply:textDocument/documentSymbol(915) 0 ms
I[11:25:55.576] --> reply:textDocument/documentSymbol(916) 0 ms
I[11:25:55.576] --> textDocument/clangd.fileStatus
I[11:25:56.026] <-- textDocument/inlayHint(917)
I[11:25:56.026] --> reply:textDocument/inlayHint(917) 0 ms
I[11:25:56.026] --> textDocument/clangd.fileStatus
I[11:25:56.226] <-- textDocument/documentLink(918)
I[11:25:56.226] --> reply:textDocument/documentLink(918) 0 ms
I[11:25:56.226] --> textDocument/clangd.fileStatus
I[11:25:56.429] <-- textDocument/didChange
I[11:25:56.429] --> textDocument/clangd.fileStatus
I[11:25:56.440] <-- textDocument/completion(919)
I[11:25:56.444] Code complete: sema context Expression, query scopes [] (AnyScope=true), expected type <none>
I[11:25:56.444] Code complete: 1 results from Sema, 100 from Index, 0 matched, 0 from identifiers, 100 returned (incomplete).
I[11:25:56.446] --> reply:textDocument/completion(919) 6 ms
I[11:25:56.462] <-- textDocument/inlayHint(920)
I[11:25:56.462] Failed to find compilation database for /home/david/Documentos/prueba_OS/RepasoExamen/311.c
I[11:25:56.462] ASTWorker building file /home/david/Documentos/prueba_OS/RepasoExamen/311.c version 197 with command clangd fallback
[/home/david/Documentos/prueba_OS/RepasoExamen]
/usr/bin/clang -resource-dir=/home/david/.vscode-oss/extensions/kylinideteam.kylin-clangd-0.4.0-linux-x64/res/clangd/lib/clang/21 -- /home/david/Documentos/prueba_OS/RepasoExamen/311.c
I[11:25:56.463] --> textDocument/clangd.fileStatus
I[11:25:56.467] --> textDocument/publishDiagnostics
I[11:25:56.467] --> textDocument/inactiveRegions
I[11:25:56.467] --> reply:textDocument/inlayHint(920) 4 ms
I[11:25:56.467] --> textDocument/clangd.fileStatus
I[11:25:56.550] <-- textDocument/signatureHelp(921)
I[11:25:56.553] --> reply:textDocument/signatureHelp(921) 3 ms
I[11:25:56.630] <-- textDocument/foldingRange(922)
I[11:25:56.630] --> reply:textDocument/foldingRange(922) 0 ms
I[11:25:56.721] <-- textDocument/codeAction(923)
I[11:25:56.721] --> reply:textDocument/codeAction(923) 0 ms
I[11:25:56.721] --> textDocument/clangd.fileStatus
I[11:25:56.780] <-- textDocument/documentSymbol(924)
I[11:25:56.780] --> reply:textDocument/documentSymbol(924) 0 ms
I[11:25:56.780] --> textDocument/clangd.fileStatus
I[11:25:56.780] <-- textDocument/documentSymbol(925)
I[11:25:56.780] --> reply:textDocument/documentSymbol(925) 0 ms
I[11:25:56.780] --> textDocument/clangd.fileStatus
I[11:25:57.230] <-- textDocument/inlayHint(926)
I[11:25:57.230] --> reply:textDocument/inlayHint(926) 0 ms
I[11:25:57.230] --> textDocument/clangd.fileStatus
I[11:25:57.430] <-- textDocument/documentLink(927)
I[11:25:57.430] --> reply:textDocument/documentLink(927) 0 ms
I[11:25:57.430] --> textDocument/clangd.fileStatus
I[11:25:58.022] <-- textDocument/signatureHelp(928)
I[11:25:58.025] --> reply:textDocument/signatureHelp(928) 3 ms
I[11:25:58.151] <-- textDocument/codeAction(929)
I[11:25:58.151] --> reply:textDocument/codeAction(929) 0 ms
I[11:25:58.151] --> textDocument/clangd.fileStatus
I[11:25:58.692] <-- textDocument/didChange
I[11:25:58.692] --> textDocument/clangd.fileStatus
I[11:25:58.717] <-- textDocument/inlayHint(930)
I[11:25:58.717] Failed to find compilation database for /home/david/Documentos/prueba_OS/RepasoExamen/311.c
I[11:25:58.718] ASTWorker building file /home/david/Documentos/prueba_OS/RepasoExamen/311.c version 198 with command clangd fallback
[/home/david/Documentos/prueba_OS/RepasoExamen]
/usr/bin/clang -resource-dir=/home/david/.vscode-oss/extensions/kylinideteam.kylin-clangd-0.4.0-linux-x64/res/clangd/lib/clang/21 -- /home/david/Documentos/prueba_OS/RepasoExamen/311.c
I[11:25:58.718] --> textDocument/clangd.fileStatus
I[11:25:58.721] --> textDocument/publishDiagnostics
I[11:25:58.721] --> textDocument/inactiveRegions
I[11:25:58.722] --> reply:textDocument/inlayHint(930) 4 ms
I[11:25:58.722] --> textDocument/clangd.fileStatus
I[11:25:58.892] <-- textDocument/foldingRange(931)
I[11:25:58.893] --> reply:textDocument/foldingRange(931) 0 ms
I[11:25:58.974] <-- textDocument/codeAction(932)
I[11:25:58.974] --> reply:textDocument/codeAction(932) 0 ms
I[11:25:58.974] --> textDocument/clangd.fileStatus
I[11:25:59.042] <-- textDocument/documentSymbol(933)
I[11:25:59.042] <-- textDocument/documentSymbol(934)
I[11:25:59.042] --> reply:textDocument/documentSymbol(933) 0 ms
I[11:25:59.042] --> reply:textDocument/documentSymbol(934) 0 ms
I[11:25:59.042] --> textDocument/clangd.fileStatus
I[11:25:59.145] <-- textDocument/didSave
I[11:25:59.145] File version went from 1 to 1
I[11:25:59.145] File version went from 198 to 198
I[11:25:59.145] --> textDocument/clangd.fileStatus
I[11:25:59.145] --> textDocument/clangd.fileStatus
I[11:25:59.195] Failed to find compilation database for /home/david/Documentos/prueba_OS/RepasoExamen/311.c
I[11:25:59.195] Failed to find compilation database for /home/david/Documentos/prueba_OS/RepasoExamen/mistat.c
I[11:25:59.195] ASTWorker building file /home/david/Documentos/prueba_OS/RepasoExamen/311.c version 198 with command clangd fallback
[/home/david/Documentos/prueba_OS/RepasoExamen]
/usr/bin/clang -resource-dir=/home/david/.vscode-oss/extensions/kylinideteam.kylin-clangd-0.4.0-linux-x64/res/clangd/lib/clang/21 -- /home/david/Documentos/prueba_OS/RepasoExamen/311.c
I[11:25:59.195] ASTWorker building file /home/david/Documentos/prueba_OS/RepasoExamen/mistat.c version 1 with command clangd fallback
[/home/david/Documentos/prueba_OS/RepasoExamen]
/usr/bin/clang -resource-dir=/home/david/.vscode-oss/extensions/kylinideteam.kylin-clangd-0.4.0-linux-x64/res/clangd/lib/clang/21 -- /home/david/Documentos/prueba_OS/RepasoExamen/mistat.c
I[11:25:59.196] --> textDocument/clangd.fileStatus
I[11:25:59.196] --> textDocument/clangd.fileStatus
I[11:25:59.196] --> textDocument/clangd.fileStatus
I[11:25:59.196] --> textDocument/clangd.fileStatus
I[11:25:59.196] --> textDocument/clangd.fileStatus
I[11:25:59.196] --> textDocument/clangd.fileStatus
I[11:25:59.196] --> textDocument/clangd.fileStatus
I[11:25:59.196] --> textDocument/clangd.fileStatus
I[11:25:59.492] <-- textDocument/inlayHint(935)
I[11:25:59.492] --> reply:textDocument/inlayHint(935) 0 ms
I[11:25:59.493] --> textDocument/clangd.fileStatus
I[11:25:59.692] <-- textDocument/documentLink(936)
I[11:25:59.693] --> reply:textDocument/documentLink(936) 0 ms
I[11:25:59.693] --> textDocument/clangd.fileStatus
I[11:26:01.129] <-- textDocument/documentHighlight(937)
I[11:26:01.129] --> reply:textDocument/documentHighlight(937) 0 ms
I[11:26:01.129] --> textDocument/clangd.fileStatus
I[11:26:01.300] <-- textDocument/documentHighlight(938)
I[11:26:01.301] --> reply:textDocument/documentHighlight(938) 0 ms
I[11:26:01.301] --> textDocument/clangd.fileStatus
I[11:26:01.612] <-- textDocument/documentHighlight(939)
I[11:26:01.612] --> reply:textDocument/documentHighlight(939) 0 ms
I[11:26:01.613] --> textDocument/clangd.fileStatus
I[11:26:01.810] <-- textDocument/documentHighlight(940)
I[11:26:01.810] --> reply:textDocument/documentHighlight(940) 0 ms
I[11:26:01.810] --> textDocument/clangd.fileStatus
I[11:26:02.009] <-- textDocument/codeAction(941)
I[11:26:02.009] --> reply:textDocument/codeAction(941) 0 ms
I[11:26:02.009] --> textDocument/clangd.fileStatus
I[11:26:02.355] <-- textDocument/didChange
I[11:26:02.355] --> textDocument/clangd.fileStatus
I[11:26:02.382] <-- textDocument/inlayHint(942)
I[11:26:02.382] Failed to find compilation database for /home/david/Documentos/prueba_OS/RepasoExamen/311.c
I[11:26:02.382] ASTWorker building file /home/david/Documentos/prueba_OS/RepasoExamen/311.c version 199 with command clangd fallback
[/home/david/Documentos/prueba_OS/RepasoExamen]
/usr/bin/clang -resource-dir=/home/david/.vscode-oss/extensions/kylinideteam.kylin-clangd-0.4.0-linux-x64/res/clangd/lib/clang/21 -- /home/david/Documentos/prueba_OS/RepasoExamen/311.c
I[11:26:02.382] --> textDocument/clangd.fileStatus
I[11:26:02.386] --> textDocument/publishDiagnostics
I[11:26:02.386] --> textDocument/inactiveRegions
I[11:26:02.386] --> reply:textDocument/inlayHint(942) 4 ms
I[11:26:02.386] --> textDocument/clangd.fileStatus
I[11:26:02.556] <-- textDocument/foldingRange(943)
I[11:26:02.557] --> reply:textDocument/foldingRange(943) 0 ms
I[11:26:02.607] <-- textDocument/codeAction(944)
I[11:26:02.607] --> reply:textDocument/codeAction(944) 0 ms
I[11:26:02.607] --> textDocument/clangd.fileStatus
I[11:26:02.707] <-- textDocument/documentSymbol(945)
I[11:26:02.707] <-- textDocument/documentSymbol(946)
I[11:26:02.707] --> reply:textDocument/documentSymbol(945) 0 ms
I[11:26:02.707] --> reply:textDocument/documentSymbol(946) 0 ms
I[11:26:02.707] --> textDocument/clangd.fileStatus
I[11:26:03.157] <-- textDocument/inlayHint(947)
I[11:26:03.157] --> reply:textDocument/inlayHint(947) 0 ms
I[11:26:03.157] --> textDocument/clangd.fileStatus
I[11:26:03.356] <-- textDocument/documentLink(948)
I[11:26:03.356] --> reply:textDocument/documentLink(948) 0 ms
I[11:26:03.356] --> textDocument/clangd.fileStatus
I[11:26:04.147] <-- textDocument/didChange
I[11:26:04.147] --> textDocument/clangd.fileStatus
I[11:26:04.173] <-- textDocument/inlayHint(949)
I[11:26:04.173] Failed to find compilation database for /home/david/Documentos/prueba_OS/RepasoExamen/311.c
I[11:26:04.173] ASTWorker building file /home/david/Documentos/prueba_OS/RepasoExamen/311.c version 200 with command clangd fallback
[/home/david/Documentos/prueba_OS/RepasoExamen]
/usr/bin/clang -resource-dir=/home/david/.vscode-oss/extensions/kylinideteam.kylin-clangd-0.4.0-linux-x64/res/clangd/lib/clang/21 -- /home/david/Documentos/prueba_OS/RepasoExamen/311.c
I[11:26:04.174] --> textDocument/clangd.fileStatus
I[11:26:04.177] --> textDocument/publishDiagnostics
I[11:26:04.177] --> textDocument/inactiveRegions
I[11:26:04.177] --> reply:textDocument/inlayHint(949) 4 ms
I[11:26:04.177] --> textDocument/clangd.fileStatus
I[11:26:04.348] <-- textDocument/foldingRange(950)
I[11:26:04.348] --> reply:textDocument/foldingRange(950) 0 ms
I[11:26:04.398] <-- textDocument/codeAction(951)
I[11:26:04.399] --> reply:textDocument/codeAction(951) 0 ms
I[11:26:04.399] --> textDocument/clangd.fileStatus
I[11:26:04.498] <-- textDocument/documentSymbol(952)
I[11:26:04.498] <-- textDocument/documentSymbol(953)
I[11:26:04.498] --> reply:textDocument/documentSymbol(952) 0 ms
I[11:26:04.498] --> reply:textDocument/documentSymbol(953) 0 ms
I[11:26:04.498] --> textDocument/clangd.fileStatus
I[11:26:04.949] <-- textDocument/inlayHint(954)
I[11:26:04.949] --> reply:textDocument/inlayHint(954) 0 ms
I[11:26:04.949] --> textDocument/clangd.fileStatus
I[11:26:05.097] <-- textDocument/documentHighlight(955)
I[11:26:05.097] --> reply:textDocument/documentHighlight(955) 0 ms
I[11:26:05.097] --> textDocument/clangd.fileStatus
I[11:26:05.148] <-- textDocument/documentLink(956)
I[11:26:05.148] --> reply:textDocument/documentLink(956) 0 ms
I[11:26:05.148] --> textDocument/clangd.fileStatus
I[11:26:05.297] <-- textDocument/codeAction(957)
I[11:26:05.297] --> reply:textDocument/codeAction(957) 0 ms
I[11:26:05.298] --> textDocument/clangd.fileStatus
I[11:26:05.663] <-- textDocument/didChange
I[11:26:05.663] --> textDocument/clangd.fileStatus
I[11:26:05.689] <-- textDocument/inlayHint(958)
I[11:26:05.689] Failed to find compilation database for /home/david/Documentos/prueba_OS/RepasoExamen/311.c
I[11:26:05.689] ASTWorker building file /home/david/Documentos/prueba_OS/RepasoExamen/311.c version 201 with command clangd fallback
[/home/david/Documentos/prueba_OS/RepasoExamen]
/usr/bin/clang -resource-dir=/home/david/.vscode-oss/extensions/kylinideteam.kylin-clangd-0.4.0-linux-x64/res/clangd/lib/clang/21 -- /home/david/Documentos/prueba_OS/RepasoExamen/311.c
I[11:26:05.690] --> textDocument/clangd.fileStatus
I[11:26:05.693] --> textDocument/publishDiagnostics
I[11:26:05.693] --> textDocument/inactiveRegions
I[11:26:05.693] --> reply:textDocument/inlayHint(958) 4 ms
I[11:26:05.693] --> textDocument/clangd.fileStatus
I[11:26:05.864] <-- textDocument/foldingRange(959)
I[11:26:05.864] --> reply:textDocument/foldingRange(959) 0 ms
I[11:26:05.914] <-- textDocument/codeAction(960)
I[11:26:05.914] --> reply:textDocument/codeAction(960) 0 ms
I[11:26:05.914] --> textDocument/clangd.fileStatus
I[11:26:06.014] <-- textDocument/documentSymbol(961)
I[11:26:06.014] <-- textDocument/documentSymbol(962)
I[11:26:06.014] --> reply:textDocument/documentSymbol(961) 0 ms
I[11:26:06.014] --> reply:textDocument/documentSymbol(962) 0 ms
I[11:26:06.014] --> textDocument/clangd.fileStatus
I[11:26:06.422] <-- textDocument/didChange
I[11:26:06.422] --> textDocument/clangd.fileStatus
I[11:26:06.447] <-- textDocument/inlayHint(963)
I[11:26:06.447] Failed to find compilation database for /home/david/Documentos/prueba_OS/RepasoExamen/311.c
I[11:26:06.448] ASTWorker building file /home/david/Documentos/prueba_OS/RepasoExamen/311.c version 202 with command clangd fallback
[/home/david/Documentos/prueba_OS/RepasoExamen]
/usr/bin/clang -resource-dir=/home/david/.vscode-oss/extensions/kylinideteam.kylin-clangd-0.4.0-linux-x64/res/clangd/lib/clang/21 -- /home/david/Documentos/prueba_OS/RepasoExamen/311.c
I[11:26:06.448] --> textDocument/clangd.fileStatus
I[11:26:06.451] --> textDocument/publishDiagnostics
I[11:26:06.451] --> textDocument/inactiveRegions
I[11:26:06.451] --> reply:textDocument/inlayHint(963) 4 ms
I[11:26:06.452] --> textDocument/clangd.fileStatus
I[11:26:06.521] <-- textDocument/didChange
I[11:26:06.521] --> textDocument/clangd.fileStatus
I[11:26:06.547] <-- textDocument/inlayHint(964)
I[11:26:06.547] Failed to find compilation database for /home/david/Documentos/prueba_OS/RepasoExamen/311.c
I[11:26:06.547] ASTWorker building file /home/david/Documentos/prueba_OS/RepasoExamen/311.c version 203 with command clangd fallback
[/home/david/Documentos/prueba_OS/RepasoExamen]
/usr/bin/clang -resource-dir=/home/david/.vscode-oss/extensions/kylinideteam.kylin-clangd-0.4.0-linux-x64/res/clangd/lib/clang/21 -- /home/david/Documentos/prueba_OS/RepasoExamen/311.c
I[11:26:06.548] --> textDocument/clangd.fileStatus
I[11:26:06.551] --> textDocument/publishDiagnostics
I[11:26:06.551] --> textDocument/inactiveRegions
I[11:26:06.551] --> reply:textDocument/inlayHint(964) 4 ms
I[11:26:06.551] --> textDocument/clangd.fileStatus
I[11:26:06.672] <-- textDocument/didChange
I[11:26:06.672] --> textDocument/clangd.fileStatus
I[11:26:06.698] <-- textDocument/inlayHint(965)
I[11:26:06.698] Failed to find compilation database for /home/david/Documentos/prueba_OS/RepasoExamen/311.c
I[11:26:06.698] ASTWorker building file /home/david/Documentos/prueba_OS/RepasoExamen/311.c version 204 with command clangd fallback
[/home/david/Documentos/prueba_OS/RepasoExamen]
/usr/bin/clang -resource-dir=/home/david/.vscode-oss/extensions/kylinideteam.kylin-clangd-0.4.0-linux-x64/res/clangd/lib/clang/21 -- /home/david/Documentos/prueba_OS/RepasoExamen/311.c
I[11:26:06.699] --> textDocument/clangd.fileStatus
I[11:26:06.702] --> textDocument/publishDiagnostics
I[11:26:06.702] --> textDocument/inactiveRegions
I[11:26:06.702] --> reply:textDocument/inlayHint(965) 4 ms
I[11:26:06.702] --> textDocument/clangd.fileStatus
I[11:26:06.766] <-- textDocument/didChange
I[11:26:06.766] --> textDocument/clangd.fileStatus
I[11:26:06.791] <-- textDocument/inlayHint(966)
I[11:26:06.791] Failed to find compilation database for /home/david/Documentos/prueba_OS/RepasoExamen/311.c
I[11:26:06.792] ASTWorker building file /home/david/Documentos/prueba_OS/RepasoExamen/311.c version 205 with command clangd fallback
[/home/david/Documentos/prueba_OS/RepasoExamen]
/usr/bin/clang -resource-dir=/home/david/.vscode-oss/extensions/kylinideteam.kylin-clangd-0.4.0-linux-x64/res/clangd/lib/clang/21 -- /home/david/Documentos/prueba_OS/RepasoExamen/311.c
I[11:26:06.792] --> textDocument/clangd.fileStatus
I[11:26:06.796] --> textDocument/publishDiagnostics
I[11:26:06.796] --> textDocument/inactiveRegions
I[11:26:06.796] --> reply:textDocument/inlayHint(966) 4 ms
I[11:26:06.796] --> textDocument/clangd.fileStatus
I[11:26:06.966] <-- textDocument/foldingRange(967)
I[11:26:06.967] --> reply:textDocument/foldingRange(967) 0 ms
I[11:26:06.975] <-- textDocument/didChange
I[11:26:06.975] --> textDocument/clangd.fileStatus
I[11:26:07.001] <-- textDocument/inlayHint(968)
I[11:26:07.001] Failed to find compilation database for /home/david/Documentos/prueba_OS/RepasoExamen/311.c
I[11:26:07.001] ASTWorker building file /home/david/Documentos/prueba_OS/RepasoExamen/311.c version 206 with command clangd fallback
[/home/david/Documentos/prueba_OS/RepasoExamen]
/usr/bin/clang -resource-dir=/home/david/.vscode-oss/extensions/kylinideteam.kylin-clangd-0.4.0-linux-x64/res/clangd/lib/clang/21 -- /home/david/Documentos/prueba_OS/RepasoExamen/311.c
I[11:26:07.002] --> textDocument/clangd.fileStatus
I[11:26:07.005] --> textDocument/publishDiagnostics
I[11:26:07.005] --> textDocument/inactiveRegions
I[11:26:07.005] --> reply:textDocument/inlayHint(968) 4 ms
I[11:26:07.005] --> textDocument/clangd.fileStatus
I[11:26:07.153] <-- textDocument/didChange
I[11:26:07.153] --> textDocument/clangd.fileStatus
I[11:26:07.179] <-- textDocument/inlayHint(969)
I[11:26:07.179] Failed to find compilation database for /home/david/Documentos/prueba_OS/RepasoExamen/311.c
I[11:26:07.179] ASTWorker building file /home/david/Documentos/prueba_OS/RepasoExamen/311.c version 207 with command clangd fallback
[/home/david/Documentos/prueba_OS/RepasoExamen]
/usr/bin/clang -resource-dir=/home/david/.vscode-oss/extensions/kylinideteam.kylin-clangd-0.4.0-linux-x64/res/clangd/lib/clang/21 -- /home/david/Documentos/prueba_OS/RepasoExamen/311.c
I[11:26:07.180] --> textDocument/clangd.fileStatus
I[11:26:07.183] --> textDocument/publishDiagnostics
I[11:26:07.183] --> textDocument/inactiveRegions
I[11:26:07.183] --> reply:textDocument/inlayHint(969) 4 ms
I[11:26:07.183] --> textDocument/clangd.fileStatus
I[11:26:07.353] <-- textDocument/foldingRange(970)
I[11:26:07.354] --> reply:textDocument/foldingRange(970) 0 ms
I[11:26:07.403] <-- textDocument/codeAction(971)
I[11:26:07.404] --> reply:textDocument/codeAction(971) 0 ms
I[11:26:07.404] --> textDocument/clangd.fileStatus
I[11:26:07.504] <-- textDocument/documentSymbol(972)
I[11:26:07.504] <-- textDocument/documentSymbol(973)
I[11:26:07.504] --> reply:textDocument/documentSymbol(972) 0 ms
I[11:26:07.504] --> reply:textDocument/documentSymbol(973) 0 ms
I[11:26:07.504] --> textDocument/clangd.fileStatus
I[11:26:07.954] <-- textDocument/inlayHint(974)
I[11:26:07.954] --> reply:textDocument/inlayHint(974) 0 ms
I[11:26:07.954] --> textDocument/clangd.fileStatus
I[11:26:08.017] <-- textDocument/didChange
I[11:26:08.017] --> textDocument/clangd.fileStatus
I[11:26:08.042] <-- textDocument/inlayHint(975)
I[11:26:08.042] Failed to find compilation database for /home/david/Documentos/prueba_OS/RepasoExamen/311.c
I[11:26:08.043] ASTWorker building file /home/david/Documentos/prueba_OS/RepasoExamen/311.c version 208 with command clangd fallback
[/home/david/Documentos/prueba_OS/RepasoExamen]
/usr/bin/clang -resource-dir=/home/david/.vscode-oss/extensions/kylinideteam.kylin-clangd-0.4.0-linux-x64/res/clangd/lib/clang/21 -- /home/david/Documentos/prueba_OS/RepasoExamen/311.c
I[11:26:08.043] --> textDocument/clangd.fileStatus
I[11:26:08.046] --> textDocument/publishDiagnostics
I[11:26:08.046] --> textDocument/inactiveRegions
I[11:26:08.047] --> reply:textDocument/inlayHint(975) 4 ms
I[11:26:08.047] --> textDocument/clangd.fileStatus
I[11:26:08.217] <-- textDocument/foldingRange(976)
I[11:26:08.217] --> reply:textDocument/foldingRange(976) 0 ms
I[11:26:08.267] <-- textDocument/codeAction(977)
I[11:26:08.267] --> reply:textDocument/codeAction(977) 0 ms
I[11:26:08.267] --> textDocument/clangd.fileStatus
I[11:26:08.287] <-- textDocument/didChange
I[11:26:08.287] --> textDocument/clangd.fileStatus
I[11:26:08.313] <-- textDocument/inlayHint(978)
I[11:26:08.313] Failed to find compilation database for /home/david/Documentos/prueba_OS/RepasoExamen/311.c
I[11:26:08.313] ASTWorker building file /home/david/Documentos/prueba_OS/RepasoExamen/311.c version 209 with command clangd fallback
[/home/david/Documentos/prueba_OS/RepasoExamen]
/usr/bin/clang -resource-dir=/home/david/.vscode-oss/extensions/kylinideteam.kylin-clangd-0.4.0-linux-x64/res/clangd/lib/clang/21 -- /home/david/Documentos/prueba_OS/RepasoExamen/311.c
I[11:26:08.313] --> textDocument/clangd.fileStatus
I[11:26:08.317] --> textDocument/publishDiagnostics
I[11:26:08.317] --> textDocument/inactiveRegions
I[11:26:08.317] --> reply:textDocument/inlayHint(978) 4 ms
I[11:26:08.317] --> textDocument/clangd.fileStatus
I[11:26:08.487] <-- textDocument/foldingRange(979)
I[11:26:08.488] --> reply:textDocument/foldingRange(979) 0 ms
I[11:26:08.504] <-- textDocument/didChange
I[11:26:08.504] --> textDocument/clangd.fileStatus
I[11:26:08.530] <-- textDocument/inlayHint(980)
I[11:26:08.530] Failed to find compilation database for /home/david/Documentos/prueba_OS/RepasoExamen/311.c
I[11:26:08.530] ASTWorker building file /home/david/Documentos/prueba_OS/RepasoExamen/311.c version 210 with command clangd fallback
[/home/david/Documentos/prueba_OS/RepasoExamen]
/usr/bin/clang -resource-dir=/home/david/.vscode-oss/extensions/kylinideteam.kylin-clangd-0.4.0-linux-x64/res/clangd/lib/clang/21 -- /home/david/Documentos/prueba_OS/RepasoExamen/311.c
I[11:26:08.530] --> textDocument/clangd.fileStatus
I[11:26:08.534] --> textDocument/publishDiagnostics
I[11:26:08.534] --> textDocument/inactiveRegions
I[11:26:08.535] --> reply:textDocument/inlayHint(980) 5 ms
I[11:26:08.535] --> textDocument/clangd.fileStatus
I[11:26:08.690] <-- textDocument/didChange
I[11:26:08.690] --> textDocument/clangd.fileStatus
I[11:26:08.716] <-- textDocument/inlayHint(981)
I[11:26:08.716] Failed to find compilation database for /home/david/Documentos/prueba_OS/RepasoExamen/311.c
I[11:26:08.716] ASTWorker building file /home/david/Documentos/prueba_OS/RepasoExamen/311.c version 211 with command clangd fallback
[/home/david/Documentos/prueba_OS/RepasoExamen]
/usr/bin/clang -resource-dir=/home/david/.vscode-oss/extensions/kylinideteam.kylin-clangd-0.4.0-linux-x64/res/clangd/lib/clang/21 -- /home/david/Documentos/prueba_OS/RepasoExamen/311.c
I[11:26:08.716] --> textDocument/clangd.fileStatus
I[11:26:08.720] --> textDocument/publishDiagnostics
I[11:26:08.720] --> textDocument/inactiveRegions
I[11:26:08.720] --> reply:textDocument/inlayHint(981) 4 ms
I[11:26:08.720] --> textDocument/clangd.fileStatus
I[11:26:08.890] <-- textDocument/foldingRange(982)
I[11:26:08.891] --> reply:textDocument/foldingRange(982) 0 ms
I[11:26:08.941] <-- textDocument/codeAction(983)
I[11:26:08.941] --> reply:textDocument/codeAction(983) 0 ms
I[11:26:08.941] --> textDocument/clangd.fileStatus
I[11:26:08.976] <-- textDocument/didChange
I[11:26:08.976] --> textDocument/clangd.fileStatus
I[11:26:09.001] <-- textDocument/inlayHint(984)
I[11:26:09.001] Failed to find compilation database for /home/david/Documentos/prueba_OS/RepasoExamen/311.c
I[11:26:09.002] ASTWorker building file /home/david/Documentos/prueba_OS/RepasoExamen/311.c version 212 with command clangd fallback
[/home/david/Documentos/prueba_OS/RepasoExamen]
/usr/bin/clang -resource-dir=/home/david/.vscode-oss/extensions/kylinideteam.kylin-clangd-0.4.0-linux-x64/res/clangd/lib/clang/21 -- /home/david/Documentos/prueba_OS/RepasoExamen/311.c
I[11:26:09.002] --> textDocument/clangd.fileStatus
I[11:26:09.005] --> textDocument/publishDiagnostics
I[11:26:09.006] --> textDocument/inactiveRegions
I[11:26:09.006] --> reply:textDocument/inlayHint(984) 4 ms
I[11:26:09.006] --> textDocument/clangd.fileStatus
I[11:26:09.176] <-- textDocument/foldingRange(985)
I[11:26:09.177] --> reply:textDocument/foldingRange(985) 0 ms
I[11:26:09.207] <-- textDocument/didChange
I[11:26:09.207] --> textDocument/clangd.fileStatus
I[11:26:09.232] <-- textDocument/inlayHint(986)
I[11:26:09.232] Failed to find compilation database for /home/david/Documentos/prueba_OS/RepasoExamen/311.c
I[11:26:09.233] ASTWorker building file /home/david/Documentos/prueba_OS/RepasoExamen/311.c version 213 with command clangd fallback
[/home/david/Documentos/prueba_OS/RepasoExamen]
/usr/bin/clang -resource-dir=/home/david/.vscode-oss/extensions/kylinideteam.kylin-clangd-0.4.0-linux-x64/res/clangd/lib/clang/21 -- /home/david/Documentos/prueba_OS/RepasoExamen/311.c
I[11:26:09.233] --> textDocument/clangd.fileStatus
I[11:26:09.236] --> textDocument/publishDiagnostics
I[11:26:09.236] --> textDocument/inactiveRegions
I[11:26:09.237] --> reply:textDocument/inlayHint(986) 4 ms
I[11:26:09.237] --> textDocument/clangd.fileStatus
I[11:26:09.407] <-- textDocument/foldingRange(987)
I[11:26:09.407] --> reply:textDocument/foldingRange(987) 0 ms
I[11:26:09.416] <-- textDocument/didChange
I[11:26:09.416] --> textDocument/clangd.fileStatus
I[11:26:09.441] <-- textDocument/inlayHint(988)
I[11:26:09.441] Failed to find compilation database for /home/david/Documentos/prueba_OS/RepasoExamen/311.c
I[11:26:09.441] ASTWorker building file /home/david/Documentos/prueba_OS/RepasoExamen/311.c version 214 with command clangd fallback
[/home/david/Documentos/prueba_OS/RepasoExamen]
/usr/bin/clang -resource-dir=/home/david/.vscode-oss/extensions/kylinideteam.kylin-clangd-0.4.0-linux-x64/res/clangd/lib/clang/21 -- /home/david/Documentos/prueba_OS/RepasoExamen/311.c
I[11:26:09.442] --> textDocument/clangd.fileStatus
I[11:26:09.445] --> textDocument/publishDiagnostics
I[11:26:09.445] --> textDocument/inactiveRegions
I[11:26:09.445] --> reply:textDocument/inlayHint(988) 4 ms
I[11:26:09.445] --> textDocument/clangd.fileStatus
I[11:26:09.616] <-- textDocument/foldingRange(989)
I[11:26:09.616] --> reply:textDocument/foldingRange(989) 0 ms
I[11:26:09.647] <-- textDocument/didChange
I[11:26:09.647] --> textDocument/clangd.fileStatus
I[11:26:09.673] <-- textDocument/inlayHint(990)
I[11:26:09.673] Failed to find compilation database for /home/david/Documentos/prueba_OS/RepasoExamen/311.c
I[11:26:09.673] ASTWorker building file /home/david/Documentos/prueba_OS/RepasoExamen/311.c version 215 with command clangd fallback
[/home/david/Documentos/prueba_OS/RepasoExamen]
/usr/bin/clang -resource-dir=/home/david/.vscode-oss/extensions/kylinideteam.kylin-clangd-0.4.0-linux-x64/res/clangd/lib/clang/21 -- /home/david/Documentos/prueba_OS/RepasoExamen/311.c
I[11:26:09.673] --> textDocument/clangd.fileStatus
I[11:26:09.676] --> textDocument/publishDiagnostics
I[11:26:09.676] --> textDocument/inactiveRegions
I[11:26:09.677] --> reply:textDocument/inlayHint(990) 4 ms
I[11:26:09.677] --> textDocument/clangd.fileStatus
I[11:26:09.847] <-- textDocument/foldingRange(991)
I[11:26:09.848] --> reply:textDocument/foldingRange(991) 0 ms
I[11:26:09.898] <-- textDocument/codeAction(992)
I[11:26:09.898] --> reply:textDocument/codeAction(992) 0 ms
I[11:26:09.898] --> textDocument/clangd.fileStatus
I[11:26:09.998] <-- textDocument/documentSymbol(993)
I[11:26:09.998] <-- textDocument/documentSymbol(994)
I[11:26:09.998] --> reply:textDocument/documentSymbol(993) 0 ms
I[11:26:09.998] --> reply:textDocument/documentSymbol(994) 0 ms
I[11:26:09.998] --> textDocument/clangd.fileStatus
I[11:26:10.448] <-- textDocument/inlayHint(995)
I[11:26:10.448] --> reply:textDocument/inlayHint(995) 0 ms
I[11:26:10.448] --> textDocument/clangd.fileStatus
I[11:26:10.648] <-- textDocument/documentLink(996)
I[11:26:10.648] --> reply:textDocument/documentLink(996) 0 ms
I[11:26:10.648] --> textDocument/clangd.fileStatus
I[11:26:10.762] <-- textDocument/didChange
I[11:26:10.762] --> textDocument/clangd.fileStatus
I[11:26:10.788] <-- textDocument/inlayHint(997)
I[11:26:10.788] Failed to find compilation database for /home/david/Documentos/prueba_OS/RepasoExamen/311.c
I[11:26:10.788] ASTWorker building file /home/david/Documentos/prueba_OS/RepasoExamen/311.c version 216 with command clangd fallback
[/home/david/Documentos/prueba_OS/RepasoExamen]
/usr/bin/clang -resource-dir=/home/david/.vscode-oss/extensions/kylinideteam.kylin-clangd-0.4.0-linux-x64/res/clangd/lib/clang/21 -- /home/david/Documentos/prueba_OS/RepasoExamen/311.c
I[11:26:10.789] --> textDocument/clangd.fileStatus
I[11:26:10.792] --> textDocument/publishDiagnostics
I[11:26:10.792] --> textDocument/inactiveRegions
I[11:26:10.792] --> reply:textDocument/inlayHint(997) 4 ms
I[11:26:10.792] --> textDocument/clangd.fileStatus
I[11:26:10.919] <-- textDocument/didChange
I[11:26:10.919] --> textDocument/clangd.fileStatus
I[11:26:10.944] <-- textDocument/inlayHint(998)
I[11:26:10.944] Failed to find compilation database for /home/david/Documentos/prueba_OS/RepasoExamen/311.c
I[11:26:10.945] ASTWorker building file /home/david/Documentos/prueba_OS/RepasoExamen/311.c version 217 with command clangd fallback
[/home/david/Documentos/prueba_OS/RepasoExamen]
/usr/bin/clang -resource-dir=/home/david/.vscode-oss/extensions/kylinideteam.kylin-clangd-0.4.0-linux-x64/res/clangd/lib/clang/21 -- /home/david/Documentos/prueba_OS/RepasoExamen/311.c
I[11:26:10.945] --> textDocument/clangd.fileStatus
I[11:26:10.950] --> textDocument/publishDiagnostics
I[11:26:10.950] --> textDocument/inactiveRegions
I[11:26:10.950] --> reply:textDocument/inlayHint(998) 5 ms
I[11:26:10.950] --> textDocument/clangd.fileStatus
I[11:26:11.006] <-- textDocument/didChange
I[11:26:11.006] --> textDocument/clangd.fileStatus
I[11:26:11.031] <-- textDocument/inlayHint(999)
I[11:26:11.031] Failed to find compilation database for /home/david/Documentos/prueba_OS/RepasoExamen/311.c
I[11:26:11.032] ASTWorker building file /home/david/Documentos/prueba_OS/RepasoExamen/311.c version 218 with command clangd fallback
[/home/david/Documentos/prueba_OS/RepasoExamen]
/usr/bin/clang -resource-dir=/home/david/.vscode-oss/extensions/kylinideteam.kylin-clangd-0.4.0-linux-x64/res/clangd/lib/clang/21 -- /home/david/Documentos/prueba_OS/RepasoExamen/311.c
I[11:26:11.032] --> textDocument/clangd.fileStatus
I[11:26:11.037] --> textDocument/publishDiagnostics
I[11:26:11.037] --> textDocument/inactiveRegions
I[11:26:11.037] --> reply:textDocument/inlayHint(999) 5 ms
I[11:26:11.037] --> textDocument/clangd.fileStatus
I[11:26:11.206] <-- textDocument/foldingRange(1000)
I[11:26:11.206] --> reply:textDocument/foldingRange(1000) 0 ms
I[11:26:11.230] <-- textDocument/didChange
I[11:26:11.231] --> textDocument/clangd.fileStatus
I[11:26:11.256] <-- textDocument/inlayHint(1001)
I[11:26:11.256] Failed to find compilation database for /home/david/Documentos/prueba_OS/RepasoExamen/311.c
I[11:26:11.256] ASTWorker building file /home/david/Documentos/prueba_OS/RepasoExamen/311.c version 219 with command clangd fallback
[/home/david/Documentos/prueba_OS/RepasoExamen]
/usr/bin/clang -resource-dir=/home/david/.vscode-oss/extensions/kylinideteam.kylin-clangd-0.4.0-linux-x64/res/clangd/lib/clang/21 -- /home/david/Documentos/prueba_OS/RepasoExamen/311.c
I[11:26:11.257] --> textDocument/clangd.fileStatus
I[11:26:11.260] --> textDocument/publishDiagnostics
I[11:26:11.260] --> textDocument/inactiveRegions
I[11:26:11.260] --> reply:textDocument/inlayHint(1001) 4 ms
I[11:26:11.260] --> textDocument/clangd.fileStatus
I[11:26:11.431] <-- textDocument/foldingRange(1002)
I[11:26:11.431] --> reply:textDocument/foldingRange(1002) 0 ms
I[11:26:11.481] <-- textDocument/codeAction(1003)
I[11:26:11.481] --> reply:textDocument/codeAction(1003) 0 ms
I[11:26:11.481] --> textDocument/clangd.fileStatus
I[11:26:11.581] <-- textDocument/documentSymbol(1004)
I[11:26:11.581] <-- textDocument/documentSymbol(1005)
I[11:26:11.581] --> reply:textDocument/documentSymbol(1004) 0 ms
I[11:26:11.581] --> reply:textDocument/documentSymbol(1005) 0 ms
I[11:26:11.581] --> textDocument/clangd.fileStatus
I[11:26:11.737] <-- textDocument/didChange
I[11:26:11.737] --> textDocument/clangd.fileStatus
I[11:26:11.763] <-- textDocument/inlayHint(1006)
I[11:26:11.763] Failed to find compilation database for /home/david/Documentos/prueba_OS/RepasoExamen/311.c
I[11:26:11.764] ASTWorker building file /home/david/Documentos/prueba_OS/RepasoExamen/311.c version 220 with command clangd fallback
[/home/david/Documentos/prueba_OS/RepasoExamen]
/usr/bin/clang -resource-dir=/home/david/.vscode-oss/extensions/kylinideteam.kylin-clangd-0.4.0-linux-x64/res/clangd/lib/clang/21 -- /home/david/Documentos/prueba_OS/RepasoExamen/311.c
I[11:26:11.764] --> textDocument/clangd.fileStatus
I[11:26:11.768] --> textDocument/publishDiagnostics
I[11:26:11.768] --> textDocument/inactiveRegions
I[11:26:11.768] --> reply:textDocument/inlayHint(1006) 4 ms
I[11:26:11.768] --> textDocument/clangd.fileStatus
I[11:26:11.938] <-- textDocument/foldingRange(1007)
I[11:26:11.938] --> reply:textDocument/foldingRange(1007) 0 ms
I[11:26:12.020] <-- textDocument/codeAction(1008)
I[11:26:12.021] --> reply:textDocument/codeAction(1008) 0 ms
I[11:26:12.021] --> textDocument/clangd.fileStatus
I[11:26:12.088] <-- textDocument/documentSymbol(1009)
I[11:26:12.088] <-- textDocument/documentSymbol(1010)
I[11:26:12.088] --> reply:textDocument/documentSymbol(1009) 0 ms
I[11:26:12.089] --> reply:textDocument/documentSymbol(1010) 0 ms
I[11:26:12.089] --> textDocument/clangd.fileStatus
I[11:26:12.428] <-- textDocument/didChange
I[11:26:12.428] --> textDocument/clangd.fileStatus
I[11:26:12.454] <-- textDocument/inlayHint(1011)
I[11:26:12.454] Failed to find compilation database for /home/david/Documentos/prueba_OS/RepasoExamen/311.c
I[11:26:12.454] ASTWorker building file /home/david/Documentos/prueba_OS/RepasoExamen/311.c version 221 with command clangd fallback
[/home/david/Documentos/prueba_OS/RepasoExamen]
/usr/bin/clang -resource-dir=/home/david/.vscode-oss/extensions/kylinideteam.kylin-clangd-0.4.0-linux-x64/res/clangd/lib/clang/21 -- /home/david/Documentos/prueba_OS/RepasoExamen/311.c
I[11:26:12.455] --> textDocument/clangd.fileStatus
I[11:26:12.458] --> textDocument/publishDiagnostics
I[11:26:12.458] --> textDocument/inactiveRegions
I[11:26:12.458] --> reply:textDocument/inlayHint(1011) 4 ms
I[11:26:12.458] --> textDocument/clangd.fileStatus
I[11:26:12.629] <-- textDocument/foldingRange(1012)
I[11:26:12.629] --> reply:textDocument/foldingRange(1012) 0 ms
I[11:26:12.647] <-- textDocument/didChange
I[11:26:12.647] --> textDocument/clangd.fileStatus
I[11:26:12.673] <-- textDocument/inlayHint(1013)
I[11:26:12.673] Failed to find compilation database for /home/david/Documentos/prueba_OS/RepasoExamen/311.c
I[11:26:12.674] ASTWorker building file /home/david/Documentos/prueba_OS/RepasoExamen/311.c version 222 with command clangd fallback
[/home/david/Documentos/prueba_OS/RepasoExamen]
/usr/bin/clang -resource-dir=/home/david/.vscode-oss/extensions/kylinideteam.kylin-clangd-0.4.0-linux-x64/res/clangd/lib/clang/21 -- /home/david/Documentos/prueba_OS/RepasoExamen/311.c
I[11:26:12.674] --> textDocument/clangd.fileStatus
I[11:26:12.679] --> textDocument/publishDiagnostics
I[11:26:12.679] --> textDocument/inactiveRegions
I[11:26:12.679] --> reply:textDocument/inlayHint(1013) 6 ms
I[11:26:12.679] --> textDocument/clangd.fileStatus
I[11:26:12.848] <-- textDocument/foldingRange(1014)
I[11:26:12.848] --> reply:textDocument/foldingRange(1014) 0 ms
I[11:26:12.892] <-- textDocument/didChange
I[11:26:12.892] --> textDocument/clangd.fileStatus
I[11:26:12.917] <-- textDocument/inlayHint(1015)
I[11:26:12.917] Failed to find compilation database for /home/david/Documentos/prueba_OS/RepasoExamen/311.c
I[11:26:12.918] ASTWorker building file /home/david/Documentos/prueba_OS/RepasoExamen/311.c version 223 with command clangd fallback
[/home/david/Documentos/prueba_OS/RepasoExamen]
/usr/bin/clang -resource-dir=/home/david/.vscode-oss/extensions/kylinideteam.kylin-clangd-0.4.0-linux-x64/res/clangd/lib/clang/21 -- /home/david/Documentos/prueba_OS/RepasoExamen/311.c
I[11:26:12.918] --> textDocument/clangd.fileStatus
I[11:26:12.922] --> textDocument/publishDiagnostics
I[11:26:12.922] --> textDocument/inactiveRegions
I[11:26:12.922] --> reply:textDocument/inlayHint(1015) 5 ms
I[11:26:12.922] --> textDocument/clangd.fileStatus
I[11:26:13.092] <-- textDocument/foldingRange(1016)
I[11:26:13.092] --> reply:textDocument/foldingRange(1016) 0 ms
I[11:26:13.097] <-- textDocument/didChange
I[11:26:13.097] --> textDocument/clangd.fileStatus
I[11:26:13.122] <-- textDocument/inlayHint(1017)
I[11:26:13.122] Failed to find compilation database for /home/david/Documentos/prueba_OS/RepasoExamen/311.c
I[11:26:13.123] ASTWorker building file /home/david/Documentos/prueba_OS/RepasoExamen/311.c version 224 with command clangd fallback
[/home/david/Documentos/prueba_OS/RepasoExamen]
/usr/bin/clang -resource-dir=/home/david/.vscode-oss/extensions/kylinideteam.kylin-clangd-0.4.0-linux-x64/res/clangd/lib/clang/21 -- /home/david/Documentos/prueba_OS/RepasoExamen/311.c
I[11:26:13.123] --> textDocument/clangd.fileStatus
I[11:26:13.126] --> textDocument/publishDiagnostics
I[11:26:13.126] --> textDocument/inactiveRegions
I[11:26:13.127] --> reply:textDocument/inlayHint(1017) 4 ms
I[11:26:13.127] --> textDocument/clangd.fileStatus
I[11:26:13.297] <-- textDocument/foldingRange(1018)
I[11:26:13.298] --> reply:textDocument/foldingRange(1018) 0 ms
I[11:26:13.379] <-- textDocument/codeAction(1019)
I[11:26:13.380] --> reply:textDocument/codeAction(1019) 0 ms
I[11:26:13.380] --> textDocument/clangd.fileStatus
I[11:26:13.448] <-- textDocument/documentSymbol(1020)
I[11:26:13.448] <-- textDocument/documentSymbol(1021)
I[11:26:13.448] --> reply:textDocument/documentSymbol(1020) 0 ms
I[11:26:13.448] --> reply:textDocument/documentSymbol(1021) 0 ms
I[11:26:13.448] --> textDocument/clangd.fileStatus
I[11:26:13.679] <-- textDocument/didChange
I[11:26:13.679] --> textDocument/clangd.fileStatus
I[11:26:13.704] <-- textDocument/inlayHint(1022)
I[11:26:13.704] Failed to find compilation database for /home/david/Documentos/prueba_OS/RepasoExamen/311.c
I[11:26:13.705] ASTWorker building file /home/david/Documentos/prueba_OS/RepasoExamen/311.c version 225 with command clangd fallback
[/home/david/Documentos/prueba_OS/RepasoExamen]
/usr/bin/clang -resource-dir=/home/david/.vscode-oss/extensions/kylinideteam.kylin-clangd-0.4.0-linux-x64/res/clangd/lib/clang/21 -- /home/david/Documentos/prueba_OS/RepasoExamen/311.c
I[11:26:13.705] --> textDocument/clangd.fileStatus
I[11:26:13.709] --> textDocument/publishDiagnostics
I[11:26:13.709] --> textDocument/inactiveRegions
I[11:26:13.709] --> reply:textDocument/inlayHint(1022) 4 ms
I[11:26:13.709] --> textDocument/clangd.fileStatus
I[11:26:13.879] <-- textDocument/foldingRange(1023)
I[11:26:13.879] --> reply:textDocument/foldingRange(1023) 0 ms
I[11:26:13.961] <-- textDocument/codeAction(1024)
I[11:26:13.961] --> reply:textDocument/codeAction(1024) 0 ms
I[11:26:13.961] --> textDocument/clangd.fileStatus
I[11:26:14.029] <-- textDocument/documentSymbol(1025)
I[11:26:14.029] --> reply:textDocument/documentSymbol(1025) 0 ms
I[11:26:14.029] --> textDocument/clangd.fileStatus
I[11:26:14.029] <-- textDocument/documentSymbol(1026)
I[11:26:14.030] --> reply:textDocument/documentSymbol(1026) 0 ms
I[11:26:14.030] --> textDocument/clangd.fileStatus
I[11:26:14.241] <-- textDocument/didSave
I[11:26:14.241] File version went from 1 to 1
I[11:26:14.241] File version went from 225 to 225
I[11:26:14.241] --> textDocument/clangd.fileStatus
I[11:26:14.241] --> textDocument/clangd.fileStatus
I[11:26:14.291] Failed to find compilation database for /home/david/Documentos/prueba_OS/RepasoExamen/311.c
I[11:26:14.291] ASTWorker building file /home/david/Documentos/prueba_OS/RepasoExamen/311.c version 225 with command clangd fallback
[/home/david/Documentos/prueba_OS/RepasoExamen]
/usr/bin/clang -resource-dir=/home/david/.vscode-oss/extensions/kylinideteam.kylin-clangd-0.4.0-linux-x64/res/clangd/lib/clang/21 -- /home/david/Documentos/prueba_OS/RepasoExamen/311.c
I[11:26:14.291] Failed to find compilation database for /home/david/Documentos/prueba_OS/RepasoExamen/mistat.c
I[11:26:14.292] ASTWorker building file /home/david/Documentos/prueba_OS/RepasoExamen/mistat.c version 1 with command clangd fallback
[/home/david/Documentos/prueba_OS/RepasoExamen]
/usr/bin/clang -resource-dir=/home/david/.vscode-oss/extensions/kylinideteam.kylin-clangd-0.4.0-linux-x64/res/clangd/lib/clang/21 -- /home/david/Documentos/prueba_OS/RepasoExamen/mistat.c
I[11:26:14.292] --> textDocument/clangd.fileStatus
I[11:26:14.292] --> textDocument/clangd.fileStatus
I[11:26:14.292] --> textDocument/clangd.fileStatus
I[11:26:14.292] --> textDocument/clangd.fileStatus
I[11:26:14.292] --> textDocument/clangd.fileStatus
I[11:26:14.292] --> textDocument/clangd.fileStatus
I[11:26:14.292] --> textDocument/clangd.fileStatus
I[11:26:14.292] --> textDocument/clangd.fileStatus
I[11:26:14.480] <-- textDocument/inlayHint(1027)
I[11:26:14.480] --> reply:textDocument/inlayHint(1027) 0 ms
I[11:26:14.480] --> textDocument/clangd.fileStatus
I[11:26:14.679] <-- textDocument/documentLink(1028)
I[11:26:14.680] --> reply:textDocument/documentLink(1028) 0 ms
I[11:26:14.680] --> textDocument/clangd.fileStatus
I[11:26:25.690] <-- textDocument/codeAction(1029)
I[11:26:25.690] --> reply:textDocument/codeAction(1029) 0 ms
I[11:26:25.690] --> textDocument/clangd.fileStatus
I[11:26:25.972] <-- textDocument/codeAction(1030)
I[11:26:25.973] --> reply:textDocument/codeAction(1030) 0 ms
I[11:26:25.973] --> textDocument/clangd.fileStatus
I[11:26:26.735] <-- textDocument/didChange
I[11:26:26.736] --> textDocument/clangd.fileStatus
I[11:26:26.762] <-- textDocument/inlayHint(1031)
I[11:26:26.762] Failed to find compilation database for /home/david/Documentos/prueba_OS/RepasoExamen/311.c
I[11:26:26.763] ASTWorker building file /home/david/Documentos/prueba_OS/RepasoExamen/311.c version 226 with command clangd fallback
[/home/david/Documentos/prueba_OS/RepasoExamen]
/usr/bin/clang -resource-dir=/home/david/.vscode-oss/extensions/kylinideteam.kylin-clangd-0.4.0-linux-x64/res/clangd/lib/clang/21 -- /home/david/Documentos/prueba_OS/RepasoExamen/311.c
I[11:26:26.763] --> textDocument/clangd.fileStatus
I[11:26:26.767] --> textDocument/publishDiagnostics
I[11:26:26.767] --> textDocument/inactiveRegions
I[11:26:26.767] --> reply:textDocument/inlayHint(1031) 4 ms
I[11:26:26.767] --> textDocument/clangd.fileStatus
I[11:26:26.937] <-- textDocument/foldingRange(1032)
I[11:26:26.937] --> reply:textDocument/foldingRange(1032) 0 ms
I[11:26:26.949] <-- textDocument/didSave
I[11:26:26.949] File version went from 1 to 1
I[11:26:26.949] File version went from 226 to 226
I[11:26:26.949] --> textDocument/clangd.fileStatus
I[11:26:26.949] --> textDocument/clangd.fileStatus
I[11:26:26.999] Failed to find compilation database for /home/david/Documentos/prueba_OS/RepasoExamen/mistat.c
I[11:26:26.999] ASTWorker building file /home/david/Documentos/prueba_OS/RepasoExamen/mistat.c version 1 with command clangd fallback
[/home/david/Documentos/prueba_OS/RepasoExamen]
/usr/bin/clang -resource-dir=/home/david/.vscode-oss/extensions/kylinideteam.kylin-clangd-0.4.0-linux-x64/res/clangd/lib/clang/21 -- /home/david/Documentos/prueba_OS/RepasoExamen/mistat.c
I[11:26:26.999] Failed to find compilation database for /home/david/Documentos/prueba_OS/RepasoExamen/311.c
I[11:26:26.999] ASTWorker building file /home/david/Documentos/prueba_OS/RepasoExamen/311.c version 226 with command clangd fallback
[/home/david/Documentos/prueba_OS/RepasoExamen]
/usr/bin/clang -resource-dir=/home/david/.vscode-oss/extensions/kylinideteam.kylin-clangd-0.4.0-linux-x64/res/clangd/lib/clang/21 -- /home/david/Documentos/prueba_OS/RepasoExamen/311.c
I[11:26:27.000] --> textDocument/clangd.fileStatus
I[11:26:27.000] --> textDocument/clangd.fileStatus
I[11:26:27.000] --> textDocument/clangd.fileStatus
I[11:26:27.000] --> textDocument/clangd.fileStatus
I[11:26:27.000] --> textDocument/clangd.fileStatus
I[11:26:27.000] --> textDocument/clangd.fileStatus
I[11:26:27.000] --> textDocument/clangd.fileStatus
I[11:26:27.000] --> textDocument/clangd.fileStatus
I[11:26:27.087] <-- textDocument/documentSymbol(1033)
I[11:26:27.087] <-- textDocument/documentSymbol(1034)
I[11:26:27.088] --> reply:textDocument/documentSymbol(1033) 0 ms
I[11:26:27.088] --> reply:textDocument/documentSymbol(1034) 0 ms
I[11:26:27.088] --> textDocument/clangd.fileStatus
I[11:26:27.537] <-- textDocument/inlayHint(1035)
I[11:26:27.537] --> reply:textDocument/inlayHint(1035) 0 ms
I[11:26:27.537] --> textDocument/clangd.fileStatus
I[11:26:27.737] <-- textDocument/documentLink(1036)
I[11:26:27.737] --> reply:textDocument/documentLink(1036) 0 ms
I[11:26:27.737] --> textDocument/clangd.fileStatus
I[11:26:29.712] <-- textDocument/documentHighlight(1037)
I[11:26:29.712] --> reply:textDocument/documentHighlight(1037) 0 ms
I[11:26:29.712] --> textDocument/clangd.fileStatus
I[11:26:29.912] <-- textDocument/codeAction(1038)
I[11:26:29.912] --> reply:textDocument/codeAction(1038) 0 ms
I[11:26:29.912] --> textDocument/clangd.fileStatus
I[11:26:30.662] <-- textDocument/documentHighlight(1039)
I[11:26:30.662] --> reply:textDocument/documentHighlight(1039) 0 ms
I[11:26:30.663] --> textDocument/clangd.fileStatus
I[11:26:30.862] <-- textDocument/codeAction(1040)
I[11:26:30.863] --> reply:textDocument/codeAction(1040) 0 ms
I[11:26:30.863] --> textDocument/clangd.fileStatus
I[11:26:31.457] <-- textDocument/didChange
I[11:26:31.457] --> textDocument/clangd.fileStatus
I[11:26:31.483] <-- textDocument/inlayHint(1041)
I[11:26:31.483] Failed to find compilation database for /home/david/Documentos/prueba_OS/RepasoExamen/311.c
I[11:26:31.484] ASTWorker building file /home/david/Documentos/prueba_OS/RepasoExamen/311.c version 227 with command clangd fallback
[/home/david/Documentos/prueba_OS/RepasoExamen]
/usr/bin/clang -resource-dir=/home/david/.vscode-oss/extensions/kylinideteam.kylin-clangd-0.4.0-linux-x64/res/clangd/lib/clang/21 -- /home/david/Documentos/prueba_OS/RepasoExamen/311.c
I[11:26:31.484] --> textDocument/clangd.fileStatus
I[11:26:31.488] --> textDocument/publishDiagnostics
I[11:26:31.488] --> textDocument/inactiveRegions
I[11:26:31.488] --> reply:textDocument/inlayHint(1041) 4 ms
I[11:26:31.488] --> textDocument/clangd.fileStatus
I[11:26:31.658] <-- textDocument/foldingRange(1042)
I[11:26:31.659] --> reply:textDocument/foldingRange(1042) 0 ms
I[11:26:31.808] <-- textDocument/documentSymbol(1043)
I[11:26:31.808] <-- textDocument/documentSymbol(1044)
I[11:26:31.808] --> reply:textDocument/documentSymbol(1043) 0 ms
I[11:26:31.809] --> reply:textDocument/documentSymbol(1044) 0 ms
I[11:26:31.809] --> textDocument/clangd.fileStatus
I[11:26:31.940] <-- textDocument/didChange
I[11:26:31.940] --> textDocument/clangd.fileStatus
I[11:26:31.965] <-- textDocument/inlayHint(1045)
I[11:26:31.965] Failed to find compilation database for /home/david/Documentos/prueba_OS/RepasoExamen/311.c
I[11:26:31.965] ASTWorker building file /home/david/Documentos/prueba_OS/RepasoExamen/311.c version 228 with command clangd fallback
[/home/david/Documentos/prueba_OS/RepasoExamen]
/usr/bin/clang -resource-dir=/home/david/.vscode-oss/extensions/kylinideteam.kylin-clangd-0.4.0-linux-x64/res/clangd/lib/clang/21 -- /home/david/Documentos/prueba_OS/RepasoExamen/311.c
I[11:26:31.966] --> textDocument/clangd.fileStatus
I[11:26:31.969] --> textDocument/publishDiagnostics
I[11:26:31.969] --> textDocument/inactiveRegions
I[11:26:31.969] --> reply:textDocument/inlayHint(1045) 4 ms
I[11:26:31.969] --> textDocument/clangd.fileStatus
I[11:26:32.140] <-- textDocument/foldingRange(1046)
I[11:26:32.141] --> reply:textDocument/foldingRange(1046) 0 ms
I[11:26:32.190] <-- textDocument/codeAction(1047)
I[11:26:32.190] --> reply:textDocument/codeAction(1047) 0 ms
I[11:26:32.190] --> textDocument/clangd.fileStatus
I[11:26:32.291] <-- textDocument/documentSymbol(1048)
I[11:26:32.291] <-- textDocument/documentSymbol(1049)
I[11:26:32.291] --> reply:textDocument/documentSymbol(1048) 0 ms
I[11:26:32.291] --> reply:textDocument/documentSymbol(1049) 0 ms
I[11:26:32.291] --> textDocument/clangd.fileStatus
I[11:26:32.354] <-- textDocument/didSave
I[11:26:32.354] File version went from 1 to 1
I[11:26:32.354] File version went from 228 to 228
I[11:26:32.354] --> textDocument/clangd.fileStatus
I[11:26:32.354] --> textDocument/clangd.fileStatus
I[11:26:32.404] Failed to find compilation database for /home/david/Documentos/prueba_OS/RepasoExamen/mistat.c
I[11:26:32.404] Failed to find compilation database for /home/david/Documentos/prueba_OS/RepasoExamen/311.c
I[11:26:32.404] ASTWorker building file /home/david/Documentos/prueba_OS/RepasoExamen/mistat.c version 1 with command clangd fallback
[/home/david/Documentos/prueba_OS/RepasoExamen]
/usr/bin/clang -resource-dir=/home/david/.vscode-oss/extensions/kylinideteam.kylin-clangd-0.4.0-linux-x64/res/clangd/lib/clang/21 -- /home/david/Documentos/prueba_OS/RepasoExamen/mistat.c
I[11:26:32.404] ASTWorker building file /home/david/Documentos/prueba_OS/RepasoExamen/311.c version 228 with command clangd fallback
[/home/david/Documentos/prueba_OS/RepasoExamen]
/usr/bin/clang -resource-dir=/home/david/.vscode-oss/extensions/kylinideteam.kylin-clangd-0.4.0-linux-x64/res/clangd/lib/clang/21 -- /home/david/Documentos/prueba_OS/RepasoExamen/311.c
I[11:26:32.405] --> textDocument/clangd.fileStatus
I[11:26:32.405] --> textDocument/clangd.fileStatus
I[11:26:32.405] --> textDocument/clangd.fileStatus
I[11:26:32.405] --> textDocument/clangd.fileStatus
I[11:26:32.405] --> textDocument/clangd.fileStatus
I[11:26:32.405] --> textDocument/clangd.fileStatus
I[11:26:32.405] --> textDocument/clangd.fileStatus
I[11:26:32.405] --> textDocument/clangd.fileStatus
I[11:26:32.740] <-- textDocument/inlayHint(1050)
I[11:26:32.740] --> reply:textDocument/inlayHint(1050) 0 ms
I[11:26:32.740] --> textDocument/clangd.fileStatus
I[11:26:32.941] <-- textDocument/documentLink(1051)
I[11:26:32.941] --> reply:textDocument/documentLink(1051) 0 ms
I[11:26:32.941] --> textDocument/clangd.fileStatus
I[11:26:32.944] <-- textDocument/hover(1052)
I[11:26:32.944] --> reply:textDocument/hover(1052) 0 ms
I[11:26:32.944] --> textDocument/clangd.fileStatus
I[11:26:33.424] <-- textDocument/hover(1053)
I[11:26:33.424] --> reply:textDocument/hover(1053) 0 ms
I[11:26:33.424] --> textDocument/clangd.fileStatus
I[11:26:33.675] <-- textDocument/hover(1054)
I[11:26:33.675] --> reply:textDocument/hover(1054) 0 ms
I[11:26:33.675] --> textDocument/clangd.fileStatus
I[11:26:33.773] <-- textDocument/documentHighlight(1055)
I[11:26:33.773] --> reply:textDocument/documentHighlight(1055) 0 ms
I[11:26:33.773] --> textDocument/clangd.fileStatus
I[11:26:33.973] <-- textDocument/codeAction(1056)
I[11:26:33.973] --> reply:textDocument/codeAction(1056) 0 ms
I[11:26:33.973] --> textDocument/clangd.fileStatus
I[11:26:34.048] <-- textDocument/didChange
I[11:26:34.048] --> textDocument/clangd.fileStatus
I[11:26:34.074] <-- textDocument/inlayHint(1057)
I[11:26:34.074] Failed to find compilation database for /home/david/Documentos/prueba_OS/RepasoExamen/311.c
I[11:26:34.075] ASTWorker building file /home/david/Documentos/prueba_OS/RepasoExamen/311.c version 229 with command clangd fallback
[/home/david/Documentos/prueba_OS/RepasoExamen]
/usr/bin/clang -resource-dir=/home/david/.vscode-oss/extensions/kylinideteam.kylin-clangd-0.4.0-linux-x64/res/clangd/lib/clang/21 -- /home/david/Documentos/prueba_OS/RepasoExamen/311.c
I[11:26:34.075] --> textDocument/clangd.fileStatus
I[11:26:34.078] --> textDocument/publishDiagnostics
I[11:26:34.078] --> textDocument/inactiveRegions
I[11:26:34.079] --> reply:textDocument/inlayHint(1057) 4 ms
I[11:26:34.079] --> textDocument/clangd.fileStatus
I[11:26:34.249] <-- textDocument/foldingRange(1058)
I[11:26:34.250] --> reply:textDocument/foldingRange(1058) 0 ms
I[11:26:34.299] <-- textDocument/codeAction(1059)
I[11:26:34.299] --> reply:textDocument/codeAction(1059) 0 ms
I[11:26:34.299] --> textDocument/clangd.fileStatus
I[11:26:34.399] <-- textDocument/documentSymbol(1060)
I[11:26:34.399] <-- textDocument/documentSymbol(1061)
I[11:26:34.399] --> reply:textDocument/documentSymbol(1060) 0 ms
I[11:26:34.399] --> reply:textDocument/documentSymbol(1061) 0 ms
I[11:26:34.399] --> textDocument/clangd.fileStatus
I[11:26:34.849] <-- textDocument/inlayHint(1062)
I[11:26:34.850] --> reply:textDocument/inlayHint(1062) 0 ms
I[11:26:34.850] --> textDocument/clangd.fileStatus
I[11:26:35.049] <-- textDocument/documentLink(1063)
I[11:26:35.049] --> reply:textDocument/documentLink(1063) 0 ms
I[11:26:35.049] --> textDocument/clangd.fileStatus
I[11:26:35.840] <-- textDocument/hover(1064)
I[11:26:35.841] --> reply:textDocument/hover(1064) 0 ms
I[11:26:35.841] --> textDocument/clangd.fileStatus
I[11:26:36.469] <-- textDocument/didChange
I[11:26:36.469] --> textDocument/clangd.fileStatus
I[11:26:36.495] <-- textDocument/inlayHint(1065)
I[11:26:36.495] Failed to find compilation database for /home/david/Documentos/prueba_OS/RepasoExamen/311.c
I[11:26:36.495] ASTWorker building file /home/david/Documentos/prueba_OS/RepasoExamen/311.c version 230 with command clangd fallback
[/home/david/Documentos/prueba_OS/RepasoExamen]
/usr/bin/clang -resource-dir=/home/david/.vscode-oss/extensions/kylinideteam.kylin-clangd-0.4.0-linux-x64/res/clangd/lib/clang/21 -- /home/david/Documentos/prueba_OS/RepasoExamen/311.c
I[11:26:36.496] --> textDocument/clangd.fileStatus
I[11:26:36.499] --> textDocument/publishDiagnostics
I[11:26:36.499] --> textDocument/inactiveRegions
I[11:26:36.499] --> reply:textDocument/inlayHint(1065) 4 ms
I[11:26:36.499] --> textDocument/clangd.fileStatus
I[11:26:36.669] <-- textDocument/foldingRange(1066)
I[11:26:36.670] --> reply:textDocument/foldingRange(1066) 0 ms
I[11:26:36.733] <-- textDocument/didChange
I[11:26:36.733] --> textDocument/clangd.fileStatus
I[11:26:36.759] <-- textDocument/inlayHint(1067)
I[11:26:36.759] Failed to find compilation database for /home/david/Documentos/prueba_OS/RepasoExamen/311.c
I[11:26:36.759] ASTWorker building file /home/david/Documentos/prueba_OS/RepasoExamen/311.c version 231 with command clangd fallback
[/home/david/Documentos/prueba_OS/RepasoExamen]
/usr/bin/clang -resource-dir=/home/david/.vscode-oss/extensions/kylinideteam.kylin-clangd-0.4.0-linux-x64/res/clangd/lib/clang/21 -- /home/david/Documentos/prueba_OS/RepasoExamen/311.c
I[11:26:36.759] --> textDocument/clangd.fileStatus
I[11:26:36.762] --> textDocument/publishDiagnostics
I[11:26:36.762] --> textDocument/inactiveRegions
I[11:26:36.763] --> reply:textDocument/inlayHint(1067) 4 ms
I[11:26:36.763] --> textDocument/clangd.fileStatus
I[11:26:36.933] <-- textDocument/foldingRange(1068)
I[11:26:36.934] --> reply:textDocument/foldingRange(1068) 0 ms
I[11:26:37.067] <-- textDocument/didChange
I[11:26:37.067] --> textDocument/clangd.fileStatus
I[11:26:37.084] <-- textDocument/documentSymbol(1069)
I[11:26:37.084] Failed to find compilation database for /home/david/Documentos/prueba_OS/RepasoExamen/311.c
I[11:26:37.084] ASTWorker building file /home/david/Documentos/prueba_OS/RepasoExamen/311.c version 232 with command clangd fallback
[/home/david/Documentos/prueba_OS/RepasoExamen]
/usr/bin/clang -resource-dir=/home/david/.vscode-oss/extensions/kylinideteam.kylin-clangd-0.4.0-linux-x64/res/clangd/lib/clang/21 -- /home/david/Documentos/prueba_OS/RepasoExamen/311.c
I[11:26:37.084] --> textDocument/clangd.fileStatus
I[11:26:37.088] --> textDocument/publishDiagnostics
I[11:26:37.088] --> textDocument/inactiveRegions
I[11:26:37.088] --> reply:textDocument/documentSymbol(1069) 4 ms
I[11:26:37.088] --> textDocument/clangd.fileStatus
I[11:26:37.094] <-- textDocument/inlayHint(1070)
I[11:26:37.095] --> reply:textDocument/inlayHint(1070) 0 ms
I[11:26:37.095] --> textDocument/clangd.fileStatus
I[11:26:37.268] <-- textDocument/foldingRange(1071)
I[11:26:37.268] --> reply:textDocument/foldingRange(1071) 0 ms
I[11:26:37.418] <-- textDocument/documentSymbol(1072)
I[11:26:37.418] <-- textDocument/documentSymbol(1073)
I[11:26:37.418] --> reply:textDocument/documentSymbol(1072) 0 ms
I[11:26:37.418] --> reply:textDocument/documentSymbol(1073) 0 ms
I[11:26:37.418] --> textDocument/clangd.fileStatus
I[11:26:37.440] <-- textDocument/didChange
I[11:26:37.441] --> textDocument/clangd.fileStatus
I[11:26:37.466] <-- textDocument/inlayHint(1074)
I[11:26:37.466] Failed to find compilation database for /home/david/Documentos/prueba_OS/RepasoExamen/311.c
I[11:26:37.467] ASTWorker building file /home/david/Documentos/prueba_OS/RepasoExamen/311.c version 233 with command clangd fallback
[/home/david/Documentos/prueba_OS/RepasoExamen]
/usr/bin/clang -resource-dir=/home/david/.vscode-oss/extensions/kylinideteam.kylin-clangd-0.4.0-linux-x64/res/clangd/lib/clang/21 -- /home/david/Documentos/prueba_OS/RepasoExamen/311.c
I[11:26:37.467] --> textDocument/clangd.fileStatus
I[11:26:37.472] --> textDocument/publishDiagnostics
I[11:26:37.472] --> textDocument/inactiveRegions
I[11:26:37.472] --> reply:textDocument/inlayHint(1074) 5 ms
I[11:26:37.472] --> textDocument/clangd.fileStatus
I[11:26:37.641] <-- textDocument/foldingRange(1075)
I[11:26:37.641] --> reply:textDocument/foldingRange(1075) 0 ms
I[11:26:37.691] <-- textDocument/codeAction(1076)
I[11:26:37.691] --> reply:textDocument/codeAction(1076) 0 ms
I[11:26:37.691] --> textDocument/clangd.fileStatus
I[11:26:37.791] <-- textDocument/documentSymbol(1077)
I[11:26:37.791] <-- textDocument/documentSymbol(1078)
I[11:26:37.791] --> reply:textDocument/documentSymbol(1077) 0 ms
I[11:26:37.791] --> reply:textDocument/documentSymbol(1078) 0 ms
I[11:26:37.791] --> textDocument/clangd.fileStatus
I[11:26:38.103] <-- textDocument/didSave
I[11:26:38.103] File version went from 1 to 1
I[11:26:38.103] File version went from 233 to 233
I[11:26:38.103] --> textDocument/clangd.fileStatus
I[11:26:38.103] --> textDocument/clangd.fileStatus
I[11:26:38.153] Failed to find compilation database for /home/david/Documentos/prueba_OS/RepasoExamen/311.c
I[11:26:38.153] ASTWorker building file /home/david/Documentos/prueba_OS/RepasoExamen/311.c version 233 with command clangd fallback
[/home/david/Documentos/prueba_OS/RepasoExamen]
/usr/bin/clang -resource-dir=/home/david/.vscode-oss/extensions/kylinideteam.kylin-clangd-0.4.0-linux-x64/res/clangd/lib/clang/21 -- /home/david/Documentos/prueba_OS/RepasoExamen/311.c
I[11:26:38.153] Failed to find compilation database for /home/david/Documentos/prueba_OS/RepasoExamen/mistat.c
I[11:26:38.153] ASTWorker building file /home/david/Documentos/prueba_OS/RepasoExamen/mistat.c version 1 with command clangd fallback
[/home/david/Documentos/prueba_OS/RepasoExamen]
/usr/bin/clang -resource-dir=/home/david/.vscode-oss/extensions/kylinideteam.kylin-clangd-0.4.0-linux-x64/res/clangd/lib/clang/21 -- /home/david/Documentos/prueba_OS/RepasoExamen/mistat.c
I[11:26:38.154] --> textDocument/clangd.fileStatus
I[11:26:38.154] --> textDocument/clangd.fileStatus
I[11:26:38.154] --> textDocument/clangd.fileStatus
I[11:26:38.154] --> textDocument/clangd.fileStatus
I[11:26:38.154] --> textDocument/clangd.fileStatus
I[11:26:38.154] --> textDocument/clangd.fileStatus
I[11:26:38.154] --> textDocument/clangd.fileStatus
I[11:26:38.154] --> textDocument/clangd.fileStatus
I[11:26:38.241] <-- textDocument/inlayHint(1079)
I[11:26:38.241] --> reply:textDocument/inlayHint(1079) 0 ms
I[11:26:38.241] --> textDocument/clangd.fileStatus
I[11:26:38.441] <-- textDocument/documentLink(1080)
I[11:26:38.441] --> reply:textDocument/documentLink(1080) 0 ms
I[11:26:38.441] --> textDocument/clangd.fileStatus
I[11:26:39.828] <-- textDocument/codeAction(1081)
I[11:26:39.828] --> reply:textDocument/codeAction(1081) 0 ms
I[11:26:39.828] --> textDocument/clangd.fileStatus
I[11:26:41.580] <-- textDocument/codeAction(1082)
I[11:26:41.581] --> reply:textDocument/codeAction(1082) 0 ms
I[11:26:41.581] --> textDocument/clangd.fileStatus
I[11:26:42.002] <-- textDocument/codeAction(1083)
I[11:26:42.002] --> reply:textDocument/codeAction(1083) 0 ms
I[11:26:42.002] --> textDocument/clangd.fileStatus
I[11:26:42.722] <-- textDocument/definition(1084)
I[11:26:42.722] --> reply:textDocument/definition(1084) 0 ms
I[11:26:42.722] --> textDocument/clangd.fileStatus
I[11:26:42.730] <-- textDocument/didOpen
I[11:26:42.730] Failed to find compilation database for /usr/include/stdio.h
I[11:26:42.730] ASTWorker building file /usr/include/stdio.h version 1 with command clangd fallback
[/usr/include]
/usr/bin/clang -xobjective-c++-header -resource-dir=/home/david/.vscode-oss/extensions/kylinideteam.kylin-clangd-0.4.0-linux-x64/res/clangd/lib/clang/21 -- /usr/include/stdio.h
I[11:26:42.730] <-- textDocument/didClose
I[11:26:42.730] --> textDocument/publishDiagnostics
I[11:26:42.733] <-- textDocument/definition(1085)
I[11:26:42.733] --> reply:textDocument/definition(1085) 0 ms
I[11:26:42.733] --> textDocument/clangd.fileStatus
I[11:26:42.759] <-- textDocument/definition(1086)
I[11:26:42.759] --> reply:textDocument/definition(1086) 0 ms
I[11:26:42.759] --> textDocument/clangd.fileStatus
I[11:26:42.763] <-- textDocument/didOpen
I[11:26:42.764] <-- textDocument/didClose
I[11:26:42.764] --> textDocument/publishDiagnostics
I[11:26:42.764] Failed to find compilation database for /usr/include/stdio.h
I[11:26:42.764] ASTWorker building file /usr/include/stdio.h version 1 with command clangd fallback
[/usr/include]
/usr/bin/clang -xobjective-c++-header -resource-dir=/home/david/.vscode-oss/extensions/kylinideteam.kylin-clangd-0.4.0-linux-x64/res/clangd/lib/clang/21 -- /usr/include/stdio.h
I[11:26:43.761] <-- textDocument/codeAction(1087)
I[11:26:43.762] --> reply:textDocument/codeAction(1087) 0 ms
I[11:26:43.762] --> textDocument/clangd.fileStatus
I[11:26:43.769] <-- textDocument/didChange
I[11:26:43.769] --> textDocument/clangd.fileStatus
I[11:26:43.796] <-- textDocument/inlayHint(1088)
I[11:26:43.796] Failed to find compilation database for /home/david/Documentos/prueba_OS/RepasoExamen/311.c
I[11:26:43.796] ASTWorker building file /home/david/Documentos/prueba_OS/RepasoExamen/311.c version 234 with command clangd fallback
[/home/david/Documentos/prueba_OS/RepasoExamen]
/usr/bin/clang -resource-dir=/home/david/.vscode-oss/extensions/kylinideteam.kylin-clangd-0.4.0-linux-x64/res/clangd/lib/clang/21 -- /home/david/Documentos/prueba_OS/RepasoExamen/311.c
I[11:26:43.797] --> textDocument/clangd.fileStatus
I[11:26:43.801] --> textDocument/publishDiagnostics
I[11:26:43.801] --> textDocument/inactiveRegions
I[11:26:43.801] --> reply:textDocument/inlayHint(1088) 5 ms
I[11:26:43.801] --> textDocument/clangd.fileStatus
I[11:26:43.971] <-- textDocument/foldingRange(1089)
I[11:26:43.971] --> reply:textDocument/foldingRange(1089) 0 ms
I[11:26:44.025] <-- textDocument/didChange
I[11:26:44.025] --> textDocument/clangd.fileStatus
I[11:26:44.051] <-- textDocument/inlayHint(1090)
I[11:26:44.051] Failed to find compilation database for /home/david/Documentos/prueba_OS/RepasoExamen/311.c
I[11:26:44.051] ASTWorker building file /home/david/Documentos/prueba_OS/RepasoExamen/311.c version 235 with command clangd fallback
[/home/david/Documentos/prueba_OS/RepasoExamen]
/usr/bin/clang -resource-dir=/home/david/.vscode-oss/extensions/kylinideteam.kylin-clangd-0.4.0-linux-x64/res/clangd/lib/clang/21 -- /home/david/Documentos/prueba_OS/RepasoExamen/311.c
I[11:26:44.052] --> textDocument/clangd.fileStatus
I[11:26:44.056] --> textDocument/publishDiagnostics
I[11:26:44.056] --> textDocument/inactiveRegions
I[11:26:44.056] --> reply:textDocument/inlayHint(1090) 5 ms
I[11:26:44.056] --> textDocument/clangd.fileStatus
I[11:26:44.226] <-- textDocument/foldingRange(1091)
I[11:26:44.226] --> reply:textDocument/foldingRange(1091) 0 ms
I[11:26:44.276] <-- textDocument/codeAction(1092)
I[11:26:44.276] --> reply:textDocument/codeAction(1092) 0 ms
I[11:26:44.276] --> textDocument/clangd.fileStatus
I[11:26:44.376] <-- textDocument/documentSymbol(1093)
I[11:26:44.376] <-- textDocument/documentSymbol(1094)
I[11:26:44.376] --> reply:textDocument/documentSymbol(1093) 0 ms
I[11:26:44.376] --> reply:textDocument/documentSymbol(1094) 0 ms
I[11:26:44.376] --> textDocument/clangd.fileStatus
I[11:26:44.756] <-- textDocument/hover(1095)
I[11:26:44.757] --> reply:textDocument/hover(1095) 0 ms
I[11:26:44.757] --> textDocument/clangd.fileStatus
I[11:26:44.826] <-- textDocument/inlayHint(1096)
I[11:26:44.826] --> reply:textDocument/inlayHint(1096) 0 ms
I[11:26:44.826] --> textDocument/clangd.fileStatus
I[11:26:44.993] <-- textDocument/hover(1097)
I[11:26:44.993] --> reply:textDocument/hover(1097) 0 ms
I[11:26:44.993] --> textDocument/clangd.fileStatus
I[11:26:45.026] <-- textDocument/documentLink(1098)
I[11:26:45.026] --> reply:textDocument/documentLink(1098) 0 ms
I[11:26:45.026] --> textDocument/clangd.fileStatus
I[11:26:45.803] <-- textDocument/hover(1099)
I[11:26:45.803] --> reply:textDocument/hover(1099) 0 ms
I[11:26:45.803] --> textDocument/clangd.fileStatus
I[11:26:46.115] <-- textDocument/codeAction(1100)
I[11:26:46.115] --> reply:textDocument/codeAction(1100) 0 ms
I[11:26:46.115] --> textDocument/clangd.fileStatus
I[11:26:46.278] <-- textDocument/documentHighlight(1101)
I[11:26:46.279] --> reply:textDocument/documentHighlight(1101) 0 ms
I[11:26:46.279] --> textDocument/clangd.fileStatus
I[11:26:46.413] <-- textDocument/didChange
I[11:26:46.413] --> textDocument/clangd.fileStatus
I[11:26:46.438] <-- textDocument/inlayHint(1102)
I[11:26:46.438] Failed to find compilation database for /home/david/Documentos/prueba_OS/RepasoExamen/311.c
I[11:26:46.438] ASTWorker building file /home/david/Documentos/prueba_OS/RepasoExamen/311.c version 236 with command clangd fallback
[/home/david/Documentos/prueba_OS/RepasoExamen]
/usr/bin/clang -resource-dir=/home/david/.vscode-oss/extensions/kylinideteam.kylin-clangd-0.4.0-linux-x64/res/clangd/lib/clang/21 -- /home/david/Documentos/prueba_OS/RepasoExamen/311.c
I[11:26:46.439] --> textDocument/clangd.fileStatus
I[11:26:46.443] --> textDocument/publishDiagnostics
I[11:26:46.443] --> textDocument/inactiveRegions
I[11:26:46.443] --> reply:textDocument/inlayHint(1102) 5 ms
I[11:26:46.443] --> textDocument/clangd.fileStatus
I[11:26:46.563] <-- textDocument/didChange
I[11:26:46.563] --> textDocument/clangd.fileStatus
I[11:26:46.588] <-- textDocument/inlayHint(1103)
I[11:26:46.588] Failed to find compilation database for /home/david/Documentos/prueba_OS/RepasoExamen/311.c
I[11:26:46.589] ASTWorker building file /home/david/Documentos/prueba_OS/RepasoExamen/311.c version 237 with command clangd fallback
[/home/david/Documentos/prueba_OS/RepasoExamen]
/usr/bin/clang -resource-dir=/home/david/.vscode-oss/extensions/kylinideteam.kylin-clangd-0.4.0-linux-x64/res/clangd/lib/clang/21 -- /home/david/Documentos/prueba_OS/RepasoExamen/311.c
I[11:26:46.589] --> textDocument/clangd.fileStatus
I[11:26:46.594] --> textDocument/publishDiagnostics
I[11:26:46.594] --> textDocument/inactiveRegions
I[11:26:46.594] --> reply:textDocument/inlayHint(1103) 5 ms
I[11:26:46.594] --> textDocument/clangd.fileStatus
I[11:26:46.724] <-- textDocument/didChange
I[11:26:46.724] --> textDocument/clangd.fileStatus
I[11:26:46.750] <-- textDocument/inlayHint(1104)
I[11:26:46.750] Failed to find compilation database for /home/david/Documentos/prueba_OS/RepasoExamen/311.c
I[11:26:46.750] ASTWorker building file /home/david/Documentos/prueba_OS/RepasoExamen/311.c version 238 with command clangd fallback
[/home/david/Documentos/prueba_OS/RepasoExamen]
/usr/bin/clang -resource-dir=/home/david/.vscode-oss/extensions/kylinideteam.kylin-clangd-0.4.0-linux-x64/res/clangd/lib/clang/21 -- /home/david/Documentos/prueba_OS/RepasoExamen/311.c
I[11:26:46.751] --> textDocument/clangd.fileStatus
I[11:26:46.754] --> textDocument/publishDiagnostics
I[11:26:46.754] --> textDocument/inactiveRegions
I[11:26:46.754] --> reply:textDocument/inlayHint(1104) 4 ms
I[11:26:46.754] --> textDocument/clangd.fileStatus
I[11:26:46.852] <-- textDocument/didChange
I[11:26:46.852] --> textDocument/clangd.fileStatus
I[11:26:46.877] <-- textDocument/inlayHint(1105)
I[11:26:46.878] Failed to find compilation database for /home/david/Documentos/prueba_OS/RepasoExamen/311.c
I[11:26:46.878] ASTWorker building file /home/david/Documentos/prueba_OS/RepasoExamen/311.c version 239 with command clangd fallback
[/home/david/Documentos/prueba_OS/RepasoExamen]
/usr/bin/clang -resource-dir=/home/david/.vscode-oss/extensions/kylinideteam.kylin-clangd-0.4.0-linux-x64/res/clangd/lib/clang/21 -- /home/david/Documentos/prueba_OS/RepasoExamen/311.c
I[11:26:46.878] --> textDocument/clangd.fileStatus
I[11:26:46.882] --> textDocument/publishDiagnostics
I[11:26:46.882] --> textDocument/inactiveRegions
I[11:26:46.882] --> reply:textDocument/inlayHint(1105) 4 ms
I[11:26:46.882] --> textDocument/clangd.fileStatus
I[11:26:46.977] <-- textDocument/didChange
I[11:26:46.977] --> textDocument/clangd.fileStatus
I[11:26:47.003] <-- textDocument/inlayHint(1106)
I[11:26:47.003] Failed to find compilation database for /home/david/Documentos/prueba_OS/RepasoExamen/311.c
I[11:26:47.003] ASTWorker building file /home/david/Documentos/prueba_OS/RepasoExamen/311.c version 240 with command clangd fallback
[/home/david/Documentos/prueba_OS/RepasoExamen]
/usr/bin/clang -resource-dir=/home/david/.vscode-oss/extensions/kylinideteam.kylin-clangd-0.4.0-linux-x64/res/clangd/lib/clang/21 -- /home/david/Documentos/prueba_OS/RepasoExamen/311.c
I[11:26:47.004] --> textDocument/clangd.fileStatus
I[11:26:47.007] --> textDocument/publishDiagnostics
I[11:26:47.007] --> textDocument/inactiveRegions
I[11:26:47.007] --> reply:textDocument/inlayHint(1106) 4 ms
I[11:26:47.007] --> textDocument/clangd.fileStatus
I[11:26:47.109] <-- textDocument/didChange
I[11:26:47.109] --> textDocument/clangd.fileStatus
I[11:26:47.134] <-- textDocument/inlayHint(1107)
I[11:26:47.134] Failed to find compilation database for /home/david/Documentos/prueba_OS/RepasoExamen/311.c
I[11:26:47.135] ASTWorker building file /home/david/Documentos/prueba_OS/RepasoExamen/311.c version 241 with command clangd fallback
[/home/david/Documentos/prueba_OS/RepasoExamen]
/usr/bin/clang -resource-dir=/home/david/.vscode-oss/extensions/kylinideteam.kylin-clangd-0.4.0-linux-x64/res/clangd/lib/clang/21 -- /home/david/Documentos/prueba_OS/RepasoExamen/311.c
I[11:26:47.135] --> textDocument/clangd.fileStatus
I[11:26:47.138] --> textDocument/publishDiagnostics
I[11:26:47.138] --> textDocument/inactiveRegions
I[11:26:47.138] --> reply:textDocument/inlayHint(1107) 4 ms
I[11:26:47.139] --> textDocument/clangd.fileStatus
I[11:26:47.229] <-- textDocument/didChange
I[11:26:47.229] --> textDocument/clangd.fileStatus
I[11:26:47.255] <-- textDocument/inlayHint(1108)
I[11:26:47.255] Failed to find compilation database for /home/david/Documentos/prueba_OS/RepasoExamen/311.c
I[11:26:47.255] ASTWorker building file /home/david/Documentos/prueba_OS/RepasoExamen/311.c version 242 with command clangd fallback
[/home/david/Documentos/prueba_OS/RepasoExamen]
/usr/bin/clang -resource-dir=/home/david/.vscode-oss/extensions/kylinideteam.kylin-clangd-0.4.0-linux-x64/res/clangd/lib/clang/21 -- /home/david/Documentos/prueba_OS/RepasoExamen/311.c
I[11:26:47.256] --> textDocument/clangd.fileStatus
I[11:26:47.259] --> textDocument/publishDiagnostics
I[11:26:47.259] --> textDocument/inactiveRegions
I[11:26:47.260] --> reply:textDocument/inlayHint(1108) 4 ms
I[11:26:47.260] --> textDocument/clangd.fileStatus
I[11:26:47.430] <-- textDocument/foldingRange(1109)
I[11:26:47.430] --> reply:textDocument/foldingRange(1109) 0 ms
I[11:26:47.580] <-- textDocument/documentSymbol(1110)
I[11:26:47.580] <-- textDocument/documentSymbol(1111)
I[11:26:47.580] --> reply:textDocument/documentSymbol(1110) 0 ms
I[11:26:47.580] --> reply:textDocument/documentSymbol(1111) 0 ms
I[11:26:47.580] --> textDocument/clangd.fileStatus
I[11:26:48.022] <-- textDocument/didChange
I[11:26:48.022] --> textDocument/clangd.fileStatus
I[11:26:48.048] <-- textDocument/inlayHint(1112)
I[11:26:48.048] Failed to find compilation database for /home/david/Documentos/prueba_OS/RepasoExamen/311.c
I[11:26:48.048] ASTWorker building file /home/david/Documentos/prueba_OS/RepasoExamen/311.c version 243 with command clangd fallback
[/home/david/Documentos/prueba_OS/RepasoExamen]
/usr/bin/clang -resource-dir=/home/david/.vscode-oss/extensions/kylinideteam.kylin-clangd-0.4.0-linux-x64/res/clangd/lib/clang/21 -- /home/david/Documentos/prueba_OS/RepasoExamen/311.c
I[11:26:48.049] --> textDocument/clangd.fileStatus
I[11:26:48.053] --> textDocument/publishDiagnostics
I[11:26:48.053] --> textDocument/inactiveRegions
I[11:26:48.053] --> reply:textDocument/inlayHint(1112) 5 ms
I[11:26:48.053] --> textDocument/clangd.fileStatus
I[11:26:48.192] <-- textDocument/didChange
I[11:26:48.192] --> textDocument/clangd.fileStatus
I[11:26:48.217] <-- textDocument/inlayHint(1113)
I[11:26:48.218] Failed to find compilation database for /home/david/Documentos/prueba_OS/RepasoExamen/311.c
I[11:26:48.218] ASTWorker building file /home/david/Documentos/prueba_OS/RepasoExamen/311.c version 244 with command clangd fallback
[/home/david/Documentos/prueba_OS/RepasoExamen]
/usr/bin/clang -resource-dir=/home/david/.vscode-oss/extensions/kylinideteam.kylin-clangd-0.4.0-linux-x64/res/clangd/lib/clang/21 -- /home/david/Documentos/prueba_OS/RepasoExamen/311.c
I[11:26:48.219] --> textDocument/clangd.fileStatus
I[11:26:48.222] --> textDocument/publishDiagnostics
I[11:26:48.222] --> textDocument/inactiveRegions
I[11:26:48.222] --> reply:textDocument/inlayHint(1113) 4 ms
I[11:26:48.222] --> textDocument/clangd.fileStatus
I[11:26:48.346] <-- textDocument/didChange
I[11:26:48.346] --> textDocument/clangd.fileStatus
I[11:26:48.371] <-- textDocument/inlayHint(1114)
I[11:26:48.372] Failed to find compilation database for /home/david/Documentos/prueba_OS/RepasoExamen/311.c
I[11:26:48.372] ASTWorker building file /home/david/Documentos/prueba_OS/RepasoExamen/311.c version 245 with command clangd fallback
[/home/david/Documentos/prueba_OS/RepasoExamen]
/usr/bin/clang -resource-dir=/home/david/.vscode-oss/extensions/kylinideteam.kylin-clangd-0.4.0-linux-x64/res/clangd/lib/clang/21 -- /home/david/Documentos/prueba_OS/RepasoExamen/311.c
I[11:26:48.373] --> textDocument/clangd.fileStatus
I[11:26:48.376] --> textDocument/publishDiagnostics
I[11:26:48.376] --> textDocument/inactiveRegions
I[11:26:48.376] --> reply:textDocument/inlayHint(1114) 5 ms
I[11:26:48.377] --> textDocument/clangd.fileStatus
I[11:26:48.501] <-- textDocument/didChange
I[11:26:48.501] --> textDocument/clangd.fileStatus
I[11:26:48.526] <-- textDocument/inlayHint(1115)
I[11:26:48.527] Failed to find compilation database for /home/david/Documentos/prueba_OS/RepasoExamen/311.c
I[11:26:48.527] ASTWorker building file /home/david/Documentos/prueba_OS/RepasoExamen/311.c version 246 with command clangd fallback
[/home/david/Documentos/prueba_OS/RepasoExamen]
/usr/bin/clang -resource-dir=/home/david/.vscode-oss/extensions/kylinideteam.kylin-clangd-0.4.0-linux-x64/res/clangd/lib/clang/21 -- /home/david/Documentos/prueba_OS/RepasoExamen/311.c
I[11:26:48.528] --> textDocument/clangd.fileStatus
I[11:26:48.531] --> textDocument/publishDiagnostics
I[11:26:48.531] --> textDocument/inactiveRegions
I[11:26:48.531] --> reply:textDocument/inlayHint(1115) 4 ms
I[11:26:48.531] --> textDocument/clangd.fileStatus
I[11:26:48.695] <-- textDocument/didChange
I[11:26:48.695] --> textDocument/clangd.fileStatus
I[11:26:48.721] <-- textDocument/inlayHint(1116)
I[11:26:48.721] Failed to find compilation database for /home/david/Documentos/prueba_OS/RepasoExamen/311.c
I[11:26:48.721] ASTWorker building file /home/david/Documentos/prueba_OS/RepasoExamen/311.c version 247 with command clangd fallback
[/home/david/Documentos/prueba_OS/RepasoExamen]
/usr/bin/clang -resource-dir=/home/david/.vscode-oss/extensions/kylinideteam.kylin-clangd-0.4.0-linux-x64/res/clangd/lib/clang/21 -- /home/david/Documentos/prueba_OS/RepasoExamen/311.c
I[11:26:48.721] --> textDocument/clangd.fileStatus
I[11:26:48.725] --> textDocument/publishDiagnostics
I[11:26:48.725] --> textDocument/inactiveRegions
I[11:26:48.725] --> reply:textDocument/inlayHint(1116) 4 ms
I[11:26:48.725] --> textDocument/clangd.fileStatus
I[11:26:48.832] <-- textDocument/didChange
I[11:26:48.832] --> textDocument/clangd.fileStatus
I[11:26:48.858] <-- textDocument/inlayHint(1117)
I[11:26:48.858] Failed to find compilation database for /home/david/Documentos/prueba_OS/RepasoExamen/311.c
I[11:26:48.858] ASTWorker building file /home/david/Documentos/prueba_OS/RepasoExamen/311.c version 248 with command clangd fallback
[/home/david/Documentos/prueba_OS/RepasoExamen]
/usr/bin/clang -resource-dir=/home/david/.vscode-oss/extensions/kylinideteam.kylin-clangd-0.4.0-linux-x64/res/clangd/lib/clang/21 -- /home/david/Documentos/prueba_OS/RepasoExamen/311.c
I[11:26:48.859] --> textDocument/clangd.fileStatus
I[11:26:48.862] --> textDocument/publishDiagnostics
I[11:26:48.863] --> textDocument/inactiveRegions
I[11:26:48.863] --> reply:textDocument/inlayHint(1117) 4 ms
I[11:26:48.863] --> textDocument/clangd.fileStatus
I[11:26:49.033] <-- textDocument/foldingRange(1118)
I[11:26:49.033] --> reply:textDocument/foldingRange(1118) 0 ms
I[11:26:49.083] <-- textDocument/codeAction(1119)
I[11:26:49.083] --> reply:textDocument/codeAction(1119) 0 ms
I[11:26:49.083] --> textDocument/clangd.fileStatus
I[11:26:49.182] <-- textDocument/documentSymbol(1120)
I[11:26:49.183] --> reply:textDocument/documentSymbol(1120) 0 ms
I[11:26:49.183] --> textDocument/clangd.fileStatus
I[11:26:49.183] <-- textDocument/documentSymbol(1121)
I[11:26:49.183] --> reply:textDocument/documentSymbol(1121) 0 ms
I[11:26:49.183] --> textDocument/clangd.fileStatus
I[11:26:49.508] <-- textDocument/didSave
I[11:26:49.508] File version went from 1 to 1
I[11:26:49.508] File version went from 248 to 248
I[11:26:49.509] --> textDocument/clangd.fileStatus
I[11:26:49.509] --> textDocument/clangd.fileStatus
I[11:26:49.559] Failed to find compilation database for /home/david/Documentos/prueba_OS/RepasoExamen/311.c
I[11:26:49.559] ASTWorker building file /home/david/Documentos/prueba_OS/RepasoExamen/311.c version 248 with command clangd fallback
[/home/david/Documentos/prueba_OS/RepasoExamen]
/usr/bin/clang -resource-dir=/home/david/.vscode-oss/extensions/kylinideteam.kylin-clangd-0.4.0-linux-x64/res/clangd/lib/clang/21 -- /home/david/Documentos/prueba_OS/RepasoExamen/311.c
I[11:26:49.559] Failed to find compilation database for /home/david/Documentos/prueba_OS/RepasoExamen/mistat.c
I[11:26:49.559] ASTWorker building file /home/david/Documentos/prueba_OS/RepasoExamen/mistat.c version 1 with command clangd fallback
[/home/david/Documentos/prueba_OS/RepasoExamen]
/usr/bin/clang -resource-dir=/home/david/.vscode-oss/extensions/kylinideteam.kylin-clangd-0.4.0-linux-x64/res/clangd/lib/clang/21 -- /home/david/Documentos/prueba_OS/RepasoExamen/mistat.c
I[11:26:49.559] --> textDocument/clangd.fileStatus
I[11:26:49.559] --> textDocument/clangd.fileStatus
I[11:26:49.559] --> textDocument/clangd.fileStatus
I[11:26:49.559] --> textDocument/clangd.fileStatus
I[11:26:49.560] --> textDocument/clangd.fileStatus
I[11:26:49.560] --> textDocument/clangd.fileStatus
I[11:26:49.560] --> textDocument/clangd.fileStatus
I[11:26:49.560] --> textDocument/clangd.fileStatus
I[11:26:49.633] <-- textDocument/inlayHint(1122)
I[11:26:49.633] --> reply:textDocument/inlayHint(1122) 0 ms
I[11:26:49.633] --> textDocument/clangd.fileStatus
I[11:26:49.833] <-- textDocument/documentLink(1123)
I[11:26:49.833] --> reply:textDocument/documentLink(1123) 0 ms
I[11:26:49.833] --> textDocument/clangd.fileStatus
I[11:27:08.104] <-- textDocument/hover(1124)
I[11:27:08.104] --> reply:textDocument/hover(1124) 0 ms
I[11:27:08.104] --> textDocument/clangd.fileStatus
I[11:27:09.589] <-- textDocument/hover(1125)
I[11:27:09.590] --> reply:textDocument/hover(1125) 0 ms
I[11:27:09.590] --> textDocument/clangd.fileStatus
I[11:27:09.812] <-- textDocument/hover(1126)
I[11:27:09.812] --> reply:textDocument/hover(1126) 0 ms
I[11:27:09.812] --> textDocument/clangd.fileStatus
I[11:27:10.050] <-- textDocument/documentHighlight(1127)
I[11:27:10.050] --> reply:textDocument/documentHighlight(1127) 0 ms
I[11:27:10.050] --> textDocument/clangd.fileStatus
I[11:27:10.250] <-- textDocument/codeAction(1128)
I[11:27:10.250] --> reply:textDocument/codeAction(1128) 0 ms
I[11:27:10.250] --> textDocument/clangd.fileStatus
I[11:27:11.222] <-- textDocument/didChange
I[11:27:11.222] --> textDocument/clangd.fileStatus
I[11:27:11.248] <-- textDocument/inlayHint(1129)
I[11:27:11.248] Failed to find compilation database for /home/david/Documentos/prueba_OS/RepasoExamen/311.c
I[11:27:11.249] ASTWorker building file /home/david/Documentos/prueba_OS/RepasoExamen/311.c version 249 with command clangd fallback
[/home/david/Documentos/prueba_OS/RepasoExamen]
/usr/bin/clang -resource-dir=/home/david/.vscode-oss/extensions/kylinideteam.kylin-clangd-0.4.0-linux-x64/res/clangd/lib/clang/21 -- /home/david/Documentos/prueba_OS/RepasoExamen/311.c
I[11:27:11.249] --> textDocument/clangd.fileStatus
I[11:27:11.252] --> textDocument/publishDiagnostics
I[11:27:11.253] --> textDocument/inactiveRegions
I[11:27:11.253] --> reply:textDocument/inlayHint(1129) 4 ms
I[11:27:11.253] --> textDocument/clangd.fileStatus
I[11:27:11.423] <-- textDocument/foldingRange(1130)
I[11:27:11.424] --> reply:textDocument/foldingRange(1130) 0 ms
I[11:27:11.505] <-- textDocument/codeAction(1131)
I[11:27:11.506] --> reply:textDocument/codeAction(1131) 0 ms
I[11:27:11.506] --> textDocument/clangd.fileStatus
I[11:27:11.573] <-- textDocument/documentSymbol(1132)
I[11:27:11.573] --> reply:textDocument/documentSymbol(1132) 0 ms
I[11:27:11.573] --> textDocument/clangd.fileStatus
I[11:27:11.573] <-- textDocument/documentSymbol(1133)
I[11:27:11.574] --> reply:textDocument/documentSymbol(1133) 0 ms
I[11:27:11.574] --> textDocument/clangd.fileStatus
I[11:27:11.918] <-- textDocument/didChange
I[11:27:11.918] --> textDocument/clangd.fileStatus
I[11:27:11.944] <-- textDocument/inlayHint(1134)
I[11:27:11.944] Failed to find compilation database for /home/david/Documentos/prueba_OS/RepasoExamen/311.c
I[11:27:11.944] ASTWorker building file /home/david/Documentos/prueba_OS/RepasoExamen/311.c version 250 with command clangd fallback
[/home/david/Documentos/prueba_OS/RepasoExamen]
/usr/bin/clang -resource-dir=/home/david/.vscode-oss/extensions/kylinideteam.kylin-clangd-0.4.0-linux-x64/res/clangd/lib/clang/21 -- /home/david/Documentos/prueba_OS/RepasoExamen/311.c
I[11:27:11.945] --> textDocument/clangd.fileStatus
I[11:27:11.948] --> textDocument/publishDiagnostics
I[11:27:11.948] --> textDocument/inactiveRegions
I[11:27:11.948] --> reply:textDocument/inlayHint(1134) 4 ms
I[11:27:11.948] --> textDocument/clangd.fileStatus
I[11:27:12.118] <-- textDocument/foldingRange(1135)
I[11:27:12.118] --> reply:textDocument/foldingRange(1135) 0 ms
I[11:27:12.201] <-- textDocument/codeAction(1136)
I[11:27:12.201] --> reply:textDocument/codeAction(1136) 0 ms
I[11:27:12.201] --> textDocument/clangd.fileStatus
I[11:27:12.268] <-- textDocument/documentSymbol(1137)
I[11:27:12.268] <-- textDocument/documentSymbol(1138)
I[11:27:12.268] --> reply:textDocument/documentSymbol(1137) 0 ms
I[11:27:12.268] --> reply:textDocument/documentSymbol(1138) 0 ms
I[11:27:12.268] --> textDocument/clangd.fileStatus
I[11:27:12.718] <-- textDocument/inlayHint(1139)
I[11:27:12.718] --> reply:textDocument/inlayHint(1139) 0 ms
I[11:27:12.718] --> textDocument/clangd.fileStatus
I[11:27:12.832] <-- textDocument/hover(1140)
I[11:27:12.833] --> reply:textDocument/hover(1140) 0 ms
I[11:27:12.833] --> textDocument/clangd.fileStatus
I[11:27:12.918] <-- textDocument/documentLink(1141)
I[11:27:12.918] --> reply:textDocument/documentLink(1141) 0 ms
I[11:27:12.918] --> textDocument/clangd.fileStatus
I[11:27:13.112] <-- textDocument/documentHighlight(1142)
I[11:27:13.112] --> reply:textDocument/documentHighlight(1142) 0 ms
I[11:27:13.112] --> textDocument/clangd.fileStatus
I[11:27:13.312] <-- textDocument/codeAction(1143)
I[11:27:13.312] --> reply:textDocument/codeAction(1143) 0 ms
I[11:27:13.312] --> textDocument/clangd.fileStatus
I[11:27:13.690] <-- textDocument/didChange
I[11:27:13.690] --> textDocument/clangd.fileStatus
I[11:27:13.716] <-- textDocument/inlayHint(1144)
I[11:27:13.716] Failed to find compilation database for /home/david/Documentos/prueba_OS/RepasoExamen/311.c
I[11:27:13.716] ASTWorker building file /home/david/Documentos/prueba_OS/RepasoExamen/311.c version 251 with command clangd fallback
[/home/david/Documentos/prueba_OS/RepasoExamen]
/usr/bin/clang -resource-dir=/home/david/.vscode-oss/extensions/kylinideteam.kylin-clangd-0.4.0-linux-x64/res/clangd/lib/clang/21 -- /home/david/Documentos/prueba_OS/RepasoExamen/311.c
I[11:27:13.717] --> textDocument/clangd.fileStatus
I[11:27:13.720] --> textDocument/publishDiagnostics
I[11:27:13.720] --> textDocument/inactiveRegions
I[11:27:13.720] --> reply:textDocument/inlayHint(1144) 4 ms
I[11:27:13.720] --> textDocument/clangd.fileStatus
I[11:27:13.890] <-- textDocument/foldingRange(1145)
I[11:27:13.891] --> reply:textDocument/foldingRange(1145) 0 ms
I[11:27:13.972] <-- textDocument/codeAction(1146)
I[11:27:13.972] --> reply:textDocument/codeAction(1146) 0 ms
I[11:27:13.972] --> textDocument/clangd.fileStatus
I[11:27:14.040] <-- textDocument/documentSymbol(1147)
I[11:27:14.040] <-- textDocument/documentSymbol(1148)
I[11:27:14.040] --> reply:textDocument/documentSymbol(1147) 0 ms
I[11:27:14.040] --> reply:textDocument/documentSymbol(1148) 0 ms
I[11:27:14.040] --> textDocument/clangd.fileStatus
I[11:27:14.351] <-- textDocument/didChange
I[11:27:14.352] --> textDocument/clangd.fileStatus
I[11:27:14.377] <-- textDocument/inlayHint(1149)
I[11:27:14.377] Failed to find compilation database for /home/david/Documentos/prueba_OS/RepasoExamen/311.c
I[11:27:14.377] ASTWorker building file /home/david/Documentos/prueba_OS/RepasoExamen/311.c version 252 with command clangd fallback
[/home/david/Documentos/prueba_OS/RepasoExamen]
/usr/bin/clang -resource-dir=/home/david/.vscode-oss/extensions/kylinideteam.kylin-clangd-0.4.0-linux-x64/res/clangd/lib/clang/21 -- /home/david/Documentos/prueba_OS/RepasoExamen/311.c
I[11:27:14.378] --> textDocument/clangd.fileStatus
I[11:27:14.381] --> textDocument/publishDiagnostics
I[11:27:14.381] --> textDocument/inactiveRegions
I[11:27:14.381] --> reply:textDocument/inlayHint(1149) 4 ms
I[11:27:14.381] --> textDocument/clangd.fileStatus
I[11:27:14.552] <-- textDocument/foldingRange(1150)
I[11:27:14.552] --> reply:textDocument/foldingRange(1150) 0 ms
I[11:27:14.633] <-- textDocument/codeAction(1151)
I[11:27:14.634] --> reply:textDocument/codeAction(1151) 0 ms
I[11:27:14.634] --> textDocument/clangd.fileStatus
I[11:27:14.702] <-- textDocument/documentSymbol(1152)
I[11:27:14.702] <-- textDocument/documentSymbol(1153)
I[11:27:14.702] --> reply:textDocument/documentSymbol(1152) 0 ms
I[11:27:14.702] --> reply:textDocument/documentSymbol(1153) 0 ms
I[11:27:14.702] --> textDocument/clangd.fileStatus
I[11:27:15.151] <-- textDocument/inlayHint(1154)
I[11:27:15.152] --> reply:textDocument/inlayHint(1154) 0 ms
I[11:27:15.152] --> textDocument/clangd.fileStatus
I[11:27:15.352] <-- textDocument/documentLink(1155)
I[11:27:15.352] --> reply:textDocument/documentLink(1155) 0 ms
I[11:27:15.352] --> textDocument/clangd.fileStatus
I[11:27:16.296] <-- textDocument/hover(1156)
I[11:27:16.296] --> reply:textDocument/hover(1156) 0 ms
I[11:27:16.296] --> textDocument/clangd.fileStatus
I[11:27:46.763] <-- textDocument/documentHighlight(1157)
I[11:27:46.763] --> reply:textDocument/documentHighlight(1157) 0 ms
I[11:27:46.763] --> textDocument/clangd.fileStatus
I[11:27:46.956] <-- textDocument/didSave
I[11:27:46.956] File version went from 1 to 1
I[11:27:46.956] File version went from 252 to 252
I[11:27:46.956] --> textDocument/clangd.fileStatus
I[11:27:46.956] --> textDocument/clangd.fileStatus
I[11:27:46.963] <-- textDocument/codeAction(1158)
I[11:27:46.963] Failed to find compilation database for /home/david/Documentos/prueba_OS/RepasoExamen/311.c
I[11:27:46.963] ASTWorker building file /home/david/Documentos/prueba_OS/RepasoExamen/311.c version 252 with command clangd fallback
[/home/david/Documentos/prueba_OS/RepasoExamen]
/usr/bin/clang -resource-dir=/home/david/.vscode-oss/extensions/kylinideteam.kylin-clangd-0.4.0-linux-x64/res/clangd/lib/clang/21 -- /home/david/Documentos/prueba_OS/RepasoExamen/311.c
I[11:27:46.963] --> reply:textDocument/codeAction(1158) 0 ms
I[11:27:46.964] --> textDocument/clangd.fileStatus
I[11:27:46.964] --> textDocument/clangd.fileStatus
I[11:27:46.964] --> textDocument/clangd.fileStatus
I[11:27:46.964] --> textDocument/clangd.fileStatus
I[11:27:47.006] Failed to find compilation database for /home/david/Documentos/prueba_OS/RepasoExamen/mistat.c
I[11:27:47.006] ASTWorker building file /home/david/Documentos/prueba_OS/RepasoExamen/mistat.c version 1 with command clangd fallback
[/home/david/Documentos/prueba_OS/RepasoExamen]
/usr/bin/clang -resource-dir=/home/david/.vscode-oss/extensions/kylinideteam.kylin-clangd-0.4.0-linux-x64/res/clangd/lib/clang/21 -- /home/david/Documentos/prueba_OS/RepasoExamen/mistat.c
I[11:27:47.007] --> textDocument/clangd.fileStatus
I[11:27:47.007] --> textDocument/clangd.fileStatus
I[11:27:47.007] --> textDocument/clangd.fileStatus
I[11:27:47.007] --> textDocument/clangd.fileStatus
I[11:27:50.651] <-- textDocument/codeAction(1159)
I[11:27:50.651] --> reply:textDocument/codeAction(1159) 0 ms
I[11:27:50.651] --> textDocument/clangd.fileStatus
I[11:27:51.837] <-- textDocument/didChange
I[11:27:51.838] --> textDocument/clangd.fileStatus
I[11:27:51.865] <-- textDocument/inlayHint(1160)
I[11:27:51.865] Failed to find compilation database for /home/david/Documentos/prueba_OS/RepasoExamen/311.c
I[11:27:51.865] ASTWorker building file /home/david/Documentos/prueba_OS/RepasoExamen/311.c version 253 with command clangd fallback
[/home/david/Documentos/prueba_OS/RepasoExamen]
/usr/bin/clang -resource-dir=/home/david/.vscode-oss/extensions/kylinideteam.kylin-clangd-0.4.0-linux-x64/res/clangd/lib/clang/21 -- /home/david/Documentos/prueba_OS/RepasoExamen/311.c
I[11:27:51.866] --> textDocument/clangd.fileStatus
I[11:27:51.869] --> textDocument/publishDiagnostics
I[11:27:51.869] --> textDocument/inactiveRegions
I[11:27:51.869] --> reply:textDocument/inlayHint(1160) 4 ms
I[11:27:51.869] --> textDocument/clangd.fileStatus
I[11:27:52.039] <-- textDocument/foldingRange(1161)
I[11:27:52.040] --> reply:textDocument/foldingRange(1161) 0 ms
I[11:27:52.190] <-- textDocument/documentSymbol(1162)
I[11:27:52.190] <-- textDocument/documentSymbol(1163)
I[11:27:52.190] --> reply:textDocument/documentSymbol(1162) 0 ms
I[11:27:52.190] --> reply:textDocument/documentSymbol(1163) 0 ms
I[11:27:52.190] --> textDocument/clangd.fileStatus
I[11:27:52.640] <-- textDocument/inlayHint(1164)
I[11:27:52.640] --> reply:textDocument/inlayHint(1164) 0 ms
I[11:27:52.640] --> textDocument/clangd.fileStatus
I[11:27:52.840] <-- textDocument/documentLink(1165)
I[11:27:52.840] --> reply:textDocument/documentLink(1165) 0 ms
I[11:27:52.840] --> textDocument/clangd.fileStatus
I[11:27:52.916] <-- textDocument/didChange
I[11:27:52.916] --> textDocument/clangd.fileStatus
I[11:27:52.927] <-- textDocument/completion(1166)
I[11:27:52.932] Code complete: sema context Statement, query scopes [] (AnyScope=true), expected type <none>
I[11:27:52.932] Code complete: 4 results from Sema, 100 from Index, 0 matched, 0 from identifiers, 100 returned (incomplete).
I[11:27:52.934] --> reply:textDocument/completion(1166) 6 ms
I[11:27:52.947] <-- textDocument/inlayHint(1167)
I[11:27:52.947] Failed to find compilation database for /home/david/Documentos/prueba_OS/RepasoExamen/311.c
I[11:27:52.948] ASTWorker building file /home/david/Documentos/prueba_OS/RepasoExamen/311.c version 254 with command clangd fallback
[/home/david/Documentos/prueba_OS/RepasoExamen]
/usr/bin/clang -resource-dir=/home/david/.vscode-oss/extensions/kylinideteam.kylin-clangd-0.4.0-linux-x64/res/clangd/lib/clang/21 -- /home/david/Documentos/prueba_OS/RepasoExamen/311.c
I[11:27:52.948] --> textDocument/clangd.fileStatus
I[11:27:52.952] --> textDocument/publishDiagnostics
I[11:27:52.952] --> textDocument/inactiveRegions
I[11:27:52.953] --> reply:textDocument/inlayHint(1167) 5 ms
I[11:27:52.953] --> textDocument/clangd.fileStatus
I[11:27:53.116] <-- textDocument/foldingRange(1168)
I[11:27:53.116] --> reply:textDocument/foldingRange(1168) 0 ms
I[11:27:53.205] <-- textDocument/codeAction(1169)
I[11:27:53.205] --> reply:textDocument/codeAction(1169) 0 ms
I[11:27:53.205] --> textDocument/clangd.fileStatus
I[11:27:53.231] <-- textDocument/didChange
I[11:27:53.231] --> textDocument/clangd.fileStatus
I[11:27:53.231] <-- textDocument/completion(1170)
I[11:27:53.236] Code complete: sema context Statement, query scopes [] (AnyScope=true), expected type <none>
I[11:27:53.236] Code complete: 2 results from Sema, 100 from Index, 1 matched, 0 from identifiers, 100 returned (incomplete).
I[11:27:53.238] --> reply:textDocument/completion(1170) 7 ms
I[11:27:53.257] <-- textDocument/inlayHint(1171)
I[11:27:53.257] Failed to find compilation database for /home/david/Documentos/prueba_OS/RepasoExamen/311.c
I[11:27:53.257] ASTWorker building file /home/david/Documentos/prueba_OS/RepasoExamen/311.c version 255 with command clangd fallback
[/home/david/Documentos/prueba_OS/RepasoExamen]
/usr/bin/clang -resource-dir=/home/david/.vscode-oss/extensions/kylinideteam.kylin-clangd-0.4.0-linux-x64/res/clangd/lib/clang/21 -- /home/david/Documentos/prueba_OS/RepasoExamen/311.c
I[11:27:53.258] --> textDocument/clangd.fileStatus
I[11:27:53.262] --> textDocument/publishDiagnostics
I[11:27:53.262] --> textDocument/inactiveRegions
I[11:27:53.263] --> reply:textDocument/inlayHint(1171) 5 ms
I[11:27:53.263] --> textDocument/clangd.fileStatus
I[11:27:53.266] <-- textDocument/documentSymbol(1172)
I[11:27:53.266] --> reply:textDocument/documentSymbol(1172) 0 ms
I[11:27:53.266] --> textDocument/clangd.fileStatus
I[11:27:53.334] <-- textDocument/didChange
I[11:27:53.334] --> textDocument/clangd.fileStatus
I[11:27:53.334] <-- textDocument/completion(1173)
I[11:27:53.339] Code complete: sema context Statement, query scopes [] (AnyScope=true), expected type <none>
I[11:27:53.339] Code complete: 1 results from Sema, 92 from Index, 1 matched, 0 from identifiers, 92 returned (incomplete).
I[11:27:53.340] --> reply:textDocument/completion(1173) 6 ms
I[11:27:53.360] <-- textDocument/inlayHint(1174)
I[11:27:53.360] Failed to find compilation database for /home/david/Documentos/prueba_OS/RepasoExamen/311.c
I[11:27:53.360] ASTWorker building file /home/david/Documentos/prueba_OS/RepasoExamen/311.c version 256 with command clangd fallback
[/home/david/Documentos/prueba_OS/RepasoExamen]
/usr/bin/clang -resource-dir=/home/david/.vscode-oss/extensions/kylinideteam.kylin-clangd-0.4.0-linux-x64/res/clangd/lib/clang/21 -- /home/david/Documentos/prueba_OS/RepasoExamen/311.c
I[11:27:53.361] --> textDocument/clangd.fileStatus
I[11:27:53.365] --> textDocument/publishDiagnostics
I[11:27:53.365] --> textDocument/inactiveRegions
I[11:27:53.365] --> reply:textDocument/inlayHint(1174) 5 ms
I[11:27:53.365] --> textDocument/clangd.fileStatus
I[11:27:53.535] <-- textDocument/foldingRange(1175)
I[11:27:53.535] --> reply:textDocument/foldingRange(1175) 0 ms
I[11:27:53.562] <-- textDocument/didChange
I[11:27:53.562] --> textDocument/clangd.fileStatus
I[11:27:53.562] <-- textDocument/completion(1176)
I[11:27:53.565] Code complete: sema context Statement, query scopes [] (AnyScope=true), expected type <none>
I[11:27:53.566] Code complete: 1 results from Sema, 5 from Index, 1 matched, 0 from identifiers, 5 returned.
I[11:27:53.566] --> reply:textDocument/completion(1176) 3 ms
I[11:27:53.588] <-- textDocument/inlayHint(1177)
I[11:27:53.588] Failed to find compilation database for /home/david/Documentos/prueba_OS/RepasoExamen/311.c
I[11:27:53.588] ASTWorker building file /home/david/Documentos/prueba_OS/RepasoExamen/311.c version 257 with command clangd fallback
[/home/david/Documentos/prueba_OS/RepasoExamen]
/usr/bin/clang -resource-dir=/home/david/.vscode-oss/extensions/kylinideteam.kylin-clangd-0.4.0-linux-x64/res/clangd/lib/clang/21 -- /home/david/Documentos/prueba_OS/RepasoExamen/311.c
I[11:27:53.589] --> textDocument/clangd.fileStatus
I[11:27:53.592] --> textDocument/publishDiagnostics
I[11:27:53.592] --> textDocument/inactiveRegions
I[11:27:53.592] --> reply:textDocument/inlayHint(1177) 4 ms
I[11:27:53.592] --> textDocument/clangd.fileStatus
I[11:27:53.763] <-- textDocument/foldingRange(1178)
I[11:27:53.763] --> reply:textDocument/foldingRange(1178) 0 ms
I[11:27:53.800] <-- textDocument/didChange
I[11:27:53.800] --> textDocument/clangd.fileStatus
I[11:27:53.808] <-- textDocument/signatureHelp(1179)
I[11:27:53.811] --> reply:textDocument/signatureHelp(1179) 3 ms
I[11:27:53.826] <-- textDocument/inlayHint(1180)
I[11:27:53.826] Failed to find compilation database for /home/david/Documentos/prueba_OS/RepasoExamen/311.c
I[11:27:53.826] ASTWorker building file /home/david/Documentos/prueba_OS/RepasoExamen/311.c version 258 with command clangd fallback
[/home/david/Documentos/prueba_OS/RepasoExamen]
/usr/bin/clang -resource-dir=/home/david/.vscode-oss/extensions/kylinideteam.kylin-clangd-0.4.0-linux-x64/res/clangd/lib/clang/21 -- /home/david/Documentos/prueba_OS/RepasoExamen/311.c
I[11:27:53.827] --> textDocument/clangd.fileStatus
I[11:27:53.830] --> textDocument/publishDiagnostics
I[11:27:53.830] --> textDocument/inactiveRegions
I[11:27:53.830] --> reply:textDocument/inlayHint(1180) 4 ms
I[11:27:53.831] --> textDocument/clangd.fileStatus
I[11:27:54.001] <-- textDocument/foldingRange(1181)
I[11:27:54.002] --> reply:textDocument/foldingRange(1181) 0 ms
I[11:27:54.083] <-- textDocument/codeAction(1182)
I[11:27:54.083] --> reply:textDocument/codeAction(1182) 0 ms
I[11:27:54.083] --> textDocument/clangd.fileStatus
I[11:27:54.151] <-- textDocument/documentSymbol(1183)
I[11:27:54.151] <-- textDocument/documentSymbol(1184)
I[11:27:54.151] --> reply:textDocument/documentSymbol(1183) 0 ms
I[11:27:54.152] --> reply:textDocument/documentSymbol(1184) 0 ms
I[11:27:54.152] --> textDocument/clangd.fileStatus
I[11:27:54.602] <-- textDocument/inlayHint(1185)
I[11:27:54.602] --> reply:textDocument/inlayHint(1185) 0 ms
I[11:27:54.602] --> textDocument/clangd.fileStatus
I[11:27:54.801] <-- textDocument/documentLink(1186)
I[11:27:54.801] --> reply:textDocument/documentLink(1186) 0 ms
I[11:27:54.801] --> textDocument/clangd.fileStatus
I[11:27:54.901] <-- textDocument/didChange
I[11:27:54.901] --> textDocument/clangd.fileStatus
I[11:27:54.902] <-- textDocument/completion(1187)
I[11:27:54.905] Code complete: 0 results from Sema, 0 from Index, 0 matched, 0 from identifiers, 0 returned.
I[11:27:54.905] --> reply:textDocument/completion(1187) 3 ms
I[11:27:54.927] <-- textDocument/inlayHint(1188)
I[11:27:54.927] Failed to find compilation database for /home/david/Documentos/prueba_OS/RepasoExamen/311.c
I[11:27:54.927] ASTWorker building file /home/david/Documentos/prueba_OS/RepasoExamen/311.c version 259 with command clangd fallback
[/home/david/Documentos/prueba_OS/RepasoExamen]
/usr/bin/clang -resource-dir=/home/david/.vscode-oss/extensions/kylinideteam.kylin-clangd-0.4.0-linux-x64/res/clangd/lib/clang/21 -- /home/david/Documentos/prueba_OS/RepasoExamen/311.c
I[11:27:54.928] --> textDocument/clangd.fileStatus
I[11:27:54.932] --> textDocument/publishDiagnostics
I[11:27:54.932] --> textDocument/inactiveRegions
I[11:27:54.932] --> reply:textDocument/inlayHint(1188) 5 ms
I[11:27:54.932] --> textDocument/clangd.fileStatus
I[11:27:55.022] <-- textDocument/signatureHelp(1189)
I[11:27:55.025] --> reply:textDocument/signatureHelp(1189) 3 ms
I[11:27:55.101] <-- textDocument/foldingRange(1190)
I[11:27:55.102] --> reply:textDocument/foldingRange(1190) 0 ms
I[11:27:55.185] <-- textDocument/codeAction(1191)
I[11:27:55.185] --> reply:textDocument/codeAction(1191) 0 ms
I[11:27:55.185] --> textDocument/clangd.fileStatus
I[11:27:55.251] <-- textDocument/documentSymbol(1192)
I[11:27:55.251] <-- textDocument/documentSymbol(1193)
I[11:27:55.252] --> reply:textDocument/documentSymbol(1192) 0 ms
I[11:27:55.252] --> reply:textDocument/documentSymbol(1193) 0 ms
I[11:27:55.252] --> textDocument/clangd.fileStatus
I[11:27:55.387] <-- textDocument/didChange
I[11:27:55.387] --> textDocument/clangd.fileStatus
I[11:27:55.413] <-- textDocument/inlayHint(1194)
I[11:27:55.413] Failed to find compilation database for /home/david/Documentos/prueba_OS/RepasoExamen/311.c
I[11:27:55.413] ASTWorker building file /home/david/Documentos/prueba_OS/RepasoExamen/311.c version 260 with command clangd fallback
[/home/david/Documentos/prueba_OS/RepasoExamen]
/usr/bin/clang -resource-dir=/home/david/.vscode-oss/extensions/kylinideteam.kylin-clangd-0.4.0-linux-x64/res/clangd/lib/clang/21 -- /home/david/Documentos/prueba_OS/RepasoExamen/311.c
I[11:27:55.414] --> textDocument/clangd.fileStatus
I[11:27:55.418] --> textDocument/publishDiagnostics
I[11:27:55.418] --> textDocument/inactiveRegions
I[11:27:55.418] --> reply:textDocument/inlayHint(1194) 5 ms
I[11:27:55.418] --> textDocument/clangd.fileStatus
I[11:27:55.508] <-- textDocument/signatureHelp(1195)
I[11:27:55.511] --> reply:textDocument/signatureHelp(1195) 3 ms
I[11:27:55.514] <-- textDocument/didChange
I[11:27:55.514] --> textDocument/clangd.fileStatus
I[11:27:55.539] <-- textDocument/inlayHint(1196)
I[11:27:55.539] Failed to find compilation database for /home/david/Documentos/prueba_OS/RepasoExamen/311.c
I[11:27:55.540] ASTWorker building file /home/david/Documentos/prueba_OS/RepasoExamen/311.c version 261 with command clangd fallback
[/home/david/Documentos/prueba_OS/RepasoExamen]
/usr/bin/clang -resource-dir=/home/david/.vscode-oss/extensions/kylinideteam.kylin-clangd-0.4.0-linux-x64/res/clangd/lib/clang/21 -- /home/david/Documentos/prueba_OS/RepasoExamen/311.c
I[11:27:55.540] --> textDocument/clangd.fileStatus
I[11:27:55.544] --> textDocument/publishDiagnostics
I[11:27:55.544] --> textDocument/inactiveRegions
I[11:27:55.544] --> reply:textDocument/inlayHint(1196) 4 ms
I[11:27:55.544] --> textDocument/clangd.fileStatus
I[11:27:55.635] <-- textDocument/signatureHelp(1197)
I[11:27:55.638] --> reply:textDocument/signatureHelp(1197) 3 ms
I[11:27:55.714] <-- textDocument/foldingRange(1198)
I[11:27:55.715] --> reply:textDocument/foldingRange(1198) 0 ms
I[11:27:55.727] <-- textDocument/didChange
I[11:27:55.727] --> textDocument/clangd.fileStatus
I[11:27:55.753] <-- textDocument/inlayHint(1199)
I[11:27:55.753] Failed to find compilation database for /home/david/Documentos/prueba_OS/RepasoExamen/311.c
I[11:27:55.753] ASTWorker building file /home/david/Documentos/prueba_OS/RepasoExamen/311.c version 262 with command clangd fallback
[/home/david/Documentos/prueba_OS/RepasoExamen]
/usr/bin/clang -resource-dir=/home/david/.vscode-oss/extensions/kylinideteam.kylin-clangd-0.4.0-linux-x64/res/clangd/lib/clang/21 -- /home/david/Documentos/prueba_OS/RepasoExamen/311.c
I[11:27:55.753] --> textDocument/clangd.fileStatus
I[11:27:55.758] --> textDocument/publishDiagnostics
I[11:27:55.758] --> textDocument/inactiveRegions
I[11:27:55.759] --> reply:textDocument/inlayHint(1199) 5 ms
I[11:27:55.759] --> textDocument/clangd.fileStatus
I[11:27:55.848] <-- textDocument/signatureHelp(1200)
I[11:27:55.851] --> reply:textDocument/signatureHelp(1200) 3 ms
I[11:27:55.878] <-- textDocument/didChange
I[11:27:55.878] --> textDocument/clangd.fileStatus
I[11:27:55.903] <-- textDocument/inlayHint(1201)
I[11:27:55.903] Failed to find compilation database for /home/david/Documentos/prueba_OS/RepasoExamen/311.c
I[11:27:55.904] ASTWorker building file /home/david/Documentos/prueba_OS/RepasoExamen/311.c version 263 with command clangd fallback
[/home/david/Documentos/prueba_OS/RepasoExamen]
/usr/bin/clang -resource-dir=/home/david/.vscode-oss/extensions/kylinideteam.kylin-clangd-0.4.0-linux-x64/res/clangd/lib/clang/21 -- /home/david/Documentos/prueba_OS/RepasoExamen/311.c
I[11:27:55.904] --> textDocument/clangd.fileStatus
I[11:27:55.908] --> textDocument/publishDiagnostics
I[11:27:55.909] --> textDocument/inactiveRegions
I[11:27:55.909] --> reply:textDocument/inlayHint(1201) 5 ms
I[11:27:55.909] --> textDocument/clangd.fileStatus
I[11:27:55.999] <-- textDocument/signatureHelp(1202)
I[11:27:56.002] --> reply:textDocument/signatureHelp(1202) 3 ms
I[11:27:56.078] <-- textDocument/foldingRange(1203)
I[11:27:56.079] --> reply:textDocument/foldingRange(1203) 0 ms
I[11:27:56.088] <-- textDocument/didChange
I[11:27:56.088] --> textDocument/clangd.fileStatus
I[11:27:56.114] <-- textDocument/inlayHint(1204)
I[11:27:56.114] Failed to find compilation database for /home/david/Documentos/prueba_OS/RepasoExamen/311.c
I[11:27:56.114] ASTWorker building file /home/david/Documentos/prueba_OS/RepasoExamen/311.c version 264 with command clangd fallback
[/home/david/Documentos/prueba_OS/RepasoExamen]
/usr/bin/clang -resource-dir=/home/david/.vscode-oss/extensions/kylinideteam.kylin-clangd-0.4.0-linux-x64/res/clangd/lib/clang/21 -- /home/david/Documentos/prueba_OS/RepasoExamen/311.c
I[11:27:56.115] --> textDocument/clangd.fileStatus
I[11:27:56.119] --> textDocument/publishDiagnostics
I[11:27:56.119] --> textDocument/inactiveRegions
I[11:27:56.119] --> reply:textDocument/inlayHint(1204) 4 ms
I[11:27:56.119] --> textDocument/clangd.fileStatus
I[11:27:56.182] <-- textDocument/didChange
I[11:27:56.183] --> textDocument/clangd.fileStatus
I[11:27:56.208] <-- textDocument/inlayHint(1205)
I[11:27:56.208] Failed to find compilation database for /home/david/Documentos/prueba_OS/RepasoExamen/311.c
I[11:27:56.208] ASTWorker building file /home/david/Documentos/prueba_OS/RepasoExamen/311.c version 265 with command clangd fallback
[/home/david/Documentos/prueba_OS/RepasoExamen]
/usr/bin/clang -resource-dir=/home/david/.vscode-oss/extensions/kylinideteam.kylin-clangd-0.4.0-linux-x64/res/clangd/lib/clang/21 -- /home/david/Documentos/prueba_OS/RepasoExamen/311.c
I[11:27:56.209] --> textDocument/clangd.fileStatus
I[11:27:56.212] --> textDocument/publishDiagnostics
I[11:27:56.212] --> textDocument/inactiveRegions
I[11:27:56.212] --> reply:textDocument/inlayHint(1205) 4 ms
I[11:27:56.212] --> textDocument/clangd.fileStatus
I[11:27:56.303] <-- textDocument/signatureHelp(1206)
I[11:27:56.306] --> reply:textDocument/signatureHelp(1206) 2 ms
I[11:27:56.313] <-- textDocument/didChange
I[11:27:56.313] --> textDocument/clangd.fileStatus
I[11:27:56.339] <-- textDocument/inlayHint(1207)
I[11:27:56.339] Failed to find compilation database for /home/david/Documentos/prueba_OS/RepasoExamen/311.c
I[11:27:56.339] ASTWorker building file /home/david/Documentos/prueba_OS/RepasoExamen/311.c version 266 with command clangd fallback
[/home/david/Documentos/prueba_OS/RepasoExamen]
/usr/bin/clang -resource-dir=/home/david/.vscode-oss/extensions/kylinideteam.kylin-clangd-0.4.0-linux-x64/res/clangd/lib/clang/21 -- /home/david/Documentos/prueba_OS/RepasoExamen/311.c
I[11:27:56.340] --> textDocument/clangd.fileStatus
I[11:27:56.345] --> textDocument/publishDiagnostics
I[11:27:56.345] --> textDocument/inactiveRegions
I[11:27:56.345] --> reply:textDocument/inlayHint(1207) 6 ms
I[11:27:56.345] --> textDocument/clangd.fileStatus
I[11:27:56.434] <-- textDocument/signatureHelp(1208)
I[11:27:56.437] --> reply:textDocument/signatureHelp(1208) 2 ms
I[11:27:56.454] <-- textDocument/didChange
I[11:27:56.454] --> textDocument/clangd.fileStatus
I[11:27:56.480] <-- textDocument/inlayHint(1209)
I[11:27:56.480] Failed to find compilation database for /home/david/Documentos/prueba_OS/RepasoExamen/311.c
I[11:27:56.480] ASTWorker building file /home/david/Documentos/prueba_OS/RepasoExamen/311.c version 267 with command clangd fallback
[/home/david/Documentos/prueba_OS/RepasoExamen]
/usr/bin/clang -resource-dir=/home/david/.vscode-oss/extensions/kylinideteam.kylin-clangd-0.4.0-linux-x64/res/clangd/lib/clang/21 -- /home/david/Documentos/prueba_OS/RepasoExamen/311.c
I[11:27:56.481] --> textDocument/clangd.fileStatus
I[11:27:56.485] --> textDocument/publishDiagnostics
I[11:27:56.485] --> textDocument/inactiveRegions
I[11:27:56.486] --> reply:textDocument/inlayHint(1209) 5 ms
I[11:27:56.486] --> textDocument/clangd.fileStatus
I[11:27:56.566] <-- textDocument/didChange
I[11:27:56.566] --> textDocument/clangd.fileStatus
I[11:27:56.592] <-- textDocument/inlayHint(1210)
I[11:27:56.592] Failed to find compilation database for /home/david/Documentos/prueba_OS/RepasoExamen/311.c
I[11:27:56.593] ASTWorker building file /home/david/Documentos/prueba_OS/RepasoExamen/311.c version 268 with command clangd fallback
[/home/david/Documentos/prueba_OS/RepasoExamen]
/usr/bin/clang -resource-dir=/home/david/.vscode-oss/extensions/kylinideteam.kylin-clangd-0.4.0-linux-x64/res/clangd/lib/clang/21 -- /home/david/Documentos/prueba_OS/RepasoExamen/311.c
I[11:27:56.593] --> textDocument/clangd.fileStatus
I[11:27:56.597] --> textDocument/publishDiagnostics
I[11:27:56.597] --> textDocument/inactiveRegions
I[11:27:56.597] --> reply:textDocument/inlayHint(1210) 4 ms
I[11:27:56.597] --> textDocument/clangd.fileStatus
I[11:27:56.687] <-- textDocument/signatureHelp(1211)
I[11:27:56.691] --> reply:textDocument/signatureHelp(1211) 3 ms
I[11:27:56.754] <-- textDocument/didChange
I[11:27:56.754] --> textDocument/clangd.fileStatus
I[11:27:56.780] <-- textDocument/inlayHint(1212)
I[11:27:56.780] Failed to find compilation database for /home/david/Documentos/prueba_OS/RepasoExamen/311.c
I[11:27:56.780] ASTWorker building file /home/david/Documentos/prueba_OS/RepasoExamen/311.c version 269 with command clangd fallback
[/home/david/Documentos/prueba_OS/RepasoExamen]
/usr/bin/clang -resource-dir=/home/david/.vscode-oss/extensions/kylinideteam.kylin-clangd-0.4.0-linux-x64/res/clangd/lib/clang/21 -- /home/david/Documentos/prueba_OS/RepasoExamen/311.c
I[11:27:56.781] --> textDocument/clangd.fileStatus
I[11:27:56.784] --> textDocument/publishDiagnostics
I[11:27:56.784] --> textDocument/inactiveRegions
I[11:27:56.784] --> reply:textDocument/inlayHint(1212) 4 ms
I[11:27:56.784] --> textDocument/clangd.fileStatus
I[11:27:56.875] <-- textDocument/signatureHelp(1213)
I[11:27:56.878] --> reply:textDocument/signatureHelp(1213) 3 ms
I[11:27:56.955] <-- textDocument/foldingRange(1214)
I[11:27:56.955] --> reply:textDocument/foldingRange(1214) 0 ms
I[11:27:56.983] <-- textDocument/didChange
I[11:27:56.984] --> textDocument/clangd.fileStatus
I[11:27:57.009] <-- textDocument/inlayHint(1215)
I[11:27:57.009] Failed to find compilation database for /home/david/Documentos/prueba_OS/RepasoExamen/311.c
I[11:27:57.009] ASTWorker building file /home/david/Documentos/prueba_OS/RepasoExamen/311.c version 270 with command clangd fallback
[/home/david/Documentos/prueba_OS/RepasoExamen]
/usr/bin/clang -resource-dir=/home/david/.vscode-oss/extensions/kylinideteam.kylin-clangd-0.4.0-linux-x64/res/clangd/lib/clang/21 -- /home/david/Documentos/prueba_OS/RepasoExamen/311.c
I[11:27:57.010] --> textDocument/clangd.fileStatus
I[11:27:57.013] --> textDocument/publishDiagnostics
I[11:27:57.013] --> textDocument/inactiveRegions
I[11:27:57.013] --> reply:textDocument/inlayHint(1215) 4 ms
I[11:27:57.013] --> textDocument/clangd.fileStatus
I[11:27:57.104] <-- textDocument/signatureHelp(1216)
I[11:27:57.108] --> reply:textDocument/signatureHelp(1216) 3 ms
I[11:27:57.131] <-- textDocument/didChange
I[11:27:57.131] --> textDocument/clangd.fileStatus
I[11:27:57.157] <-- textDocument/inlayHint(1217)
I[11:27:57.157] Failed to find compilation database for /home/david/Documentos/prueba_OS/RepasoExamen/311.c
I[11:27:57.157] ASTWorker building file /home/david/Documentos/prueba_OS/RepasoExamen/311.c version 271 with command clangd fallback
[/home/david/Documentos/prueba_OS/RepasoExamen]
/usr/bin/clang -resource-dir=/home/david/.vscode-oss/extensions/kylinideteam.kylin-clangd-0.4.0-linux-x64/res/clangd/lib/clang/21 -- /home/david/Documentos/prueba_OS/RepasoExamen/311.c
I[11:27:57.158] --> textDocument/clangd.fileStatus
I[11:27:57.162] --> textDocument/publishDiagnostics
I[11:27:57.162] --> textDocument/inactiveRegions
I[11:27:57.162] --> reply:textDocument/inlayHint(1217) 4 ms
I[11:27:57.162] --> textDocument/clangd.fileStatus
I[11:27:57.252] <-- textDocument/signatureHelp(1218)
I[11:27:57.255] --> reply:textDocument/signatureHelp(1218) 2 ms
I[11:27:57.279] <-- textDocument/didChange
I[11:27:57.279] --> textDocument/clangd.fileStatus
I[11:27:57.304] <-- textDocument/inlayHint(1219)
I[11:27:57.304] Failed to find compilation database for /home/david/Documentos/prueba_OS/RepasoExamen/311.c
I[11:27:57.305] ASTWorker building file /home/david/Documentos/prueba_OS/RepasoExamen/311.c version 272 with command clangd fallback
[/home/david/Documentos/prueba_OS/RepasoExamen]
/usr/bin/clang -resource-dir=/home/david/.vscode-oss/extensions/kylinideteam.kylin-clangd-0.4.0-linux-x64/res/clangd/lib/clang/21 -- /home/david/Documentos/prueba_OS/RepasoExamen/311.c
I[11:27:57.305] --> textDocument/clangd.fileStatus
I[11:27:57.308] --> textDocument/publishDiagnostics
I[11:27:57.309] --> textDocument/inactiveRegions
I[11:27:57.309] --> reply:textDocument/inlayHint(1219) 4 ms
I[11:27:57.309] --> textDocument/clangd.fileStatus
I[11:27:57.400] <-- textDocument/signatureHelp(1220)
I[11:27:57.403] --> reply:textDocument/signatureHelp(1220) 3 ms
I[11:27:57.479] <-- textDocument/foldingRange(1221)
I[11:27:57.480] --> reply:textDocument/foldingRange(1221) 0 ms
I[11:27:57.561] <-- textDocument/codeAction(1222)
I[11:27:57.561] --> reply:textDocument/codeAction(1222) 0 ms
I[11:27:57.561] --> textDocument/clangd.fileStatus
I[11:27:57.629] <-- textDocument/documentSymbol(1223)
I[11:27:57.629] <-- textDocument/documentSymbol(1224)
I[11:27:57.630] --> reply:textDocument/documentSymbol(1223) 0 ms
I[11:27:57.630] --> reply:textDocument/documentSymbol(1224) 0 ms
I[11:27:57.630] --> textDocument/clangd.fileStatus
I[11:27:58.080] <-- textDocument/inlayHint(1225)
I[11:27:58.080] --> reply:textDocument/inlayHint(1225) 0 ms
I[11:27:58.080] --> textDocument/clangd.fileStatus
I[11:27:58.082] <-- textDocument/didChange
I[11:27:58.082] --> textDocument/clangd.fileStatus
I[11:27:58.108] <-- textDocument/inlayHint(1226)
I[11:27:58.109] Failed to find compilation database for /home/david/Documentos/prueba_OS/RepasoExamen/311.c
I[11:27:58.109] ASTWorker building file /home/david/Documentos/prueba_OS/RepasoExamen/311.c version 273 with command clangd fallback
[/home/david/Documentos/prueba_OS/RepasoExamen]
/usr/bin/clang -resource-dir=/home/david/.vscode-oss/extensions/kylinideteam.kylin-clangd-0.4.0-linux-x64/res/clangd/lib/clang/21 -- /home/david/Documentos/prueba_OS/RepasoExamen/311.c
I[11:27:58.109] --> textDocument/clangd.fileStatus
I[11:27:58.113] --> textDocument/publishDiagnostics
I[11:27:58.113] --> textDocument/inactiveRegions
I[11:27:58.113] --> reply:textDocument/inlayHint(1226) 4 ms
I[11:27:58.113] --> textDocument/clangd.fileStatus
I[11:27:58.203] <-- textDocument/signatureHelp(1227)
I[11:27:58.206] --> reply:textDocument/signatureHelp(1227) 2 ms
I[11:27:58.225] <-- textDocument/didChange
I[11:27:58.225] --> textDocument/clangd.fileStatus
I[11:27:58.250] <-- textDocument/inlayHint(1228)
I[11:27:58.250] Failed to find compilation database for /home/david/Documentos/prueba_OS/RepasoExamen/311.c
I[11:27:58.250] ASTWorker building file /home/david/Documentos/prueba_OS/RepasoExamen/311.c version 274 with command clangd fallback
[/home/david/Documentos/prueba_OS/RepasoExamen]
/usr/bin/clang -resource-dir=/home/david/.vscode-oss/extensions/kylinideteam.kylin-clangd-0.4.0-linux-x64/res/clangd/lib/clang/21 -- /home/david/Documentos/prueba_OS/RepasoExamen/311.c
I[11:27:58.251] --> textDocument/clangd.fileStatus
I[11:27:58.254] --> textDocument/publishDiagnostics
I[11:27:58.254] --> textDocument/inactiveRegions
I[11:27:58.254] --> reply:textDocument/inlayHint(1228) 4 ms
I[11:27:58.254] --> textDocument/clangd.fileStatus
I[11:27:58.320] <-- textDocument/didChange
I[11:27:58.320] --> textDocument/clangd.fileStatus
I[11:27:58.346] <-- textDocument/inlayHint(1229)
I[11:27:58.346] Failed to find compilation database for /home/david/Documentos/prueba_OS/RepasoExamen/311.c
I[11:27:58.346] ASTWorker building file /home/david/Documentos/prueba_OS/RepasoExamen/311.c version 275 with command clangd fallback
[/home/david/Documentos/prueba_OS/RepasoExamen]
/usr/bin/clang -resource-dir=/home/david/.vscode-oss/extensions/kylinideteam.kylin-clangd-0.4.0-linux-x64/res/clangd/lib/clang/21 -- /home/david/Documentos/prueba_OS/RepasoExamen/311.c
I[11:27:58.347] --> textDocument/clangd.fileStatus
I[11:27:58.350] --> textDocument/publishDiagnostics
I[11:27:58.350] --> textDocument/inactiveRegions
I[11:27:58.350] --> reply:textDocument/inlayHint(1229) 4 ms
I[11:27:58.350] --> textDocument/clangd.fileStatus
I[11:27:58.441] <-- textDocument/signatureHelp(1230)
I[11:27:58.444] --> reply:textDocument/signatureHelp(1230) 2 ms
I[11:27:58.476] <-- textDocument/didChange
I[11:27:58.476] --> textDocument/clangd.fileStatus
I[11:27:58.502] <-- textDocument/inlayHint(1231)
I[11:27:58.502] Failed to find compilation database for /home/david/Documentos/prueba_OS/RepasoExamen/311.c
I[11:27:58.502] ASTWorker building file /home/david/Documentos/prueba_OS/RepasoExamen/311.c version 276 with command clangd fallback
[/home/david/Documentos/prueba_OS/RepasoExamen]
/usr/bin/clang -resource-dir=/home/david/.vscode-oss/extensions/kylinideteam.kylin-clangd-0.4.0-linux-x64/res/clangd/lib/clang/21 -- /home/david/Documentos/prueba_OS/RepasoExamen/311.c
I[11:27:58.503] --> textDocument/clangd.fileStatus
I[11:27:58.506] --> textDocument/publishDiagnostics
I[11:27:58.506] --> textDocument/inactiveRegions
I[11:27:58.506] --> reply:textDocument/inlayHint(1231) 4 ms
I[11:27:58.506] --> textDocument/clangd.fileStatus
I[11:27:58.597] <-- textDocument/signatureHelp(1232)
I[11:27:58.600] --> reply:textDocument/signatureHelp(1232) 3 ms
I[11:27:58.643] <-- textDocument/didChange
I[11:27:58.643] --> textDocument/clangd.fileStatus
I[11:27:58.669] <-- textDocument/inlayHint(1233)
I[11:27:58.669] Failed to find compilation database for /home/david/Documentos/prueba_OS/RepasoExamen/311.c
I[11:27:58.669] ASTWorker building file /home/david/Documentos/prueba_OS/RepasoExamen/311.c version 277 with command clangd fallback
[/home/david/Documentos/prueba_OS/RepasoExamen]
/usr/bin/clang -resource-dir=/home/david/.vscode-oss/extensions/kylinideteam.kylin-clangd-0.4.0-linux-x64/res/clangd/lib/clang/21 -- /home/david/Documentos/prueba_OS/RepasoExamen/311.c
I[11:27:58.670] --> textDocument/clangd.fileStatus
I[11:27:58.673] --> textDocument/publishDiagnostics
I[11:27:58.673] --> textDocument/inactiveRegions
I[11:27:58.673] --> reply:textDocument/inlayHint(1233) 4 ms
I[11:27:58.673] --> textDocument/clangd.fileStatus
I[11:27:58.751] <-- textDocument/didChange
I[11:27:58.751] --> textDocument/clangd.fileStatus
I[11:27:58.777] <-- textDocument/inlayHint(1234)
I[11:27:58.777] Failed to find compilation database for /home/david/Documentos/prueba_OS/RepasoExamen/311.c
I[11:27:58.777] ASTWorker building file /home/david/Documentos/prueba_OS/RepasoExamen/311.c version 278 with command clangd fallback
[/home/david/Documentos/prueba_OS/RepasoExamen]
/usr/bin/clang -resource-dir=/home/david/.vscode-oss/extensions/kylinideteam.kylin-clangd-0.4.0-linux-x64/res/clangd/lib/clang/21 -- /home/david/Documentos/prueba_OS/RepasoExamen/311.c
I[11:27:58.778] --> textDocument/clangd.fileStatus
I[11:27:58.781] --> textDocument/publishDiagnostics
I[11:27:58.781] --> textDocument/inactiveRegions
I[11:27:58.781] --> reply:textDocument/inlayHint(1234) 4 ms
I[11:27:58.781] --> textDocument/clangd.fileStatus
I[11:27:58.872] <-- textDocument/signatureHelp(1235)
I[11:27:58.875] --> reply:textDocument/signatureHelp(1235) 3 ms
I[11:27:58.952] <-- textDocument/foldingRange(1236)
I[11:27:58.952] --> reply:textDocument/foldingRange(1236) 0 ms
I[11:27:59.033] <-- textDocument/codeAction(1237)
I[11:27:59.033] --> reply:textDocument/codeAction(1237) 0 ms
I[11:27:59.033] --> textDocument/clangd.fileStatus
I[11:27:59.102] <-- textDocument/documentSymbol(1238)
I[11:27:59.102] <-- textDocument/documentSymbol(1239)
I[11:27:59.102] --> reply:textDocument/documentSymbol(1238) 0 ms
I[11:27:59.102] --> reply:textDocument/documentSymbol(1239) 0 ms
I[11:27:59.102] --> textDocument/clangd.fileStatus
I[11:27:59.552] <-- textDocument/inlayHint(1240)
I[11:27:59.552] --> reply:textDocument/inlayHint(1240) 0 ms
I[11:27:59.552] --> textDocument/clangd.fileStatus
I[11:27:59.751] <-- textDocument/documentLink(1241)
I[11:27:59.752] --> reply:textDocument/documentLink(1241) 0 ms
I[11:27:59.752] --> textDocument/clangd.fileStatus
I[11:27:59.882] <-- textDocument/didChange
I[11:27:59.882] --> textDocument/clangd.fileStatus
I[11:27:59.907] <-- textDocument/inlayHint(1242)
I[11:27:59.907] Failed to find compilation database for /home/david/Documentos/prueba_OS/RepasoExamen/311.c
I[11:27:59.908] ASTWorker building file /home/david/Documentos/prueba_OS/RepasoExamen/311.c version 279 with command clangd fallback
[/home/david/Documentos/prueba_OS/RepasoExamen]
/usr/bin/clang -resource-dir=/home/david/.vscode-oss/extensions/kylinideteam.kylin-clangd-0.4.0-linux-x64/res/clangd/lib/clang/21 -- /home/david/Documentos/prueba_OS/RepasoExamen/311.c
I[11:27:59.908] --> textDocument/clangd.fileStatus
I[11:27:59.913] --> textDocument/publishDiagnostics
I[11:27:59.913] --> textDocument/inactiveRegions
I[11:27:59.913] --> reply:textDocument/inlayHint(1242) 5 ms
I[11:27:59.913] --> textDocument/clangd.fileStatus
I[11:28:00.002] <-- textDocument/signatureHelp(1243)
I[11:28:00.005] --> reply:textDocument/signatureHelp(1243) 3 ms
I[11:28:00.082] <-- textDocument/foldingRange(1244)
I[11:28:00.082] --> reply:textDocument/foldingRange(1244) 0 ms
I[11:28:00.165] <-- textDocument/codeAction(1245)
I[11:28:00.166] --> reply:textDocument/codeAction(1245) 0 ms
I[11:28:00.166] --> textDocument/clangd.fileStatus
I[11:28:00.232] <-- textDocument/documentSymbol(1246)
I[11:28:00.232] <-- textDocument/documentSymbol(1247)
I[11:28:00.232] --> reply:textDocument/documentSymbol(1246) 0 ms
I[11:28:00.232] --> reply:textDocument/documentSymbol(1247) 0 ms
I[11:28:00.232] --> textDocument/clangd.fileStatus
I[11:28:00.656] <-- textDocument/didChange
I[11:28:00.656] --> textDocument/clangd.fileStatus
I[11:28:00.681] <-- textDocument/inlayHint(1248)
I[11:28:00.681] Failed to find compilation database for /home/david/Documentos/prueba_OS/RepasoExamen/311.c
I[11:28:00.681] ASTWorker building file /home/david/Documentos/prueba_OS/RepasoExamen/311.c version 280 with command clangd fallback
[/home/david/Documentos/prueba_OS/RepasoExamen]
/usr/bin/clang -resource-dir=/home/david/.vscode-oss/extensions/kylinideteam.kylin-clangd-0.4.0-linux-x64/res/clangd/lib/clang/21 -- /home/david/Documentos/prueba_OS/RepasoExamen/311.c
I[11:28:00.682] --> textDocument/clangd.fileStatus
I[11:28:00.685] --> textDocument/publishDiagnostics
I[11:28:00.685] --> textDocument/inactiveRegions
I[11:28:00.685] --> reply:textDocument/inlayHint(1248) 4 ms
I[11:28:00.685] --> textDocument/clangd.fileStatus
I[11:28:00.776] <-- textDocument/signatureHelp(1249)
I[11:28:00.779] --> reply:textDocument/signatureHelp(1249) 3 ms
I[11:28:00.856] <-- textDocument/foldingRange(1250)
I[11:28:00.856] --> reply:textDocument/foldingRange(1250) 0 ms
I[11:28:00.903] <-- textDocument/didChange
I[11:28:00.903] --> textDocument/clangd.fileStatus
I[11:28:00.928] <-- textDocument/inlayHint(1251)
I[11:28:00.928] Failed to find compilation database for /home/david/Documentos/prueba_OS/RepasoExamen/311.c
I[11:28:00.929] ASTWorker building file /home/david/Documentos/prueba_OS/RepasoExamen/311.c version 281 with command clangd fallback
[/home/david/Documentos/prueba_OS/RepasoExamen]
/usr/bin/clang -resource-dir=/home/david/.vscode-oss/extensions/kylinideteam.kylin-clangd-0.4.0-linux-x64/res/clangd/lib/clang/21 -- /home/david/Documentos/prueba_OS/RepasoExamen/311.c
I[11:28:00.929] --> textDocument/clangd.fileStatus
I[11:28:00.932] --> textDocument/publishDiagnostics
I[11:28:00.933] --> textDocument/inactiveRegions
I[11:28:00.933] --> reply:textDocument/inlayHint(1251) 4 ms
I[11:28:00.933] --> textDocument/clangd.fileStatus
I[11:28:01.024] <-- textDocument/signatureHelp(1252)
I[11:28:01.027] --> reply:textDocument/signatureHelp(1252) 3 ms
I[11:28:01.103] <-- textDocument/foldingRange(1253)
I[11:28:01.103] --> reply:textDocument/foldingRange(1253) 0 ms
I[11:28:01.185] <-- textDocument/codeAction(1254)
I[11:28:01.185] --> reply:textDocument/codeAction(1254) 0 ms
I[11:28:01.185] --> textDocument/clangd.fileStatus
I[11:28:01.253] <-- textDocument/documentSymbol(1255)
I[11:28:01.253] <-- textDocument/documentSymbol(1256)
I[11:28:01.253] --> reply:textDocument/documentSymbol(1255) 0 ms
I[11:28:01.253] --> reply:textDocument/documentSymbol(1256) 0 ms
I[11:28:01.253] --> textDocument/clangd.fileStatus
I[11:28:01.522] <-- textDocument/signatureHelp(1257)
I[11:28:01.525] --> reply:textDocument/signatureHelp(1257) 3 ms
I[11:28:01.652] <-- textDocument/codeAction(1258)
I[11:28:01.652] --> reply:textDocument/codeAction(1258) 0 ms
I[11:28:01.652] --> textDocument/clangd.fileStatus
I[11:28:01.707] <-- textDocument/inlayHint(1259)
I[11:28:01.707] --> reply:textDocument/inlayHint(1259) 0 ms
I[11:28:01.707] --> textDocument/clangd.fileStatus
I[11:28:01.822] <-- textDocument/signatureHelp(1260)
I[11:28:01.825] --> reply:textDocument/signatureHelp(1260) 2 ms
I[11:28:01.904] <-- textDocument/documentLink(1261)
I[11:28:01.904] --> reply:textDocument/documentLink(1261) 0 ms
I[11:28:01.904] --> textDocument/clangd.fileStatus
I[11:28:01.953] <-- textDocument/codeAction(1262)
I[11:28:01.953] --> reply:textDocument/codeAction(1262) 0 ms
I[11:28:01.953] --> textDocument/clangd.fileStatus
I[11:28:02.403] <-- textDocument/didChange
I[11:28:02.403] --> textDocument/clangd.fileStatus
I[11:28:02.428] <-- textDocument/inlayHint(1263)
I[11:28:02.428] Failed to find compilation database for /home/david/Documentos/prueba_OS/RepasoExamen/311.c
I[11:28:02.429] ASTWorker building file /home/david/Documentos/prueba_OS/RepasoExamen/311.c version 282 with command clangd fallback
[/home/david/Documentos/prueba_OS/RepasoExamen]
/usr/bin/clang -resource-dir=/home/david/.vscode-oss/extensions/kylinideteam.kylin-clangd-0.4.0-linux-x64/res/clangd/lib/clang/21 -- /home/david/Documentos/prueba_OS/RepasoExamen/311.c
I[11:28:02.429] --> textDocument/clangd.fileStatus
I[11:28:02.433] --> textDocument/publishDiagnostics
I[11:28:02.433] --> textDocument/inactiveRegions
I[11:28:02.433] --> reply:textDocument/inlayHint(1263) 4 ms
I[11:28:02.433] --> textDocument/clangd.fileStatus
I[11:28:02.603] <-- textDocument/foldingRange(1264)
I[11:28:02.603] --> reply:textDocument/foldingRange(1264) 0 ms
I[11:28:02.685] <-- textDocument/codeAction(1265)
I[11:28:02.685] --> reply:textDocument/codeAction(1265) 0 ms
I[11:28:02.685] --> textDocument/clangd.fileStatus
I[11:28:02.753] <-- textDocument/documentSymbol(1266)
I[11:28:02.753] <-- textDocument/documentSymbol(1267)
I[11:28:02.753] --> reply:textDocument/documentSymbol(1266) 0 ms
I[11:28:02.754] --> reply:textDocument/documentSymbol(1267) 0 ms
I[11:28:02.754] --> textDocument/clangd.fileStatus
I[11:28:02.839] <-- textDocument/didSave
I[11:28:02.839] File version went from 1 to 1
I[11:28:02.839] File version went from 282 to 282
I[11:28:02.839] --> textDocument/clangd.fileStatus
I[11:28:02.839] --> textDocument/clangd.fileStatus
I[11:28:02.889] Failed to find compilation database for /home/david/Documentos/prueba_OS/RepasoExamen/mistat.c
I[11:28:02.889] ASTWorker building file /home/david/Documentos/prueba_OS/RepasoExamen/mistat.c version 1 with command clangd fallback
[/home/david/Documentos/prueba_OS/RepasoExamen]
/usr/bin/clang -resource-dir=/home/david/.vscode-oss/extensions/kylinideteam.kylin-clangd-0.4.0-linux-x64/res/clangd/lib/clang/21 -- /home/david/Documentos/prueba_OS/RepasoExamen/mistat.c
I[11:28:02.889] Failed to find compilation database for /home/david/Documentos/prueba_OS/RepasoExamen/311.c
I[11:28:02.889] ASTWorker building file /home/david/Documentos/prueba_OS/RepasoExamen/311.c version 282 with command clangd fallback
[/home/david/Documentos/prueba_OS/RepasoExamen]
/usr/bin/clang -resource-dir=/home/david/.vscode-oss/extensions/kylinideteam.kylin-clangd-0.4.0-linux-x64/res/clangd/lib/clang/21 -- /home/david/Documentos/prueba_OS/RepasoExamen/311.c
I[11:28:02.889] --> textDocument/clangd.fileStatus
I[11:28:02.890] --> textDocument/clangd.fileStatus
I[11:28:02.890] --> textDocument/clangd.fileStatus
I[11:28:02.890] --> textDocument/clangd.fileStatus
I[11:28:02.890] --> textDocument/clangd.fileStatus
I[11:28:02.890] --> textDocument/clangd.fileStatus
I[11:28:02.890] --> textDocument/clangd.fileStatus
I[11:28:02.890] --> textDocument/clangd.fileStatus
I[11:28:03.203] <-- textDocument/inlayHint(1268)
I[11:28:03.204] --> reply:textDocument/inlayHint(1268) 0 ms
I[11:28:03.204] --> textDocument/clangd.fileStatus
I[11:28:03.404] <-- textDocument/documentLink(1269)
I[11:28:03.404] --> reply:textDocument/documentLink(1269) 0 ms
I[11:28:03.404] --> textDocument/clangd.fileStatus
I[11:28:27.685] <-- textDocument/didChange
I[11:28:27.685] --> textDocument/clangd.fileStatus
I[11:28:27.697] <-- textDocument/completion(1270)
I[11:28:27.703] Code complete: sema context Statement, query scopes [] (AnyScope=true), expected type <none>
I[11:28:27.703] Code complete: 5 results from Sema, 100 from Index, 0 matched, 0 from identifiers, 100 returned (incomplete).
I[11:28:27.705] --> reply:textDocument/completion(1270) 7 ms
I[11:28:27.719] <-- textDocument/inlayHint(1271)
I[11:28:27.719] Failed to find compilation database for /home/david/Documentos/prueba_OS/RepasoExamen/311.c
I[11:28:27.719] ASTWorker building file /home/david/Documentos/prueba_OS/RepasoExamen/311.c version 283 with command clangd fallback
[/home/david/Documentos/prueba_OS/RepasoExamen]
/usr/bin/clang -resource-dir=/home/david/.vscode-oss/extensions/kylinideteam.kylin-clangd-0.4.0-linux-x64/res/clangd/lib/clang/21 -- /home/david/Documentos/prueba_OS/RepasoExamen/311.c
I[11:28:27.720] --> textDocument/clangd.fileStatus
I[11:28:27.724] --> textDocument/publishDiagnostics
I[11:28:27.724] --> textDocument/inactiveRegions
I[11:28:27.724] --> reply:textDocument/inlayHint(1271) 5 ms
I[11:28:27.724] --> textDocument/clangd.fileStatus
I[11:28:27.785] <-- textDocument/didChange
I[11:28:27.785] --> textDocument/clangd.fileStatus
I[11:28:27.785] <-- textDocument/completion(1272)
I[11:28:27.789] Code complete: sema context Statement, query scopes [] (AnyScope=true), expected type <none>
I[11:28:27.790] Code complete: 1 results from Sema, 10 from Index, 0 matched, 0 from identifiers, 11 returned (incomplete).
I[11:28:27.790] --> reply:textDocument/completion(1272) 4 ms
I[11:28:27.811] <-- textDocument/inlayHint(1273)
I[11:28:27.811] Failed to find compilation database for /home/david/Documentos/prueba_OS/RepasoExamen/311.c
I[11:28:27.811] ASTWorker building file /home/david/Documentos/prueba_OS/RepasoExamen/311.c version 284 with command clangd fallback
[/home/david/Documentos/prueba_OS/RepasoExamen]
/usr/bin/clang -resource-dir=/home/david/.vscode-oss/extensions/kylinideteam.kylin-clangd-0.4.0-linux-x64/res/clangd/lib/clang/21 -- /home/david/Documentos/prueba_OS/RepasoExamen/311.c
I[11:28:27.812] --> textDocument/clangd.fileStatus
I[11:28:27.816] --> textDocument/publishDiagnostics
I[11:28:27.816] --> textDocument/inactiveRegions
I[11:28:27.816] --> reply:textDocument/inlayHint(1273) 4 ms
I[11:28:27.816] --> textDocument/clangd.fileStatus
I[11:28:27.986] <-- textDocument/foldingRange(1274)
I[11:28:27.986] --> reply:textDocument/foldingRange(1274) 0 ms
I[11:28:28.068] <-- textDocument/codeAction(1275)
I[11:28:28.069] --> reply:textDocument/codeAction(1275) 0 ms
I[11:28:28.069] --> textDocument/clangd.fileStatus
I[11:28:28.136] <-- textDocument/documentSymbol(1276)
I[11:28:28.136] <-- textDocument/documentSymbol(1277)
I[11:28:28.136] --> reply:textDocument/documentSymbol(1276) 0 ms
I[11:28:28.136] --> reply:textDocument/documentSymbol(1277) 0 ms
I[11:28:28.136] --> textDocument/clangd.fileStatus
I[11:28:28.288] <-- textDocument/didChange
I[11:28:28.288] --> textDocument/clangd.fileStatus
I[11:28:28.314] <-- textDocument/inlayHint(1278)
I[11:28:28.314] Failed to find compilation database for /home/david/Documentos/prueba_OS/RepasoExamen/311.c
I[11:28:28.314] ASTWorker building file /home/david/Documentos/prueba_OS/RepasoExamen/311.c version 285 with command clangd fallback
[/home/david/Documentos/prueba_OS/RepasoExamen]
/usr/bin/clang -resource-dir=/home/david/.vscode-oss/extensions/kylinideteam.kylin-clangd-0.4.0-linux-x64/res/clangd/lib/clang/21 -- /home/david/Documentos/prueba_OS/RepasoExamen/311.c
I[11:28:28.314] --> textDocument/clangd.fileStatus
I[11:28:28.318] --> textDocument/publishDiagnostics
I[11:28:28.318] --> textDocument/inactiveRegions
I[11:28:28.318] --> reply:textDocument/inlayHint(1278) 4 ms
I[11:28:28.318] --> textDocument/clangd.fileStatus
I[11:28:28.333] <-- textDocument/didChange
I[11:28:28.333] --> textDocument/clangd.fileStatus
I[11:28:28.359] <-- textDocument/inlayHint(1279)
I[11:28:28.359] Failed to find compilation database for /home/david/Documentos/prueba_OS/RepasoExamen/311.c
I[11:28:28.359] ASTWorker building file /home/david/Documentos/prueba_OS/RepasoExamen/311.c version 286 with command clangd fallback
[/home/david/Documentos/prueba_OS/RepasoExamen]
/usr/bin/clang -resource-dir=/home/david/.vscode-oss/extensions/kylinideteam.kylin-clangd-0.4.0-linux-x64/res/clangd/lib/clang/21 -- /home/david/Documentos/prueba_OS/RepasoExamen/311.c
I[11:28:28.360] --> textDocument/clangd.fileStatus
I[11:28:28.360] --> textDocument/clangd.fileStatus
I[11:28:28.360] --> reply:textDocument/inlayHint(1279) 0 ms
I[11:28:28.360] --> textDocument/clangd.fileStatus
I[11:28:28.454] <-- textDocument/signatureHelp(1280)
I[11:28:28.458] --> reply:textDocument/signatureHelp(1280) 3 ms
I[11:28:28.534] <-- textDocument/foldingRange(1281)
I[11:28:28.534] --> reply:textDocument/foldingRange(1281) 0 ms
I[11:28:28.584] <-- textDocument/codeAction(1282)
I[11:28:28.584] --> reply:textDocument/codeAction(1282) 0 ms
I[11:28:28.584] --> textDocument/clangd.fileStatus
I[11:28:28.684] <-- textDocument/documentSymbol(1283)
I[11:28:28.684] <-- textDocument/documentSymbol(1284)
I[11:28:28.684] --> reply:textDocument/documentSymbol(1283) 0 ms
I[11:28:28.684] --> reply:textDocument/documentSymbol(1284) 0 ms
I[11:28:28.684] --> textDocument/clangd.fileStatus
I[11:28:29.134] <-- textDocument/inlayHint(1285)
I[11:28:29.135] --> reply:textDocument/inlayHint(1285) 0 ms
I[11:28:29.135] --> textDocument/clangd.fileStatus
I[11:28:29.172] <-- textDocument/codeAction(1286)
I[11:28:29.173] --> reply:textDocument/codeAction(1286) 0 ms
I[11:28:29.173] --> textDocument/clangd.fileStatus
I[11:28:29.334] <-- textDocument/documentLink(1287)
I[11:28:29.334] --> reply:textDocument/documentLink(1287) 0 ms
I[11:28:29.334] --> textDocument/clangd.fileStatus
I[11:28:30.120] <-- textDocument/didChange
I[11:28:30.120] --> textDocument/clangd.fileStatus
I[11:28:30.131] <-- textDocument/completion(1288)
I[11:28:30.136] Code complete: sema context Expression, query scopes [] (AnyScope=true), expected type <none>
I[11:28:30.136] Code complete: 1 results from Sema, 100 from Index, 0 matched, 0 from identifiers, 100 returned (incomplete).
I[11:28:30.139] --> reply:textDocument/completion(1288) 7 ms
I[11:28:30.152] <-- textDocument/inlayHint(1289)
I[11:28:30.152] Failed to find compilation database for /home/david/Documentos/prueba_OS/RepasoExamen/311.c
I[11:28:30.152] ASTWorker building file /home/david/Documentos/prueba_OS/RepasoExamen/311.c version 287 with command clangd fallback
[/home/david/Documentos/prueba_OS/RepasoExamen]
/usr/bin/clang -resource-dir=/home/david/.vscode-oss/extensions/kylinideteam.kylin-clangd-0.4.0-linux-x64/res/clangd/lib/clang/21 -- /home/david/Documentos/prueba_OS/RepasoExamen/311.c
I[11:28:30.153] --> textDocument/clangd.fileStatus
I[11:28:30.156] --> textDocument/publishDiagnostics
I[11:28:30.156] --> textDocument/inactiveRegions
I[11:28:30.156] --> reply:textDocument/inlayHint(1289) 4 ms
I[11:28:30.156] --> textDocument/clangd.fileStatus
I[11:28:30.321] <-- textDocument/foldingRange(1290)
I[11:28:30.321] --> reply:textDocument/foldingRange(1290) 0 ms
I[11:28:30.408] <-- textDocument/codeAction(1291)
I[11:28:30.409] --> reply:textDocument/codeAction(1291) 0 ms
I[11:28:30.409] --> textDocument/clangd.fileStatus
I[11:28:30.471] <-- textDocument/documentSymbol(1292)
I[11:28:30.471] <-- textDocument/documentSymbol(1293)
I[11:28:30.471] --> reply:textDocument/documentSymbol(1292) 0 ms
I[11:28:30.471] --> reply:textDocument/documentSymbol(1293) 0 ms
I[11:28:30.471] --> textDocument/clangd.fileStatus
I[11:28:30.921] <-- textDocument/inlayHint(1294)
I[11:28:30.921] --> reply:textDocument/inlayHint(1294) 0 ms
I[11:28:30.921] --> textDocument/clangd.fileStatus
I[11:28:31.120] <-- textDocument/documentLink(1295)
I[11:28:31.121] --> reply:textDocument/documentLink(1295) 0 ms
I[11:28:31.121] --> textDocument/clangd.fileStatus
I[11:28:31.137] <-- textDocument/didChange
I[11:28:31.137] --> textDocument/clangd.fileStatus
I[11:28:31.137] <-- textDocument/completion(1296)
I[11:28:31.141] Code complete: sema context Expression, query scopes [] (AnyScope=true), expected type <none>
I[11:28:31.141] Code complete: 0 results from Sema, 0 from Index, 0 matched, 0 from identifiers, 0 returned (incomplete).
I[11:28:31.141] --> reply:textDocument/completion(1296) 3 ms
I[11:28:31.162] <-- textDocument/inlayHint(1297)
I[11:28:31.162] Failed to find compilation database for /home/david/Documentos/prueba_OS/RepasoExamen/311.c
I[11:28:31.162] ASTWorker building file /home/david/Documentos/prueba_OS/RepasoExamen/311.c version 288 with command clangd fallback
[/home/david/Documentos/prueba_OS/RepasoExamen]
/usr/bin/clang -resource-dir=/home/david/.vscode-oss/extensions/kylinideteam.kylin-clangd-0.4.0-linux-x64/res/clangd/lib/clang/21 -- /home/david/Documentos/prueba_OS/RepasoExamen/311.c
I[11:28:31.163] --> textDocument/clangd.fileStatus
I[11:28:31.167] --> textDocument/publishDiagnostics
I[11:28:31.167] --> textDocument/inactiveRegions
I[11:28:31.167] --> reply:textDocument/inlayHint(1297) 5 ms
I[11:28:31.167] --> textDocument/clangd.fileStatus
I[11:28:31.283] <-- textDocument/didChange
I[11:28:31.283] --> textDocument/clangd.fileStatus
I[11:28:31.294] <-- textDocument/completion(1298)
I[11:28:31.298] Code complete: sema context Expression, query scopes [] (AnyScope=true), expected type <none>
I[11:28:31.298] Code complete: 0 results from Sema, 0 from Index, 0 matched, 0 from identifiers, 0 returned.
I[11:28:31.298] --> reply:textDocument/completion(1298) 4 ms
I[11:28:31.309] <-- textDocument/inlayHint(1299)
I[11:28:31.309] Failed to find compilation database for /home/david/Documentos/prueba_OS/RepasoExamen/311.c
I[11:28:31.309] ASTWorker building file /home/david/Documentos/prueba_OS/RepasoExamen/311.c version 289 with command clangd fallback
[/home/david/Documentos/prueba_OS/RepasoExamen]
/usr/bin/clang -resource-dir=/home/david/.vscode-oss/extensions/kylinideteam.kylin-clangd-0.4.0-linux-x64/res/clangd/lib/clang/21 -- /home/david/Documentos/prueba_OS/RepasoExamen/311.c
I[11:28:31.309] --> textDocument/clangd.fileStatus
I[11:28:31.313] --> textDocument/publishDiagnostics
I[11:28:31.313] --> textDocument/inactiveRegions
I[11:28:31.313] --> reply:textDocument/inlayHint(1299) 4 ms
I[11:28:31.313] --> textDocument/clangd.fileStatus
I[11:28:31.444] <-- textDocument/didChange
I[11:28:31.444] --> textDocument/clangd.fileStatus
I[11:28:31.469] <-- textDocument/inlayHint(1300)
I[11:28:31.470] Failed to find compilation database for /home/david/Documentos/prueba_OS/RepasoExamen/311.c
I[11:28:31.470] ASTWorker building file /home/david/Documentos/prueba_OS/RepasoExamen/311.c version 290 with command clangd fallback
[/home/david/Documentos/prueba_OS/RepasoExamen]
/usr/bin/clang -resource-dir=/home/david/.vscode-oss/extensions/kylinideteam.kylin-clangd-0.4.0-linux-x64/res/clangd/lib/clang/21 -- /home/david/Documentos/prueba_OS/RepasoExamen/311.c
I[11:28:31.470] --> textDocument/clangd.fileStatus
I[11:28:31.474] --> textDocument/publishDiagnostics
I[11:28:31.474] --> textDocument/inactiveRegions
I[11:28:31.474] --> reply:textDocument/inlayHint(1300) 4 ms
I[11:28:31.474] --> textDocument/clangd.fileStatus
I[11:28:31.644] <-- textDocument/foldingRange(1301)
I[11:28:31.644] --> reply:textDocument/foldingRange(1301) 0 ms
I[11:28:31.726] <-- textDocument/codeAction(1302)
I[11:28:31.727] --> reply:textDocument/codeAction(1302) 0 ms
I[11:28:31.727] --> textDocument/clangd.fileStatus
I[11:28:31.794] <-- textDocument/documentSymbol(1303)
I[11:28:31.794] <-- textDocument/documentSymbol(1304)
I[11:28:31.795] --> reply:textDocument/documentSymbol(1303) 0 ms
I[11:28:31.795] --> reply:textDocument/documentSymbol(1304) 0 ms
I[11:28:31.795] --> textDocument/clangd.fileStatus
I[11:28:31.920] <-- textDocument/didChange
I[11:28:31.920] --> textDocument/clangd.fileStatus
I[11:28:31.946] <-- textDocument/inlayHint(1305)
I[11:28:31.946] Failed to find compilation database for /home/david/Documentos/prueba_OS/RepasoExamen/311.c
I[11:28:31.946] ASTWorker building file /home/david/Documentos/prueba_OS/RepasoExamen/311.c version 291 with command clangd fallback
[/home/david/Documentos/prueba_OS/RepasoExamen]
/usr/bin/clang -resource-dir=/home/david/.vscode-oss/extensions/kylinideteam.kylin-clangd-0.4.0-linux-x64/res/clangd/lib/clang/21 -- /home/david/Documentos/prueba_OS/RepasoExamen/311.c
I[11:28:31.947] --> textDocument/clangd.fileStatus
I[11:28:31.950] --> textDocument/publishDiagnostics
I[11:28:31.950] --> textDocument/inactiveRegions
I[11:28:31.951] --> reply:textDocument/inlayHint(1305) 4 ms
I[11:28:31.951] --> textDocument/clangd.fileStatus
I[11:28:32.067] <-- textDocument/didChange
I[11:28:32.067] --> textDocument/clangd.fileStatus
I[11:28:32.092] <-- textDocument/inlayHint(1306)
I[11:28:32.093] Failed to find compilation database for /home/david/Documentos/prueba_OS/RepasoExamen/311.c
I[11:28:32.093] ASTWorker building file /home/david/Documentos/prueba_OS/RepasoExamen/311.c version 292 with command clangd fallback
[/home/david/Documentos/prueba_OS/RepasoExamen]
/usr/bin/clang -resource-dir=/home/david/.vscode-oss/extensions/kylinideteam.kylin-clangd-0.4.0-linux-x64/res/clangd/lib/clang/21 -- /home/david/Documentos/prueba_OS/RepasoExamen/311.c
I[11:28:32.093] --> textDocument/clangd.fileStatus
I[11:28:32.097] --> textDocument/publishDiagnostics
I[11:28:32.097] --> textDocument/inactiveRegions
I[11:28:32.097] --> reply:textDocument/inlayHint(1306) 4 ms
I[11:28:32.097] --> textDocument/clangd.fileStatus
I[11:28:32.267] <-- textDocument/foldingRange(1307)
I[11:28:32.268] --> reply:textDocument/foldingRange(1307) 0 ms
I[11:28:32.350] <-- textDocument/codeAction(1308)
I[11:28:32.351] --> reply:textDocument/codeAction(1308) 0 ms
I[11:28:32.351] --> textDocument/clangd.fileStatus
I[11:28:32.391] <-- textDocument/didChange
I[11:28:32.392] --> textDocument/clangd.fileStatus
I[11:28:32.417] <-- textDocument/inlayHint(1309)
I[11:28:32.417] <-- textDocument/documentSymbol(1310)
I[11:28:32.417] Failed to find compilation database for /home/david/Documentos/prueba_OS/RepasoExamen/311.c
I[11:28:32.418] ASTWorker building file /home/david/Documentos/prueba_OS/RepasoExamen/311.c version 293 with command clangd fallback
[/home/david/Documentos/prueba_OS/RepasoExamen]
/usr/bin/clang -resource-dir=/home/david/.vscode-oss/extensions/kylinideteam.kylin-clangd-0.4.0-linux-x64/res/clangd/lib/clang/21 -- /home/david/Documentos/prueba_OS/RepasoExamen/311.c
I[11:28:32.418] --> textDocument/clangd.fileStatus
I[11:28:32.421] --> textDocument/publishDiagnostics
I[11:28:32.421] --> textDocument/inactiveRegions
I[11:28:32.421] --> reply:textDocument/inlayHint(1309) 4 ms
I[11:28:32.421] --> reply:textDocument/documentSymbol(1310) 4 ms
I[11:28:32.421] --> textDocument/clangd.fileStatus
I[11:28:32.592] <-- textDocument/foldingRange(1311)
I[11:28:32.592] --> reply:textDocument/foldingRange(1311) 0 ms
I[11:28:32.674] <-- textDocument/codeAction(1312)
I[11:28:32.674] --> reply:textDocument/codeAction(1312) 0 ms
I[11:28:32.674] --> textDocument/clangd.fileStatus
I[11:28:32.742] <-- textDocument/documentSymbol(1313)
I[11:28:32.742] <-- textDocument/documentSymbol(1314)
I[11:28:32.742] --> reply:textDocument/documentSymbol(1313) 0 ms
I[11:28:32.742] --> reply:textDocument/documentSymbol(1314) 0 ms
I[11:28:32.742] --> textDocument/clangd.fileStatus
I[11:28:32.887] <-- textDocument/didChange
I[11:28:32.887] --> textDocument/clangd.fileStatus
I[11:28:32.913] <-- textDocument/inlayHint(1315)
I[11:28:32.913] Failed to find compilation database for /home/david/Documentos/prueba_OS/RepasoExamen/311.c
I[11:28:32.913] ASTWorker building file /home/david/Documentos/prueba_OS/RepasoExamen/311.c version 294 with command clangd fallback
[/home/david/Documentos/prueba_OS/RepasoExamen]
/usr/bin/clang -resource-dir=/home/david/.vscode-oss/extensions/kylinideteam.kylin-clangd-0.4.0-linux-x64/res/clangd/lib/clang/21 -- /home/david/Documentos/prueba_OS/RepasoExamen/311.c
I[11:28:32.914] --> textDocument/clangd.fileStatus
I[11:28:32.917] --> textDocument/publishDiagnostics
I[11:28:32.917] --> textDocument/inactiveRegions
I[11:28:32.917] --> reply:textDocument/inlayHint(1315) 4 ms
I[11:28:32.917] --> textDocument/clangd.fileStatus
I[11:28:33.055] <-- textDocument/didChange
I[11:28:33.055] --> textDocument/clangd.fileStatus
I[11:28:33.081] <-- textDocument/inlayHint(1316)
I[11:28:33.081] Failed to find compilation database for /home/david/Documentos/prueba_OS/RepasoExamen/311.c
I[11:28:33.081] ASTWorker building file /home/david/Documentos/prueba_OS/RepasoExamen/311.c version 295 with command clangd fallback
[/home/david/Documentos/prueba_OS/RepasoExamen]
/usr/bin/clang -resource-dir=/home/david/.vscode-oss/extensions/kylinideteam.kylin-clangd-0.4.0-linux-x64/res/clangd/lib/clang/21 -- /home/david/Documentos/prueba_OS/RepasoExamen/311.c
I[11:28:33.081] --> textDocument/clangd.fileStatus
I[11:28:33.085] --> textDocument/publishDiagnostics
I[11:28:33.085] --> textDocument/inactiveRegions
I[11:28:33.086] --> reply:textDocument/inlayHint(1316) 5 ms
I[11:28:33.086] --> textDocument/clangd.fileStatus
I[11:28:33.232] <-- textDocument/didChange
I[11:28:33.232] --> textDocument/clangd.fileStatus
I[11:28:33.257] <-- textDocument/inlayHint(1317)
I[11:28:33.257] Failed to find compilation database for /home/david/Documentos/prueba_OS/RepasoExamen/311.c
I[11:28:33.257] ASTWorker building file /home/david/Documentos/prueba_OS/RepasoExamen/311.c version 296 with command clangd fallback
[/home/david/Documentos/prueba_OS/RepasoExamen]
/usr/bin/clang -resource-dir=/home/david/.vscode-oss/extensions/kylinideteam.kylin-clangd-0.4.0-linux-x64/res/clangd/lib/clang/21 -- /home/david/Documentos/prueba_OS/RepasoExamen/311.c
I[11:28:33.258] --> textDocument/clangd.fileStatus
I[11:28:33.261] --> textDocument/publishDiagnostics
I[11:28:33.261] --> textDocument/inactiveRegions
I[11:28:33.262] --> reply:textDocument/inlayHint(1317) 4 ms
I[11:28:33.262] --> textDocument/clangd.fileStatus
I[11:28:33.400] <-- textDocument/didChange
I[11:28:33.400] --> textDocument/clangd.fileStatus
I[11:28:33.426] <-- textDocument/inlayHint(1318)
I[11:28:33.426] Failed to find compilation database for /home/david/Documentos/prueba_OS/RepasoExamen/311.c
I[11:28:33.426] ASTWorker building file /home/david/Documentos/prueba_OS/RepasoExamen/311.c version 297 with command clangd fallback
[/home/david/Documentos/prueba_OS/RepasoExamen]
/usr/bin/clang -resource-dir=/home/david/.vscode-oss/extensions/kylinideteam.kylin-clangd-0.4.0-linux-x64/res/clangd/lib/clang/21 -- /home/david/Documentos/prueba_OS/RepasoExamen/311.c
I[11:28:33.427] --> textDocument/clangd.fileStatus
I[11:28:33.430] --> textDocument/publishDiagnostics
I[11:28:33.430] --> textDocument/inactiveRegions
I[11:28:33.430] --> reply:textDocument/inlayHint(1318) 4 ms
I[11:28:33.430] --> textDocument/clangd.fileStatus
I[11:28:33.601] <-- textDocument/foldingRange(1319)
I[11:28:33.601] --> reply:textDocument/foldingRange(1319) 0 ms
I[11:28:33.684] <-- textDocument/codeAction(1320)
I[11:28:33.684] --> reply:textDocument/codeAction(1320) 0 ms
I[11:28:33.684] --> textDocument/clangd.fileStatus
I[11:28:33.751] <-- textDocument/documentSymbol(1321)
I[11:28:33.751] <-- textDocument/documentSymbol(1322)
I[11:28:33.751] --> reply:textDocument/documentSymbol(1321) 0 ms
I[11:28:33.751] --> reply:textDocument/documentSymbol(1322) 0 ms
I[11:28:33.751] --> textDocument/clangd.fileStatus
I[11:28:34.117] <-- textDocument/didSave
I[11:28:34.117] File version went from 1 to 1
I[11:28:34.117] File version went from 297 to 297
I[11:28:34.117] --> textDocument/clangd.fileStatus
I[11:28:34.117] --> textDocument/clangd.fileStatus
I[11:28:34.168] Failed to find compilation database for /home/david/Documentos/prueba_OS/RepasoExamen/mistat.c
I[11:28:34.168] ASTWorker building file /home/david/Documentos/prueba_OS/RepasoExamen/mistat.c version 1 with command clangd fallback
[/home/david/Documentos/prueba_OS/RepasoExamen]
/usr/bin/clang -resource-dir=/home/david/.vscode-oss/extensions/kylinideteam.kylin-clangd-0.4.0-linux-x64/res/clangd/lib/clang/21 -- /home/david/Documentos/prueba_OS/RepasoExamen/mistat.c
I[11:28:34.168] Failed to find compilation database for /home/david/Documentos/prueba_OS/RepasoExamen/311.c
I[11:28:34.168] ASTWorker building file /home/david/Documentos/prueba_OS/RepasoExamen/311.c version 297 with command clangd fallback
[/home/david/Documentos/prueba_OS/RepasoExamen]
/usr/bin/clang -resource-dir=/home/david/.vscode-oss/extensions/kylinideteam.kylin-clangd-0.4.0-linux-x64/res/clangd/lib/clang/21 -- /home/david/Documentos/prueba_OS/RepasoExamen/311.c
I[11:28:34.168] --> textDocument/clangd.fileStatus
I[11:28:34.168] --> textDocument/clangd.fileStatus
I[11:28:34.168] --> textDocument/clangd.fileStatus
I[11:28:34.168] --> textDocument/clangd.fileStatus
I[11:28:34.169] --> textDocument/clangd.fileStatus
I[11:28:34.169] --> textDocument/clangd.fileStatus
I[11:28:34.169] --> textDocument/clangd.fileStatus
I[11:28:34.169] --> textDocument/clangd.fileStatus
I[11:28:34.201] <-- textDocument/inlayHint(1323)
I[11:28:34.201] --> reply:textDocument/inlayHint(1323) 0 ms
I[11:28:34.201] --> textDocument/clangd.fileStatus
I[11:28:34.401] <-- textDocument/documentLink(1324)
I[11:28:34.401] --> reply:textDocument/documentLink(1324) 0 ms
I[11:28:34.401] --> textDocument/clangd.fileStatus
I[11:28:34.929] <-- textDocument/hover(1325)
I[11:28:34.929] --> reply:textDocument/hover(1325) 0 ms
I[11:28:34.929] --> textDocument/clangd.fileStatus
I[11:28:35.194] <-- textDocument/hover(1326)
I[11:28:35.194] --> reply:textDocument/hover(1326) 0 ms
I[11:28:35.194] --> textDocument/clangd.fileStatus
I[11:28:35.307] <-- textDocument/documentHighlight(1327)
I[11:28:35.307] --> reply:textDocument/documentHighlight(1327) 0 ms
I[11:28:35.307] --> textDocument/clangd.fileStatus
I[11:28:35.506] <-- textDocument/codeAction(1328)
I[11:28:35.507] --> reply:textDocument/codeAction(1328) 0 ms
I[11:28:35.507] --> textDocument/clangd.fileStatus
I[11:28:36.094] <-- textDocument/hover(1329)
I[11:28:36.095] --> reply:textDocument/hover(1329) 0 ms
I[11:28:36.095] --> textDocument/clangd.fileStatus
I[11:28:58.380] <-- textDocument/codeAction(1330)
I[11:28:58.381] --> reply:textDocument/codeAction(1330) 0 ms
I[11:28:58.381] --> textDocument/clangd.fileStatus
I[11:28:58.383] <-- textDocument/documentHighlight(1331)
I[11:28:58.383] --> reply:textDocument/documentHighlight(1331) 0 ms
I[11:28:58.383] --> textDocument/clangd.fileStatus
I[11:28:58.399] <-- textDocument/documentLink(1332)
I[11:28:58.399] --> reply:textDocument/documentLink(1332) 0 ms
I[11:28:58.399] --> textDocument/clangd.fileStatus
I[11:28:58.407] <-- textDocument/inlayHint(1333)
I[11:28:58.407] --> reply:textDocument/inlayHint(1333) 0 ms
I[11:28:58.408] --> textDocument/clangd.fileStatus
I[11:28:58.575] <-- textDocument/foldingRange(1334)
I[11:28:58.576] --> reply:textDocument/foldingRange(1334) 0 ms
I[11:28:58.631] <-- textDocument/codeAction(1335)
I[11:28:58.631] --> reply:textDocument/codeAction(1335) 0 ms
I[11:28:58.631] --> textDocument/clangd.fileStatus
I[11:28:58.676] <-- textDocument/documentSymbol(1336)
I[11:28:58.677] --> reply:textDocument/documentSymbol(1336) 0 ms
I[11:28:58.677] --> textDocument/clangd.fileStatus
I[11:28:59.351] <-- textDocument/hover(1337)
I[11:28:59.351] --> reply:textDocument/hover(1337) 0 ms
I[11:28:59.351] --> textDocument/clangd.fileStatus
I[11:29:00.505] <-- textDocument/didChange
I[11:29:00.505] --> textDocument/clangd.fileStatus
I[11:29:00.507] <-- textDocument/completion(1338)
I[11:29:00.507] --> reply:textDocument/completion(1338) 0 ms
I[11:29:00.532] <-- textDocument/inlayHint(1339)
I[11:29:00.532] Failed to find compilation database for /home/david/Documentos/prueba_OS/RepasoExamen/311.c
I[11:29:00.532] ASTWorker building file /home/david/Documentos/prueba_OS/RepasoExamen/311.c version 298 with command clangd fallback
[/home/david/Documentos/prueba_OS/RepasoExamen]
/usr/bin/clang -resource-dir=/home/david/.vscode-oss/extensions/kylinideteam.kylin-clangd-0.4.0-linux-x64/res/clangd/lib/clang/21 -- /home/david/Documentos/prueba_OS/RepasoExamen/311.c
I[11:29:00.533] --> textDocument/clangd.fileStatus
I[11:29:00.537] --> textDocument/publishDiagnostics
I[11:29:00.537] --> textDocument/inactiveRegions
I[11:29:00.538] --> reply:textDocument/inlayHint(1339) 5 ms
I[11:29:00.538] --> textDocument/clangd.fileStatus
I[11:29:00.700] <-- textDocument/didChange
I[11:29:00.700] --> textDocument/clangd.fileStatus
I[11:29:00.700] <-- textDocument/completion(1340)
I[11:29:00.700] --> reply:textDocument/completion(1340) 0 ms
I[11:29:00.726] <-- textDocument/inlayHint(1341)
I[11:29:00.726] Failed to find compilation database for /home/david/Documentos/prueba_OS/RepasoExamen/311.c
I[11:29:00.726] ASTWorker building file /home/david/Documentos/prueba_OS/RepasoExamen/311.c version 299 with command clangd fallback
[/home/david/Documentos/prueba_OS/RepasoExamen]
/usr/bin/clang -resource-dir=/home/david/.vscode-oss/extensions/kylinideteam.kylin-clangd-0.4.0-linux-x64/res/clangd/lib/clang/21 -- /home/david/Documentos/prueba_OS/RepasoExamen/311.c
I[11:29:00.726] --> textDocument/clangd.fileStatus
I[11:29:00.730] --> textDocument/publishDiagnostics
I[11:29:00.730] --> textDocument/inactiveRegions
I[11:29:00.730] --> reply:textDocument/inlayHint(1341) 4 ms
I[11:29:00.730] --> textDocument/clangd.fileStatus
I[11:29:00.900] <-- textDocument/foldingRange(1342)
I[11:29:00.901] --> reply:textDocument/foldingRange(1342) 0 ms
I[11:29:00.983] <-- textDocument/codeAction(1343)
I[11:29:00.983] --> reply:textDocument/codeAction(1343) 0 ms
I[11:29:00.983] --> textDocument/clangd.fileStatus
I[11:29:01.051] <-- textDocument/documentSymbol(1344)
I[11:29:01.051] <-- textDocument/documentSymbol(1345)
I[11:29:01.051] --> reply:textDocument/documentSymbol(1344) 0 ms
I[11:29:01.051] --> reply:textDocument/documentSymbol(1345) 0 ms
I[11:29:01.051] --> textDocument/clangd.fileStatus
I[11:29:01.287] <-- textDocument/didSave
I[11:29:01.287] File version went from 1 to 1
I[11:29:01.287] File version went from 299 to 299
I[11:29:01.287] --> textDocument/clangd.fileStatus
I[11:29:01.287] --> textDocument/clangd.fileStatus
I[11:29:01.337] Failed to find compilation database for /home/david/Documentos/prueba_OS/RepasoExamen/mistat.c
I[11:29:01.337] ASTWorker building file /home/david/Documentos/prueba_OS/RepasoExamen/mistat.c version 1 with command clangd fallback
[/home/david/Documentos/prueba_OS/RepasoExamen]
/usr/bin/clang -resource-dir=/home/david/.vscode-oss/extensions/kylinideteam.kylin-clangd-0.4.0-linux-x64/res/clangd/lib/clang/21 -- /home/david/Documentos/prueba_OS/RepasoExamen/mistat.c
I[11:29:01.337] Failed to find compilation database for /home/david/Documentos/prueba_OS/RepasoExamen/311.c
I[11:29:01.337] ASTWorker building file /home/david/Documentos/prueba_OS/RepasoExamen/311.c version 299 with command clangd fallback
[/home/david/Documentos/prueba_OS/RepasoExamen]
/usr/bin/clang -resource-dir=/home/david/.vscode-oss/extensions/kylinideteam.kylin-clangd-0.4.0-linux-x64/res/clangd/lib/clang/21 -- /home/david/Documentos/prueba_OS/RepasoExamen/311.c
I[11:29:01.338] --> textDocument/clangd.fileStatus
I[11:29:01.338] --> textDocument/clangd.fileStatus
I[11:29:01.338] --> textDocument/clangd.fileStatus
I[11:29:01.338] --> textDocument/clangd.fileStatus
I[11:29:01.338] --> textDocument/clangd.fileStatus
I[11:29:01.338] --> textDocument/clangd.fileStatus
I[11:29:01.338] --> textDocument/clangd.fileStatus
I[11:29:01.338] --> textDocument/clangd.fileStatus
I[11:29:01.501] <-- textDocument/inlayHint(1346)
I[11:29:01.501] --> reply:textDocument/inlayHint(1346) 0 ms
I[11:29:01.501] --> textDocument/clangd.fileStatus
I[11:29:01.701] <-- textDocument/documentLink(1347)
I[11:29:01.701] --> reply:textDocument/documentLink(1347) 0 ms
I[11:29:01.701] --> textDocument/clangd.fileStatus
I[11:29:03.309] <-- textDocument/hover(1348)
I[11:29:03.309] --> reply:textDocument/hover(1348) 0 ms
I[11:29:03.309] --> textDocument/clangd.fileStatus
I[11:29:16.844] <-- textDocument/codeAction(1349)
I[11:29:16.844] --> reply:textDocument/codeAction(1349) 0 ms
I[11:29:16.844] --> textDocument/clangd.fileStatus
I[11:29:17.226] <-- textDocument/didChange
I[11:29:17.226] --> textDocument/clangd.fileStatus
I[11:29:17.253] <-- textDocument/inlayHint(1350)
I[11:29:17.253] Failed to find compilation database for /home/david/Documentos/prueba_OS/RepasoExamen/311.c
I[11:29:17.254] ASTWorker building file /home/david/Documentos/prueba_OS/RepasoExamen/311.c version 300 with command clangd fallback
[/home/david/Documentos/prueba_OS/RepasoExamen]
/usr/bin/clang -resource-dir=/home/david/.vscode-oss/extensions/kylinideteam.kylin-clangd-0.4.0-linux-x64/res/clangd/lib/clang/21 -- /home/david/Documentos/prueba_OS/RepasoExamen/311.c
I[11:29:17.254] --> textDocument/clangd.fileStatus
I[11:29:17.258] --> textDocument/publishDiagnostics
I[11:29:17.258] --> textDocument/inactiveRegions
I[11:29:17.258] --> reply:textDocument/inlayHint(1350) 4 ms
I[11:29:17.258] --> textDocument/clangd.fileStatus
I[11:29:17.428] <-- textDocument/foldingRange(1351)
I[11:29:17.428] --> reply:textDocument/foldingRange(1351) 0 ms
I[11:29:17.450] <-- textDocument/didChange
I[11:29:17.450] --> textDocument/clangd.fileStatus
I[11:29:17.476] <-- textDocument/inlayHint(1352)
I[11:29:17.476] Failed to find compilation database for /home/david/Documentos/prueba_OS/RepasoExamen/311.c
I[11:29:17.476] ASTWorker building file /home/david/Documentos/prueba_OS/RepasoExamen/311.c version 301 with command clangd fallback
[/home/david/Documentos/prueba_OS/RepasoExamen]
/usr/bin/clang -resource-dir=/home/david/.vscode-oss/extensions/kylinideteam.kylin-clangd-0.4.0-linux-x64/res/clangd/lib/clang/21 -- /home/david/Documentos/prueba_OS/RepasoExamen/311.c
I[11:29:17.477] --> textDocument/clangd.fileStatus
I[11:29:17.480] --> textDocument/publishDiagnostics
I[11:29:17.480] --> textDocument/inactiveRegions
I[11:29:17.480] --> reply:textDocument/inlayHint(1352) 4 ms
I[11:29:17.480] --> textDocument/clangd.fileStatus
I[11:29:17.651] <-- textDocument/foldingRange(1353)
I[11:29:17.651] --> reply:textDocument/foldingRange(1353) 0 ms
I[11:29:17.801] <-- textDocument/documentSymbol(1354)
I[11:29:17.801] <-- textDocument/documentSymbol(1355)
I[11:29:17.801] --> reply:textDocument/documentSymbol(1354) 0 ms
I[11:29:17.801] --> reply:textDocument/documentSymbol(1355) 0 ms
I[11:29:17.801] --> textDocument/clangd.fileStatus
I[11:29:18.251] <-- textDocument/inlayHint(1356)
I[11:29:18.252] --> reply:textDocument/inlayHint(1356) 0 ms
I[11:29:18.252] --> textDocument/clangd.fileStatus
I[11:29:18.451] <-- textDocument/documentLink(1357)
I[11:29:18.451] --> reply:textDocument/documentLink(1357) 0 ms
I[11:29:18.451] --> textDocument/clangd.fileStatus
I[11:29:18.650] <-- textDocument/codeAction(1358)
I[11:29:18.650] --> reply:textDocument/codeAction(1358) 0 ms
I[11:29:18.650] --> textDocument/clangd.fileStatus
I[11:29:18.967] <-- textDocument/didChange
I[11:29:18.968] --> textDocument/clangd.fileStatus
I[11:29:18.993] <-- textDocument/inlayHint(1359)
I[11:29:18.993] Failed to find compilation database for /home/david/Documentos/prueba_OS/RepasoExamen/311.c
I[11:29:18.993] ASTWorker building file /home/david/Documentos/prueba_OS/RepasoExamen/311.c version 302 with command clangd fallback
[/home/david/Documentos/prueba_OS/RepasoExamen]
/usr/bin/clang -resource-dir=/home/david/.vscode-oss/extensions/kylinideteam.kylin-clangd-0.4.0-linux-x64/res/clangd/lib/clang/21 -- /home/david/Documentos/prueba_OS/RepasoExamen/311.c
I[11:29:18.994] --> textDocument/clangd.fileStatus
I[11:29:18.997] --> textDocument/publishDiagnostics
I[11:29:18.998] --> textDocument/inactiveRegions
I[11:29:18.998] --> reply:textDocument/inlayHint(1359) 4 ms
I[11:29:18.998] --> textDocument/clangd.fileStatus
I[11:29:19.168] <-- textDocument/foldingRange(1360)
I[11:29:19.168] --> reply:textDocument/foldingRange(1360) 0 ms
I[11:29:19.318] <-- textDocument/documentSymbol(1361)
I[11:29:19.318] <-- textDocument/documentSymbol(1362)
I[11:29:19.319] --> reply:textDocument/documentSymbol(1361) 0 ms
I[11:29:19.319] --> reply:textDocument/documentSymbol(1362) 0 ms
I[11:29:19.319] --> textDocument/clangd.fileStatus
I[11:29:19.743] <-- textDocument/didChange
I[11:29:19.743] --> textDocument/clangd.fileStatus
I[11:29:19.743] <-- textDocument/completion(1363)
I[11:29:19.743] --> reply:textDocument/completion(1363) 0 ms
I[11:29:19.768] <-- textDocument/inlayHint(1364)
I[11:29:19.768] Failed to find compilation database for /home/david/Documentos/prueba_OS/RepasoExamen/311.c
I[11:29:19.769] ASTWorker building file /home/david/Documentos/prueba_OS/RepasoExamen/311.c version 303 with command clangd fallback
[/home/david/Documentos/prueba_OS/RepasoExamen]
/usr/bin/clang -resource-dir=/home/david/.vscode-oss/extensions/kylinideteam.kylin-clangd-0.4.0-linux-x64/res/clangd/lib/clang/21 -- /home/david/Documentos/prueba_OS/RepasoExamen/311.c
I[11:29:19.769] --> textDocument/clangd.fileStatus
I[11:29:19.774] --> textDocument/publishDiagnostics
I[11:29:19.774] --> textDocument/inactiveRegions
I[11:29:19.774] --> reply:textDocument/inlayHint(1364) 5 ms
I[11:29:19.774] --> textDocument/clangd.fileStatus
I[11:29:19.869] <-- textDocument/didChange
I[11:29:19.869] --> textDocument/clangd.fileStatus
I[11:29:19.870] <-- textDocument/completion(1365)
I[11:29:19.870] --> reply:textDocument/completion(1365) 0 ms
I[11:29:19.895] <-- textDocument/inlayHint(1366)
I[11:29:19.895] Failed to find compilation database for /home/david/Documentos/prueba_OS/RepasoExamen/311.c
I[11:29:19.895] ASTWorker building file /home/david/Documentos/prueba_OS/RepasoExamen/311.c version 304 with command clangd fallback
[/home/david/Documentos/prueba_OS/RepasoExamen]
/usr/bin/clang -resource-dir=/home/david/.vscode-oss/extensions/kylinideteam.kylin-clangd-0.4.0-linux-x64/res/clangd/lib/clang/21 -- /home/david/Documentos/prueba_OS/RepasoExamen/311.c
I[11:29:19.896] --> textDocument/clangd.fileStatus
I[11:29:19.900] --> textDocument/publishDiagnostics
I[11:29:19.900] --> textDocument/inactiveRegions
I[11:29:19.900] --> reply:textDocument/inlayHint(1366) 5 ms
I[11:29:19.900] --> textDocument/clangd.fileStatus
I[11:29:20.070] <-- textDocument/foldingRange(1367)
I[11:29:20.070] --> reply:textDocument/foldingRange(1367) 0 ms
I[11:29:20.153] <-- textDocument/codeAction(1368)
I[11:29:20.153] --> reply:textDocument/codeAction(1368) 0 ms
I[11:29:20.153] --> textDocument/clangd.fileStatus
I[11:29:20.220] <-- textDocument/documentSymbol(1369)
I[11:29:20.220] <-- textDocument/documentSymbol(1370)
I[11:29:20.220] --> reply:textDocument/documentSymbol(1369) 0 ms
I[11:29:20.220] --> reply:textDocument/documentSymbol(1370) 0 ms
I[11:29:20.220] --> textDocument/clangd.fileStatus
I[11:29:20.634] <-- textDocument/didChange
I[11:29:20.635] --> textDocument/clangd.fileStatus
I[11:29:20.660] <-- textDocument/inlayHint(1371)
I[11:29:20.660] Failed to find compilation database for /home/david/Documentos/prueba_OS/RepasoExamen/311.c
I[11:29:20.661] ASTWorker building file /home/david/Documentos/prueba_OS/RepasoExamen/311.c version 305 with command clangd fallback
[/home/david/Documentos/prueba_OS/RepasoExamen]
/usr/bin/clang -resource-dir=/home/david/.vscode-oss/extensions/kylinideteam.kylin-clangd-0.4.0-linux-x64/res/clangd/lib/clang/21 -- /home/david/Documentos/prueba_OS/RepasoExamen/311.c
I[11:29:20.661] --> textDocument/clangd.fileStatus
I[11:29:20.665] --> textDocument/publishDiagnostics
I[11:29:20.665] --> textDocument/inactiveRegions
I[11:29:20.666] --> reply:textDocument/inlayHint(1371) 5 ms
I[11:29:20.666] --> textDocument/clangd.fileStatus
I[11:29:20.810] <-- textDocument/didChange
I[11:29:20.810] --> textDocument/clangd.fileStatus
I[11:29:20.836] <-- textDocument/inlayHint(1372)
I[11:29:20.836] Failed to find compilation database for /home/david/Documentos/prueba_OS/RepasoExamen/311.c
I[11:29:20.836] ASTWorker building file /home/david/Documentos/prueba_OS/RepasoExamen/311.c version 306 with command clangd fallback
[/home/david/Documentos/prueba_OS/RepasoExamen]
/usr/bin/clang -resource-dir=/home/david/.vscode-oss/extensions/kylinideteam.kylin-clangd-0.4.0-linux-x64/res/clangd/lib/clang/21 -- /home/david/Documentos/prueba_OS/RepasoExamen/311.c
I[11:29:20.837] --> textDocument/clangd.fileStatus
I[11:29:20.840] --> textDocument/publishDiagnostics
I[11:29:20.840] --> textDocument/inactiveRegions
I[11:29:20.841] --> reply:textDocument/inlayHint(1372) 4 ms
I[11:29:20.841] --> textDocument/clangd.fileStatus
I[11:29:20.957] <-- textDocument/didChange
I[11:29:20.957] --> textDocument/clangd.fileStatus
I[11:29:20.983] <-- textDocument/inlayHint(1373)
I[11:29:20.983] Failed to find compilation database for /home/david/Documentos/prueba_OS/RepasoExamen/311.c
I[11:29:20.983] ASTWorker building file /home/david/Documentos/prueba_OS/RepasoExamen/311.c version 307 with command clangd fallback
[/home/david/Documentos/prueba_OS/RepasoExamen]
/usr/bin/clang -resource-dir=/home/david/.vscode-oss/extensions/kylinideteam.kylin-clangd-0.4.0-linux-x64/res/clangd/lib/clang/21 -- /home/david/Documentos/prueba_OS/RepasoExamen/311.c
I[11:29:20.984] --> textDocument/clangd.fileStatus
I[11:29:20.987] --> textDocument/publishDiagnostics
I[11:29:20.987] --> textDocument/inactiveRegions
I[11:29:20.988] --> reply:textDocument/inlayHint(1373) 4 ms
I[11:29:20.988] --> textDocument/clangd.fileStatus
I[11:29:21.095] <-- textDocument/didChange
I[11:29:21.095] --> textDocument/clangd.fileStatus
I[11:29:21.121] <-- textDocument/inlayHint(1374)
I[11:29:21.121] Failed to find compilation database for /home/david/Documentos/prueba_OS/RepasoExamen/311.c
I[11:29:21.121] ASTWorker building file /home/david/Documentos/prueba_OS/RepasoExamen/311.c version 308 with command clangd fallback
[/home/david/Documentos/prueba_OS/RepasoExamen]
/usr/bin/clang -resource-dir=/home/david/.vscode-oss/extensions/kylinideteam.kylin-clangd-0.4.0-linux-x64/res/clangd/lib/clang/21 -- /home/david/Documentos/prueba_OS/RepasoExamen/311.c
I[11:29:21.121] --> textDocument/clangd.fileStatus
I[11:29:21.125] --> textDocument/publishDiagnostics
I[11:29:21.125] --> textDocument/inactiveRegions
I[11:29:21.125] --> reply:textDocument/inlayHint(1374) 4 ms
I[11:29:21.125] --> textDocument/clangd.fileStatus
I[11:29:21.228] <-- textDocument/didChange
I[11:29:21.228] --> textDocument/clangd.fileStatus
I[11:29:21.254] <-- textDocument/inlayHint(1375)
I[11:29:21.254] Failed to find compilation database for /home/david/Documentos/prueba_OS/RepasoExamen/311.c
I[11:29:21.254] ASTWorker building file /home/david/Documentos/prueba_OS/RepasoExamen/311.c version 309 with command clangd fallback
[/home/david/Documentos/prueba_OS/RepasoExamen]
/usr/bin/clang -resource-dir=/home/david/.vscode-oss/extensions/kylinideteam.kylin-clangd-0.4.0-linux-x64/res/clangd/lib/clang/21 -- /home/david/Documentos/prueba_OS/RepasoExamen/311.c
I[11:29:21.254] --> textDocument/clangd.fileStatus
I[11:29:21.259] --> textDocument/publishDiagnostics
I[11:29:21.259] --> textDocument/inactiveRegions
I[11:29:21.259] --> reply:textDocument/inlayHint(1375) 5 ms
I[11:29:21.259] --> textDocument/clangd.fileStatus
I[11:29:21.428] <-- textDocument/foldingRange(1376)
I[11:29:21.429] --> reply:textDocument/foldingRange(1376) 0 ms
I[11:29:21.479] <-- textDocument/codeAction(1377)
I[11:29:21.479] --> reply:textDocument/codeAction(1377) 0 ms
I[11:29:21.479] --> textDocument/clangd.fileStatus
I[11:29:21.531] <-- textDocument/didChange
I[11:29:21.531] --> textDocument/clangd.fileStatus
I[11:29:21.561] <-- textDocument/inlayHint(1378)
I[11:29:21.561] Failed to find compilation database for /home/david/Documentos/prueba_OS/RepasoExamen/311.c
I[11:29:21.562] ASTWorker building file /home/david/Documentos/prueba_OS/RepasoExamen/311.c version 310 with command clangd fallback
[/home/david/Documentos/prueba_OS/RepasoExamen]
/usr/bin/clang -resource-dir=/home/david/.vscode-oss/extensions/kylinideteam.kylin-clangd-0.4.0-linux-x64/res/clangd/lib/clang/21 -- /home/david/Documentos/prueba_OS/RepasoExamen/311.c
I[11:29:21.562] --> textDocument/clangd.fileStatus
I[11:29:21.566] --> textDocument/publishDiagnostics
I[11:29:21.566] --> textDocument/inactiveRegions
I[11:29:21.566] --> reply:textDocument/inlayHint(1378) 4 ms
I[11:29:21.566] --> textDocument/clangd.fileStatus
I[11:29:21.579] <-- textDocument/documentSymbol(1379)
I[11:29:21.579] --> reply:textDocument/documentSymbol(1379) 0 ms
I[11:29:21.579] --> textDocument/clangd.fileStatus
I[11:29:21.672] <-- textDocument/didChange
I[11:29:21.673] --> textDocument/clangd.fileStatus
I[11:29:21.698] <-- textDocument/inlayHint(1380)
I[11:29:21.698] Failed to find compilation database for /home/david/Documentos/prueba_OS/RepasoExamen/311.c
I[11:29:21.699] ASTWorker building file /home/david/Documentos/prueba_OS/RepasoExamen/311.c version 311 with command clangd fallback
[/home/david/Documentos/prueba_OS/RepasoExamen]
/usr/bin/clang -resource-dir=/home/david/.vscode-oss/extensions/kylinideteam.kylin-clangd-0.4.0-linux-x64/res/clangd/lib/clang/21 -- /home/david/Documentos/prueba_OS/RepasoExamen/311.c
I[11:29:21.699] --> textDocument/clangd.fileStatus
I[11:29:21.702] --> textDocument/publishDiagnostics
I[11:29:21.702] --> textDocument/inactiveRegions
I[11:29:21.703] --> reply:textDocument/inlayHint(1380) 4 ms
I[11:29:21.703] --> textDocument/clangd.fileStatus
I[11:29:21.803] <-- textDocument/didChange
I[11:29:21.803] --> textDocument/clangd.fileStatus
I[11:29:21.828] <-- textDocument/inlayHint(1381)
I[11:29:21.828] Failed to find compilation database for /home/david/Documentos/prueba_OS/RepasoExamen/311.c
I[11:29:21.828] ASTWorker building file /home/david/Documentos/prueba_OS/RepasoExamen/311.c version 312 with command clangd fallback
[/home/david/Documentos/prueba_OS/RepasoExamen]
/usr/bin/clang -resource-dir=/home/david/.vscode-oss/extensions/kylinideteam.kylin-clangd-0.4.0-linux-x64/res/clangd/lib/clang/21 -- /home/david/Documentos/prueba_OS/RepasoExamen/311.c
I[11:29:21.829] --> textDocument/clangd.fileStatus
I[11:29:21.833] --> textDocument/publishDiagnostics
I[11:29:21.833] --> textDocument/inactiveRegions
I[11:29:21.833] --> reply:textDocument/inlayHint(1381) 4 ms
I[11:29:21.833] --> textDocument/clangd.fileStatus
I[11:29:21.929] <-- textDocument/didChange
I[11:29:21.929] --> textDocument/clangd.fileStatus
I[11:29:21.954] <-- textDocument/inlayHint(1382)
I[11:29:21.954] Failed to find compilation database for /home/david/Documentos/prueba_OS/RepasoExamen/311.c
I[11:29:21.954] ASTWorker building file /home/david/Documentos/prueba_OS/RepasoExamen/311.c version 313 with command clangd fallback
[/home/david/Documentos/prueba_OS/RepasoExamen]
/usr/bin/clang -resource-dir=/home/david/.vscode-oss/extensions/kylinideteam.kylin-clangd-0.4.0-linux-x64/res/clangd/lib/clang/21 -- /home/david/Documentos/prueba_OS/RepasoExamen/311.c
I[11:29:21.955] --> textDocument/clangd.fileStatus
I[11:29:21.958] --> textDocument/publishDiagnostics
I[11:29:21.958] --> textDocument/inactiveRegions
I[11:29:21.958] --> reply:textDocument/inlayHint(1382) 4 ms
I[11:29:21.958] --> textDocument/clangd.fileStatus
I[11:29:22.129] <-- textDocument/foldingRange(1383)
I[11:29:22.129] --> reply:textDocument/foldingRange(1383) 0 ms
I[11:29:22.180] <-- textDocument/codeAction(1384)
I[11:29:22.180] --> reply:textDocument/codeAction(1384) 0 ms
I[11:29:22.180] --> textDocument/clangd.fileStatus
I[11:29:22.279] <-- textDocument/documentSymbol(1385)
I[11:29:22.279] <-- textDocument/documentSymbol(1386)
I[11:29:22.279] --> reply:textDocument/documentSymbol(1385) 0 ms
I[11:29:22.279] --> reply:textDocument/documentSymbol(1386) 0 ms
I[11:29:22.279] --> textDocument/clangd.fileStatus
I[11:29:22.615] <-- textDocument/didChange
I[11:29:22.615] --> textDocument/clangd.fileStatus
I[11:29:22.640] <-- textDocument/inlayHint(1387)
I[11:29:22.640] Failed to find compilation database for /home/david/Documentos/prueba_OS/RepasoExamen/311.c
I[11:29:22.641] ASTWorker building file /home/david/Documentos/prueba_OS/RepasoExamen/311.c version 314 with command clangd fallback
[/home/david/Documentos/prueba_OS/RepasoExamen]
/usr/bin/clang -resource-dir=/home/david/.vscode-oss/extensions/kylinideteam.kylin-clangd-0.4.0-linux-x64/res/clangd/lib/clang/21 -- /home/david/Documentos/prueba_OS/RepasoExamen/311.c
I[11:29:22.641] --> textDocument/clangd.fileStatus
I[11:29:22.645] --> textDocument/publishDiagnostics
I[11:29:22.645] --> textDocument/inactiveRegions
I[11:29:22.645] --> reply:textDocument/inlayHint(1387) 4 ms
I[11:29:22.645] --> textDocument/clangd.fileStatus
I[11:29:22.815] <-- textDocument/foldingRange(1388)
I[11:29:22.815] --> reply:textDocument/foldingRange(1388) 0 ms
I[11:29:22.865] <-- textDocument/codeAction(1389)
I[11:29:22.865] --> reply:textDocument/codeAction(1389) 0 ms
I[11:29:22.865] --> textDocument/clangd.fileStatus
I[11:29:22.965] <-- textDocument/documentSymbol(1390)
I[11:29:22.965] <-- textDocument/documentSymbol(1391)
I[11:29:22.966] --> reply:textDocument/documentSymbol(1390) 0 ms
I[11:29:22.966] --> reply:textDocument/documentSymbol(1391) 0 ms
I[11:29:22.966] --> textDocument/clangd.fileStatus
I[11:29:23.001] <-- textDocument/didChange
I[11:29:23.001] --> textDocument/clangd.fileStatus
I[11:29:23.027] <-- textDocument/inlayHint(1392)
I[11:29:23.027] Failed to find compilation database for /home/david/Documentos/prueba_OS/RepasoExamen/311.c
I[11:29:23.027] ASTWorker building file /home/david/Documentos/prueba_OS/RepasoExamen/311.c version 315 with command clangd fallback
[/home/david/Documentos/prueba_OS/RepasoExamen]
/usr/bin/clang -resource-dir=/home/david/.vscode-oss/extensions/kylinideteam.kylin-clangd-0.4.0-linux-x64/res/clangd/lib/clang/21 -- /home/david/Documentos/prueba_OS/RepasoExamen/311.c
I[11:29:23.028] --> textDocument/clangd.fileStatus
I[11:29:23.031] --> textDocument/publishDiagnostics
I[11:29:23.031] --> textDocument/inactiveRegions
I[11:29:23.031] --> reply:textDocument/inlayHint(1392) 4 ms
I[11:29:23.031] --> textDocument/clangd.fileStatus
I[11:29:23.201] <-- textDocument/foldingRange(1393)
I[11:29:23.202] --> reply:textDocument/foldingRange(1393) 0 ms
I[11:29:23.252] <-- textDocument/codeAction(1394)
I[11:29:23.252] --> reply:textDocument/codeAction(1394) 0 ms
I[11:29:23.252] --> textDocument/clangd.fileStatus
I[11:29:23.275] <-- textDocument/didChange
I[11:29:23.276] --> textDocument/clangd.fileStatus
I[11:29:23.301] <-- textDocument/inlayHint(1395)
I[11:29:23.301] Failed to find compilation database for /home/david/Documentos/prueba_OS/RepasoExamen/311.c
I[11:29:23.301] ASTWorker building file /home/david/Documentos/prueba_OS/RepasoExamen/311.c version 316 with command clangd fallback
[/home/david/Documentos/prueba_OS/RepasoExamen]
/usr/bin/clang -resource-dir=/home/david/.vscode-oss/extensions/kylinideteam.kylin-clangd-0.4.0-linux-x64/res/clangd/lib/clang/21 -- /home/david/Documentos/prueba_OS/RepasoExamen/311.c
I[11:29:23.302] --> textDocument/clangd.fileStatus
I[11:29:23.305] --> textDocument/publishDiagnostics
I[11:29:23.305] --> textDocument/inactiveRegions
I[11:29:23.305] --> reply:textDocument/inlayHint(1395) 4 ms
I[11:29:23.305] --> textDocument/clangd.fileStatus
I[11:29:23.476] <-- textDocument/foldingRange(1396)
I[11:29:23.476] --> reply:textDocument/foldingRange(1396) 0 ms
I[11:29:23.526] <-- textDocument/codeAction(1397)
I[11:29:23.526] --> reply:textDocument/codeAction(1397) 0 ms
I[11:29:23.526] --> textDocument/clangd.fileStatus
I[11:29:23.626] <-- textDocument/documentSymbol(1398)
I[11:29:23.626] <-- textDocument/documentSymbol(1399)
I[11:29:23.626] --> reply:textDocument/documentSymbol(1398) 0 ms
I[11:29:23.626] --> reply:textDocument/documentSymbol(1399) 0 ms
I[11:29:23.626] --> textDocument/clangd.fileStatus
I[11:29:23.680] <-- textDocument/didChange
I[11:29:23.680] --> textDocument/clangd.fileStatus
I[11:29:23.705] <-- textDocument/inlayHint(1400)
I[11:29:23.705] Failed to find compilation database for /home/david/Documentos/prueba_OS/RepasoExamen/311.c
I[11:29:23.706] ASTWorker building file /home/david/Documentos/prueba_OS/RepasoExamen/311.c version 317 with command clangd fallback
[/home/david/Documentos/prueba_OS/RepasoExamen]
/usr/bin/clang -resource-dir=/home/david/.vscode-oss/extensions/kylinideteam.kylin-clangd-0.4.0-linux-x64/res/clangd/lib/clang/21 -- /home/david/Documentos/prueba_OS/RepasoExamen/311.c
I[11:29:23.706] --> textDocument/clangd.fileStatus
I[11:29:23.710] --> textDocument/publishDiagnostics
I[11:29:23.710] --> textDocument/inactiveRegions
I[11:29:23.710] --> reply:textDocument/inlayHint(1400) 4 ms
I[11:29:23.710] --> textDocument/clangd.fileStatus
I[11:29:23.781] <-- textDocument/didChange
I[11:29:23.781] --> textDocument/clangd.fileStatus
I[11:29:23.807] <-- textDocument/inlayHint(1401)
I[11:29:23.807] Failed to find compilation database for /home/david/Documentos/prueba_OS/RepasoExamen/311.c
I[11:29:23.807] ASTWorker building file /home/david/Documentos/prueba_OS/RepasoExamen/311.c version 318 with command clangd fallback
[/home/david/Documentos/prueba_OS/RepasoExamen]
/usr/bin/clang -resource-dir=/home/david/.vscode-oss/extensions/kylinideteam.kylin-clangd-0.4.0-linux-x64/res/clangd/lib/clang/21 -- /home/david/Documentos/prueba_OS/RepasoExamen/311.c
I[11:29:23.808] --> textDocument/clangd.fileStatus
I[11:29:23.812] --> textDocument/publishDiagnostics
I[11:29:23.812] --> textDocument/inactiveRegions
I[11:29:23.812] --> reply:textDocument/inlayHint(1401) 4 ms
I[11:29:23.812] --> textDocument/clangd.fileStatus
I[11:29:23.860] <-- textDocument/didChange
I[11:29:23.860] --> textDocument/clangd.fileStatus
I[11:29:23.886] <-- textDocument/inlayHint(1402)
I[11:29:23.886] Failed to find compilation database for /home/david/Documentos/prueba_OS/RepasoExamen/311.c
I[11:29:23.886] ASTWorker building file /home/david/Documentos/prueba_OS/RepasoExamen/311.c version 319 with command clangd fallback
[/home/david/Documentos/prueba_OS/RepasoExamen]
/usr/bin/clang -resource-dir=/home/david/.vscode-oss/extensions/kylinideteam.kylin-clangd-0.4.0-linux-x64/res/clangd/lib/clang/21 -- /home/david/Documentos/prueba_OS/RepasoExamen/311.c
I[11:29:23.887] --> textDocument/clangd.fileStatus
I[11:29:23.890] --> textDocument/publishDiagnostics
I[11:29:23.890] --> textDocument/inactiveRegions
I[11:29:23.890] --> reply:textDocument/inlayHint(1402) 4 ms
I[11:29:23.890] --> textDocument/clangd.fileStatus
I[11:29:24.027] <-- textDocument/didChange
I[11:29:24.027] --> textDocument/clangd.fileStatus
I[11:29:24.053] <-- textDocument/inlayHint(1403)
I[11:29:24.053] Failed to find compilation database for /home/david/Documentos/prueba_OS/RepasoExamen/311.c
I[11:29:24.053] ASTWorker building file /home/david/Documentos/prueba_OS/RepasoExamen/311.c version 320 with command clangd fallback
[/home/david/Documentos/prueba_OS/RepasoExamen]
/usr/bin/clang -resource-dir=/home/david/.vscode-oss/extensions/kylinideteam.kylin-clangd-0.4.0-linux-x64/res/clangd/lib/clang/21 -- /home/david/Documentos/prueba_OS/RepasoExamen/311.c
I[11:29:24.054] --> textDocument/clangd.fileStatus
I[11:29:24.057] --> textDocument/publishDiagnostics
I[11:29:24.057] --> textDocument/inactiveRegions
I[11:29:24.057] --> reply:textDocument/inlayHint(1403) 4 ms
I[11:29:24.057] --> textDocument/clangd.fileStatus
I[11:29:24.227] <-- textDocument/foldingRange(1404)
I[11:29:24.228] --> reply:textDocument/foldingRange(1404) 0 ms
I[11:29:24.277] <-- textDocument/codeAction(1405)
I[11:29:24.278] --> reply:textDocument/codeAction(1405) 0 ms
I[11:29:24.278] --> textDocument/clangd.fileStatus
I[11:29:24.378] <-- textDocument/documentSymbol(1406)
I[11:29:24.378] <-- textDocument/documentSymbol(1407)
I[11:29:24.378] --> reply:textDocument/documentSymbol(1406) 0 ms
I[11:29:24.378] --> reply:textDocument/documentSymbol(1407) 0 ms
I[11:29:24.378] --> textDocument/clangd.fileStatus
I[11:29:24.828] <-- textDocument/inlayHint(1408)
I[11:29:24.828] --> reply:textDocument/inlayHint(1408) 0 ms
I[11:29:24.828] --> textDocument/clangd.fileStatus
I[11:29:24.904] <-- textDocument/didChange
I[11:29:24.904] --> textDocument/clangd.fileStatus
I[11:29:24.929] <-- textDocument/inlayHint(1409)
I[11:29:24.930] Failed to find compilation database for /home/david/Documentos/prueba_OS/RepasoExamen/311.c
I[11:29:24.930] ASTWorker building file /home/david/Documentos/prueba_OS/RepasoExamen/311.c version 321 with command clangd fallback
[/home/david/Documentos/prueba_OS/RepasoExamen]
/usr/bin/clang -resource-dir=/home/david/.vscode-oss/extensions/kylinideteam.kylin-clangd-0.4.0-linux-x64/res/clangd/lib/clang/21 -- /home/david/Documentos/prueba_OS/RepasoExamen/311.c
I[11:29:24.930] --> textDocument/clangd.fileStatus
I[11:29:24.933] --> textDocument/publishDiagnostics
I[11:29:24.933] --> textDocument/inactiveRegions
I[11:29:24.934] --> reply:textDocument/inlayHint(1409) 4 ms
I[11:29:24.934] --> textDocument/clangd.fileStatus
I[11:29:25.011] <-- textDocument/didChange
I[11:29:25.011] --> textDocument/clangd.fileStatus
I[11:29:25.036] <-- textDocument/inlayHint(1410)
I[11:29:25.036] Failed to find compilation database for /home/david/Documentos/prueba_OS/RepasoExamen/311.c
I[11:29:25.036] ASTWorker building file /home/david/Documentos/prueba_OS/RepasoExamen/311.c version 322 with command clangd fallback
[/home/david/Documentos/prueba_OS/RepasoExamen]
/usr/bin/clang -resource-dir=/home/david/.vscode-oss/extensions/kylinideteam.kylin-clangd-0.4.0-linux-x64/res/clangd/lib/clang/21 -- /home/david/Documentos/prueba_OS/RepasoExamen/311.c
I[11:29:25.037] --> textDocument/clangd.fileStatus
I[11:29:25.040] --> textDocument/publishDiagnostics
I[11:29:25.040] --> textDocument/inactiveRegions
I[11:29:25.041] --> reply:textDocument/inlayHint(1410) 4 ms
I[11:29:25.041] --> textDocument/clangd.fileStatus
I[11:29:25.130] <-- textDocument/didChange
I[11:29:25.130] --> textDocument/clangd.fileStatus
I[11:29:25.156] <-- textDocument/inlayHint(1411)
I[11:29:25.156] Failed to find compilation database for /home/david/Documentos/prueba_OS/RepasoExamen/311.c
I[11:29:25.156] ASTWorker building file /home/david/Documentos/prueba_OS/RepasoExamen/311.c version 323 with command clangd fallback
[/home/david/Documentos/prueba_OS/RepasoExamen]
/usr/bin/clang -resource-dir=/home/david/.vscode-oss/extensions/kylinideteam.kylin-clangd-0.4.0-linux-x64/res/clangd/lib/clang/21 -- /home/david/Documentos/prueba_OS/RepasoExamen/311.c
I[11:29:25.157] --> textDocument/clangd.fileStatus
I[11:29:25.161] --> textDocument/publishDiagnostics
I[11:29:25.161] --> textDocument/inactiveRegions
I[11:29:25.161] --> reply:textDocument/inlayHint(1411) 5 ms
I[11:29:25.161] --> textDocument/clangd.fileStatus
I[11:29:25.259] <-- textDocument/didChange
I[11:29:25.259] --> textDocument/clangd.fileStatus
I[11:29:25.285] <-- textDocument/inlayHint(1412)
I[11:29:25.285] Failed to find compilation database for /home/david/Documentos/prueba_OS/RepasoExamen/311.c
I[11:29:25.285] ASTWorker building file /home/david/Documentos/prueba_OS/RepasoExamen/311.c version 324 with command clangd fallback
[/home/david/Documentos/prueba_OS/RepasoExamen]
/usr/bin/clang -resource-dir=/home/david/.vscode-oss/extensions/kylinideteam.kylin-clangd-0.4.0-linux-x64/res/clangd/lib/clang/21 -- /home/david/Documentos/prueba_OS/RepasoExamen/311.c
I[11:29:25.286] --> textDocument/clangd.fileStatus
I[11:29:25.289] --> textDocument/publishDiagnostics
I[11:29:25.289] --> textDocument/inactiveRegions
I[11:29:25.289] --> reply:textDocument/inlayHint(1412) 4 ms
I[11:29:25.289] --> textDocument/clangd.fileStatus
I[11:29:25.381] <-- textDocument/didChange
I[11:29:25.381] --> textDocument/clangd.fileStatus
I[11:29:25.406] <-- textDocument/inlayHint(1413)
I[11:29:25.407] Failed to find compilation database for /home/david/Documentos/prueba_OS/RepasoExamen/311.c
I[11:29:25.407] ASTWorker building file /home/david/Documentos/prueba_OS/RepasoExamen/311.c version 325 with command clangd fallback
[/home/david/Documentos/prueba_OS/RepasoExamen]
/usr/bin/clang -resource-dir=/home/david/.vscode-oss/extensions/kylinideteam.kylin-clangd-0.4.0-linux-x64/res/clangd/lib/clang/21 -- /home/david/Documentos/prueba_OS/RepasoExamen/311.c
I[11:29:25.407] --> textDocument/clangd.fileStatus
I[11:29:25.411] --> textDocument/publishDiagnostics
I[11:29:25.411] --> textDocument/inactiveRegions
I[11:29:25.411] --> reply:textDocument/inlayHint(1413) 4 ms
I[11:29:25.411] --> textDocument/clangd.fileStatus
I[11:29:25.487] <-- textDocument/didChange
I[11:29:25.487] --> textDocument/clangd.fileStatus
I[11:29:25.512] <-- textDocument/inlayHint(1414)
I[11:29:25.512] Failed to find compilation database for /home/david/Documentos/prueba_OS/RepasoExamen/311.c
I[11:29:25.513] ASTWorker building file /home/david/Documentos/prueba_OS/RepasoExamen/311.c version 326 with command clangd fallback
[/home/david/Documentos/prueba_OS/RepasoExamen]
/usr/bin/clang -resource-dir=/home/david/.vscode-oss/extensions/kylinideteam.kylin-clangd-0.4.0-linux-x64/res/clangd/lib/clang/21 -- /home/david/Documentos/prueba_OS/RepasoExamen/311.c
I[11:29:25.513] --> textDocument/clangd.fileStatus
I[11:29:25.516] --> textDocument/publishDiagnostics
I[11:29:25.516] --> textDocument/inactiveRegions
I[11:29:25.517] --> reply:textDocument/inlayHint(1414) 4 ms
I[11:29:25.517] --> textDocument/clangd.fileStatus
I[11:29:25.687] <-- textDocument/foldingRange(1415)
I[11:29:25.688] --> reply:textDocument/foldingRange(1415) 0 ms
I[11:29:25.697] <-- textDocument/didChange
I[11:29:25.697] --> textDocument/clangd.fileStatus
I[11:29:25.723] <-- textDocument/inlayHint(1416)
I[11:29:25.723] Failed to find compilation database for /home/david/Documentos/prueba_OS/RepasoExamen/311.c
I[11:29:25.723] ASTWorker building file /home/david/Documentos/prueba_OS/RepasoExamen/311.c version 327 with command clangd fallback
[/home/david/Documentos/prueba_OS/RepasoExamen]
/usr/bin/clang -resource-dir=/home/david/.vscode-oss/extensions/kylinideteam.kylin-clangd-0.4.0-linux-x64/res/clangd/lib/clang/21 -- /home/david/Documentos/prueba_OS/RepasoExamen/311.c
I[11:29:25.724] --> textDocument/clangd.fileStatus
I[11:29:25.728] --> textDocument/publishDiagnostics
I[11:29:25.728] --> textDocument/inactiveRegions
I[11:29:25.728] --> reply:textDocument/inlayHint(1416) 4 ms
I[11:29:25.728] --> textDocument/clangd.fileStatus
I[11:29:25.898] <-- textDocument/foldingRange(1417)
I[11:29:25.898] --> reply:textDocument/foldingRange(1417) 0 ms
I[11:29:25.948] <-- textDocument/codeAction(1418)
I[11:29:25.948] --> reply:textDocument/codeAction(1418) 0 ms
I[11:29:25.948] --> textDocument/clangd.fileStatus
I[11:29:26.048] <-- textDocument/documentSymbol(1419)
I[11:29:26.048] <-- textDocument/documentSymbol(1420)
I[11:29:26.048] --> reply:textDocument/documentSymbol(1419) 0 ms
I[11:29:26.048] --> reply:textDocument/documentSymbol(1420) 0 ms
I[11:29:26.048] --> textDocument/clangd.fileStatus
I[11:29:26.088] <-- textDocument/didChange
I[11:29:26.088] --> textDocument/clangd.fileStatus
I[11:29:26.114] <-- textDocument/inlayHint(1421)
I[11:29:26.114] Failed to find compilation database for /home/david/Documentos/prueba_OS/RepasoExamen/311.c
I[11:29:26.114] ASTWorker building file /home/david/Documentos/prueba_OS/RepasoExamen/311.c version 328 with command clangd fallback
[/home/david/Documentos/prueba_OS/RepasoExamen]
/usr/bin/clang -resource-dir=/home/david/.vscode-oss/extensions/kylinideteam.kylin-clangd-0.4.0-linux-x64/res/clangd/lib/clang/21 -- /home/david/Documentos/prueba_OS/RepasoExamen/311.c
I[11:29:26.115] --> textDocument/clangd.fileStatus
I[11:29:26.118] --> textDocument/publishDiagnostics
I[11:29:26.118] --> textDocument/inactiveRegions
I[11:29:26.118] --> reply:textDocument/inlayHint(1421) 4 ms
I[11:29:26.118] --> textDocument/clangd.fileStatus
I[11:29:26.197] <-- textDocument/didChange
I[11:29:26.197] --> textDocument/clangd.fileStatus
I[11:29:26.222] <-- textDocument/inlayHint(1422)
I[11:29:26.222] Failed to find compilation database for /home/david/Documentos/prueba_OS/RepasoExamen/311.c
I[11:29:26.222] ASTWorker building file /home/david/Documentos/prueba_OS/RepasoExamen/311.c version 329 with command clangd fallback
[/home/david/Documentos/prueba_OS/RepasoExamen]
/usr/bin/clang -resource-dir=/home/david/.vscode-oss/extensions/kylinideteam.kylin-clangd-0.4.0-linux-x64/res/clangd/lib/clang/21 -- /home/david/Documentos/prueba_OS/RepasoExamen/311.c
I[11:29:26.223] --> textDocument/clangd.fileStatus
I[11:29:26.226] --> textDocument/publishDiagnostics
I[11:29:26.226] --> textDocument/inactiveRegions
I[11:29:26.226] --> reply:textDocument/inlayHint(1422) 4 ms
I[11:29:26.226] --> textDocument/clangd.fileStatus
I[11:29:26.328] <-- textDocument/didChange
I[11:29:26.328] --> textDocument/clangd.fileStatus
I[11:29:26.354] <-- textDocument/inlayHint(1423)
I[11:29:26.354] Failed to find compilation database for /home/david/Documentos/prueba_OS/RepasoExamen/311.c
I[11:29:26.354] ASTWorker building file /home/david/Documentos/prueba_OS/RepasoExamen/311.c version 330 with command clangd fallback
[/home/david/Documentos/prueba_OS/RepasoExamen]
/usr/bin/clang -resource-dir=/home/david/.vscode-oss/extensions/kylinideteam.kylin-clangd-0.4.0-linux-x64/res/clangd/lib/clang/21 -- /home/david/Documentos/prueba_OS/RepasoExamen/311.c
I[11:29:26.354] --> textDocument/clangd.fileStatus
I[11:29:26.358] --> textDocument/publishDiagnostics
I[11:29:26.358] --> textDocument/inactiveRegions
I[11:29:26.358] --> reply:textDocument/inlayHint(1423) 4 ms
I[11:29:26.358] --> textDocument/clangd.fileStatus
I[11:29:26.435] <-- textDocument/didChange
I[11:29:26.435] --> textDocument/clangd.fileStatus
I[11:29:26.461] <-- textDocument/inlayHint(1424)
I[11:29:26.461] Failed to find compilation database for /home/david/Documentos/prueba_OS/RepasoExamen/311.c
I[11:29:26.461] ASTWorker building file /home/david/Documentos/prueba_OS/RepasoExamen/311.c version 331 with command clangd fallback
[/home/david/Documentos/prueba_OS/RepasoExamen]
/usr/bin/clang -resource-dir=/home/david/.vscode-oss/extensions/kylinideteam.kylin-clangd-0.4.0-linux-x64/res/clangd/lib/clang/21 -- /home/david/Documentos/prueba_OS/RepasoExamen/311.c
I[11:29:26.462] --> textDocument/clangd.fileStatus
I[11:29:26.466] --> textDocument/publishDiagnostics
I[11:29:26.466] --> textDocument/inactiveRegions
I[11:29:26.466] --> reply:textDocument/inlayHint(1424) 4 ms
I[11:29:26.466] --> textDocument/clangd.fileStatus
I[11:29:26.604] <-- textDocument/didChange
I[11:29:26.604] --> textDocument/clangd.fileStatus
I[11:29:26.629] <-- textDocument/inlayHint(1425)
I[11:29:26.630] Failed to find compilation database for /home/david/Documentos/prueba_OS/RepasoExamen/311.c
I[11:29:26.630] ASTWorker building file /home/david/Documentos/prueba_OS/RepasoExamen/311.c version 332 with command clangd fallback
[/home/david/Documentos/prueba_OS/RepasoExamen]
/usr/bin/clang -resource-dir=/home/david/.vscode-oss/extensions/kylinideteam.kylin-clangd-0.4.0-linux-x64/res/clangd/lib/clang/21 -- /home/david/Documentos/prueba_OS/RepasoExamen/311.c
I[11:29:26.630] --> textDocument/clangd.fileStatus
I[11:29:26.634] --> textDocument/publishDiagnostics
I[11:29:26.634] --> textDocument/inactiveRegions
I[11:29:26.634] --> reply:textDocument/inlayHint(1425) 4 ms
I[11:29:26.634] --> textDocument/clangd.fileStatus
I[11:29:26.804] <-- textDocument/foldingRange(1426)
I[11:29:26.804] --> reply:textDocument/foldingRange(1426) 0 ms
I[11:29:26.825] <-- textDocument/didChange
I[11:29:26.825] --> textDocument/clangd.fileStatus
I[11:29:26.850] <-- textDocument/inlayHint(1427)
I[11:29:26.850] Failed to find compilation database for /home/david/Documentos/prueba_OS/RepasoExamen/311.c
I[11:29:26.851] ASTWorker building file /home/david/Documentos/prueba_OS/RepasoExamen/311.c version 333 with command clangd fallback
[/home/david/Documentos/prueba_OS/RepasoExamen]
/usr/bin/clang -resource-dir=/home/david/.vscode-oss/extensions/kylinideteam.kylin-clangd-0.4.0-linux-x64/res/clangd/lib/clang/21 -- /home/david/Documentos/prueba_OS/RepasoExamen/311.c
I[11:29:26.851] --> textDocument/clangd.fileStatus
I[11:29:26.855] --> textDocument/publishDiagnostics
I[11:29:26.855] --> textDocument/inactiveRegions
I[11:29:26.855] --> reply:textDocument/inlayHint(1427) 4 ms
I[11:29:26.855] --> textDocument/clangd.fileStatus
I[11:29:27.025] <-- textDocument/foldingRange(1428)
I[11:29:27.025] --> reply:textDocument/foldingRange(1428) 0 ms
I[11:29:27.176] <-- textDocument/documentSymbol(1429)
I[11:29:27.176] <-- textDocument/documentSymbol(1430)
I[11:29:27.176] --> reply:textDocument/documentSymbol(1429) 0 ms
I[11:29:27.176] --> reply:textDocument/documentSymbol(1430) 0 ms
I[11:29:27.176] --> textDocument/clangd.fileStatus
I[11:29:27.626] <-- textDocument/inlayHint(1431)
I[11:29:27.626] --> reply:textDocument/inlayHint(1431) 0 ms
I[11:29:27.626] --> textDocument/clangd.fileStatus
I[11:29:27.662] <-- textDocument/didChange
I[11:29:27.662] --> textDocument/clangd.fileStatus
I[11:29:27.688] <-- textDocument/inlayHint(1432)
I[11:29:27.688] Failed to find compilation database for /home/david/Documentos/prueba_OS/RepasoExamen/311.c
I[11:29:27.688] ASTWorker building file /home/david/Documentos/prueba_OS/RepasoExamen/311.c version 334 with command clangd fallback
[/home/david/Documentos/prueba_OS/RepasoExamen]
/usr/bin/clang -resource-dir=/home/david/.vscode-oss/extensions/kylinideteam.kylin-clangd-0.4.0-linux-x64/res/clangd/lib/clang/21 -- /home/david/Documentos/prueba_OS/RepasoExamen/311.c
I[11:29:27.689] --> textDocument/clangd.fileStatus
I[11:29:27.693] --> textDocument/publishDiagnostics
I[11:29:27.693] --> textDocument/inactiveRegions
I[11:29:27.693] --> reply:textDocument/inlayHint(1432) 5 ms
I[11:29:27.693] --> textDocument/clangd.fileStatus
I[11:29:27.747] <-- textDocument/didChange
I[11:29:27.747] --> textDocument/clangd.fileStatus
I[11:29:27.772] <-- textDocument/inlayHint(1433)
I[11:29:27.772] Failed to find compilation database for /home/david/Documentos/prueba_OS/RepasoExamen/311.c
I[11:29:27.773] ASTWorker building file /home/david/Documentos/prueba_OS/RepasoExamen/311.c version 335 with command clangd fallback
[/home/david/Documentos/prueba_OS/RepasoExamen]
/usr/bin/clang -resource-dir=/home/david/.vscode-oss/extensions/kylinideteam.kylin-clangd-0.4.0-linux-x64/res/clangd/lib/clang/21 -- /home/david/Documentos/prueba_OS/RepasoExamen/311.c
I[11:29:27.773] --> textDocument/clangd.fileStatus
I[11:29:27.777] --> textDocument/publishDiagnostics
I[11:29:27.777] --> textDocument/inactiveRegions
I[11:29:27.777] --> reply:textDocument/inlayHint(1433) 4 ms
I[11:29:27.777] --> textDocument/clangd.fileStatus
I[11:29:27.947] <-- textDocument/foldingRange(1434)
I[11:29:27.947] --> reply:textDocument/foldingRange(1434) 0 ms
I[11:29:27.995] <-- textDocument/didChange
I[11:29:27.995] --> textDocument/clangd.fileStatus
I[11:29:28.021] <-- textDocument/inlayHint(1435)
I[11:29:28.021] Failed to find compilation database for /home/david/Documentos/prueba_OS/RepasoExamen/311.c
I[11:29:28.021] ASTWorker building file /home/david/Documentos/prueba_OS/RepasoExamen/311.c version 336 with command clangd fallback
[/home/david/Documentos/prueba_OS/RepasoExamen]
/usr/bin/clang -resource-dir=/home/david/.vscode-oss/extensions/kylinideteam.kylin-clangd-0.4.0-linux-x64/res/clangd/lib/clang/21 -- /home/david/Documentos/prueba_OS/RepasoExamen/311.c
I[11:29:28.021] --> textDocument/clangd.fileStatus
I[11:29:28.025] --> textDocument/publishDiagnostics
I[11:29:28.025] --> textDocument/inactiveRegions
I[11:29:28.025] --> reply:textDocument/inlayHint(1435) 4 ms
I[11:29:28.025] --> textDocument/clangd.fileStatus
I[11:29:28.195] <-- textDocument/foldingRange(1436)
I[11:29:28.196] --> reply:textDocument/foldingRange(1436) 0 ms
I[11:29:28.223] <-- textDocument/didChange
I[11:29:28.224] --> textDocument/clangd.fileStatus
I[11:29:28.249] <-- textDocument/inlayHint(1437)
I[11:29:28.249] Failed to find compilation database for /home/david/Documentos/prueba_OS/RepasoExamen/311.c
I[11:29:28.250] ASTWorker building file /home/david/Documentos/prueba_OS/RepasoExamen/311.c version 337 with command clangd fallback
[/home/david/Documentos/prueba_OS/RepasoExamen]
/usr/bin/clang -resource-dir=/home/david/.vscode-oss/extensions/kylinideteam.kylin-clangd-0.4.0-linux-x64/res/clangd/lib/clang/21 -- /home/david/Documentos/prueba_OS/RepasoExamen/311.c
I[11:29:28.250] --> textDocument/clangd.fileStatus
I[11:29:28.254] --> textDocument/publishDiagnostics
I[11:29:28.254] --> textDocument/inactiveRegions
I[11:29:28.254] --> reply:textDocument/inlayHint(1437) 4 ms
I[11:29:28.254] --> textDocument/clangd.fileStatus
I[11:29:28.424] <-- textDocument/foldingRange(1438)
I[11:29:28.424] --> reply:textDocument/foldingRange(1438) 0 ms
I[11:29:28.474] <-- textDocument/codeAction(1439)
I[11:29:28.474] --> reply:textDocument/codeAction(1439) 0 ms
I[11:29:28.474] --> textDocument/clangd.fileStatus
I[11:29:28.574] <-- textDocument/documentSymbol(1440)
I[11:29:28.574] <-- textDocument/documentSymbol(1441)
I[11:29:28.574] --> reply:textDocument/documentSymbol(1440) 0 ms
I[11:29:28.574] --> reply:textDocument/documentSymbol(1441) 0 ms
I[11:29:28.574] --> textDocument/clangd.fileStatus
I[11:29:28.662] <-- textDocument/didChange
I[11:29:28.662] --> textDocument/clangd.fileStatus
I[11:29:28.688] <-- textDocument/inlayHint(1442)
I[11:29:28.688] Failed to find compilation database for /home/david/Documentos/prueba_OS/RepasoExamen/311.c
I[11:29:28.689] ASTWorker building file /home/david/Documentos/prueba_OS/RepasoExamen/311.c version 338 with command clangd fallback
[/home/david/Documentos/prueba_OS/RepasoExamen]
/usr/bin/clang -resource-dir=/home/david/.vscode-oss/extensions/kylinideteam.kylin-clangd-0.4.0-linux-x64/res/clangd/lib/clang/21 -- /home/david/Documentos/prueba_OS/RepasoExamen/311.c
I[11:29:28.689] --> textDocument/clangd.fileStatus
I[11:29:28.693] --> textDocument/publishDiagnostics
I[11:29:28.693] --> textDocument/inactiveRegions
I[11:29:28.693] --> reply:textDocument/inlayHint(1442) 4 ms
I[11:29:28.693] --> textDocument/clangd.fileStatus
I[11:29:28.811] <-- textDocument/didChange
I[11:29:28.811] --> textDocument/clangd.fileStatus
I[11:29:28.837] <-- textDocument/inlayHint(1443)
I[11:29:28.837] Failed to find compilation database for /home/david/Documentos/prueba_OS/RepasoExamen/311.c
I[11:29:28.837] ASTWorker building file /home/david/Documentos/prueba_OS/RepasoExamen/311.c version 339 with command clangd fallback
[/home/david/Documentos/prueba_OS/RepasoExamen]
/usr/bin/clang -resource-dir=/home/david/.vscode-oss/extensions/kylinideteam.kylin-clangd-0.4.0-linux-x64/res/clangd/lib/clang/21 -- /home/david/Documentos/prueba_OS/RepasoExamen/311.c
I[11:29:28.838] --> textDocument/clangd.fileStatus
I[11:29:28.842] --> textDocument/publishDiagnostics
I[11:29:28.842] --> textDocument/inactiveRegions
I[11:29:28.842] --> reply:textDocument/inlayHint(1443) 4 ms
I[11:29:28.842] --> textDocument/clangd.fileStatus
I[11:29:28.925] <-- textDocument/didChange
I[11:29:28.925] --> textDocument/clangd.fileStatus
I[11:29:28.951] <-- textDocument/inlayHint(1444)
I[11:29:28.951] Failed to find compilation database for /home/david/Documentos/prueba_OS/RepasoExamen/311.c
I[11:29:28.951] ASTWorker building file /home/david/Documentos/prueba_OS/RepasoExamen/311.c version 340 with command clangd fallback
[/home/david/Documentos/prueba_OS/RepasoExamen]
/usr/bin/clang -resource-dir=/home/david/.vscode-oss/extensions/kylinideteam.kylin-clangd-0.4.0-linux-x64/res/clangd/lib/clang/21 -- /home/david/Documentos/prueba_OS/RepasoExamen/311.c
I[11:29:28.951] --> textDocument/clangd.fileStatus
I[11:29:28.955] --> textDocument/publishDiagnostics
I[11:29:28.955] --> textDocument/inactiveRegions
I[11:29:28.955] --> reply:textDocument/inlayHint(1444) 4 ms
I[11:29:28.955] --> textDocument/clangd.fileStatus
I[11:29:29.040] <-- textDocument/didChange
I[11:29:29.040] --> textDocument/clangd.fileStatus
I[11:29:29.066] <-- textDocument/inlayHint(1445)
I[11:29:29.066] Failed to find compilation database for /home/david/Documentos/prueba_OS/RepasoExamen/311.c
I[11:29:29.066] ASTWorker building file /home/david/Documentos/prueba_OS/RepasoExamen/311.c version 341 with command clangd fallback
[/home/david/Documentos/prueba_OS/RepasoExamen]
/usr/bin/clang -resource-dir=/home/david/.vscode-oss/extensions/kylinideteam.kylin-clangd-0.4.0-linux-x64/res/clangd/lib/clang/21 -- /home/david/Documentos/prueba_OS/RepasoExamen/311.c
I[11:29:29.067] --> textDocument/clangd.fileStatus
I[11:29:29.070] --> textDocument/publishDiagnostics
I[11:29:29.070] --> textDocument/inactiveRegions
I[11:29:29.070] --> reply:textDocument/inlayHint(1445) 4 ms
I[11:29:29.070] --> textDocument/clangd.fileStatus
I[11:29:29.178] <-- textDocument/didChange
I[11:29:29.178] --> textDocument/clangd.fileStatus
I[11:29:29.204] <-- textDocument/inlayHint(1446)
I[11:29:29.204] Failed to find compilation database for /home/david/Documentos/prueba_OS/RepasoExamen/311.c
I[11:29:29.204] ASTWorker building file /home/david/Documentos/prueba_OS/RepasoExamen/311.c version 342 with command clangd fallback
[/home/david/Documentos/prueba_OS/RepasoExamen]
/usr/bin/clang -resource-dir=/home/david/.vscode-oss/extensions/kylinideteam.kylin-clangd-0.4.0-linux-x64/res/clangd/lib/clang/21 -- /home/david/Documentos/prueba_OS/RepasoExamen/311.c
I[11:29:29.205] --> textDocument/clangd.fileStatus
I[11:29:29.211] --> textDocument/publishDiagnostics
I[11:29:29.211] --> textDocument/inactiveRegions
I[11:29:29.212] --> reply:textDocument/inlayHint(1446) 7 ms
I[11:29:29.212] --> textDocument/clangd.fileStatus
I[11:29:29.328] <-- textDocument/didChange
I[11:29:29.328] --> textDocument/clangd.fileStatus
I[11:29:29.354] <-- textDocument/inlayHint(1447)
I[11:29:29.354] Failed to find compilation database for /home/david/Documentos/prueba_OS/RepasoExamen/311.c
I[11:29:29.354] ASTWorker building file /home/david/Documentos/prueba_OS/RepasoExamen/311.c version 343 with command clangd fallback
[/home/david/Documentos/prueba_OS/RepasoExamen]
/usr/bin/clang -resource-dir=/home/david/.vscode-oss/extensions/kylinideteam.kylin-clangd-0.4.0-linux-x64/res/clangd/lib/clang/21 -- /home/david/Documentos/prueba_OS/RepasoExamen/311.c
I[11:29:29.355] --> textDocument/clangd.fileStatus
I[11:29:29.359] --> textDocument/publishDiagnostics
I[11:29:29.359] --> textDocument/inactiveRegions
I[11:29:29.359] --> reply:textDocument/inlayHint(1447) 4 ms
I[11:29:29.359] --> textDocument/clangd.fileStatus
I[11:29:29.495] <-- textDocument/didChange
I[11:29:29.495] --> textDocument/clangd.fileStatus
I[11:29:29.520] <-- textDocument/inlayHint(1448)
I[11:29:29.520] Failed to find compilation database for /home/david/Documentos/prueba_OS/RepasoExamen/311.c
I[11:29:29.521] ASTWorker building file /home/david/Documentos/prueba_OS/RepasoExamen/311.c version 344 with command clangd fallback
[/home/david/Documentos/prueba_OS/RepasoExamen]
/usr/bin/clang -resource-dir=/home/david/.vscode-oss/extensions/kylinideteam.kylin-clangd-0.4.0-linux-x64/res/clangd/lib/clang/21 -- /home/david/Documentos/prueba_OS/RepasoExamen/311.c
I[11:29:29.521] --> textDocument/clangd.fileStatus
I[11:29:29.525] --> textDocument/publishDiagnostics
I[11:29:29.525] --> textDocument/inactiveRegions
I[11:29:29.525] --> reply:textDocument/inlayHint(1448) 4 ms
I[11:29:29.525] --> textDocument/clangd.fileStatus
I[11:29:29.610] <-- textDocument/didChange
I[11:29:29.610] --> textDocument/clangd.fileStatus
I[11:29:29.636] <-- textDocument/inlayHint(1449)
I[11:29:29.636] Failed to find compilation database for /home/david/Documentos/prueba_OS/RepasoExamen/311.c
I[11:29:29.636] ASTWorker building file /home/david/Documentos/prueba_OS/RepasoExamen/311.c version 345 with command clangd fallback
[/home/david/Documentos/prueba_OS/RepasoExamen]
/usr/bin/clang -resource-dir=/home/david/.vscode-oss/extensions/kylinideteam.kylin-clangd-0.4.0-linux-x64/res/clangd/lib/clang/21 -- /home/david/Documentos/prueba_OS/RepasoExamen/311.c
I[11:29:29.637] --> textDocument/clangd.fileStatus
I[11:29:29.640] --> textDocument/publishDiagnostics
I[11:29:29.640] --> textDocument/inactiveRegions
I[11:29:29.640] --> reply:textDocument/inlayHint(1449) 4 ms
I[11:29:29.640] --> textDocument/clangd.fileStatus
I[11:29:29.811] <-- textDocument/foldingRange(1450)
I[11:29:29.811] --> reply:textDocument/foldingRange(1450) 0 ms
I[11:29:29.861] <-- textDocument/codeAction(1451)
I[11:29:29.861] --> reply:textDocument/codeAction(1451) 0 ms
I[11:29:29.861] --> textDocument/clangd.fileStatus
I[11:29:29.960] <-- textDocument/documentSymbol(1452)
I[11:29:29.961] <-- textDocument/documentSymbol(1453)
I[11:29:29.961] --> reply:textDocument/documentSymbol(1452) 0 ms
I[11:29:29.961] --> reply:textDocument/documentSymbol(1453) 0 ms
I[11:29:29.961] --> textDocument/clangd.fileStatus
I[11:29:30.235] <-- textDocument/didChange
I[11:29:30.235] --> textDocument/clangd.fileStatus
I[11:29:30.260] <-- textDocument/inlayHint(1454)
I[11:29:30.261] Failed to find compilation database for /home/david/Documentos/prueba_OS/RepasoExamen/311.c
I[11:29:30.261] ASTWorker building file /home/david/Documentos/prueba_OS/RepasoExamen/311.c version 346 with command clangd fallback
[/home/david/Documentos/prueba_OS/RepasoExamen]
/usr/bin/clang -resource-dir=/home/david/.vscode-oss/extensions/kylinideteam.kylin-clangd-0.4.0-linux-x64/res/clangd/lib/clang/21 -- /home/david/Documentos/prueba_OS/RepasoExamen/311.c
I[11:29:30.262] --> textDocument/clangd.fileStatus
I[11:29:30.265] --> textDocument/publishDiagnostics
I[11:29:30.265] --> textDocument/inactiveRegions
I[11:29:30.265] --> reply:textDocument/inlayHint(1454) 4 ms
I[11:29:30.265] --> textDocument/clangd.fileStatus
I[11:29:30.435] <-- textDocument/foldingRange(1455)
I[11:29:30.435] --> reply:textDocument/foldingRange(1455) 0 ms
I[11:29:30.585] <-- textDocument/documentSymbol(1456)
I[11:29:30.585] <-- textDocument/documentSymbol(1457)
I[11:29:30.585] --> reply:textDocument/documentSymbol(1456) 0 ms
I[11:29:30.585] --> reply:textDocument/documentSymbol(1457) 0 ms
I[11:29:30.585] --> textDocument/clangd.fileStatus
I[11:29:31.035] <-- textDocument/inlayHint(1458)
I[11:29:31.036] --> reply:textDocument/inlayHint(1458) 0 ms
I[11:29:31.036] --> textDocument/clangd.fileStatus
I[11:29:31.237] <-- textDocument/documentLink(1459)
I[11:29:31.237] --> reply:textDocument/documentLink(1459) 0 ms
I[11:29:31.237] --> textDocument/clangd.fileStatus
I[11:29:31.975] <-- textDocument/didChange
I[11:29:31.975] --> textDocument/clangd.fileStatus
I[11:29:32.001] <-- textDocument/inlayHint(1460)
I[11:29:32.001] Failed to find compilation database for /home/david/Documentos/prueba_OS/RepasoExamen/311.c
I[11:29:32.001] ASTWorker building file /home/david/Documentos/prueba_OS/RepasoExamen/311.c version 347 with command clangd fallback
[/home/david/Documentos/prueba_OS/RepasoExamen]
/usr/bin/clang -resource-dir=/home/david/.vscode-oss/extensions/kylinideteam.kylin-clangd-0.4.0-linux-x64/res/clangd/lib/clang/21 -- /home/david/Documentos/prueba_OS/RepasoExamen/311.c
I[11:29:32.002] --> textDocument/clangd.fileStatus
I[11:29:32.005] --> textDocument/publishDiagnostics
I[11:29:32.005] --> textDocument/inactiveRegions
I[11:29:32.005] --> reply:textDocument/inlayHint(1460) 4 ms
I[11:29:32.006] --> textDocument/clangd.fileStatus
I[11:29:32.157] <-- textDocument/didChange
I[11:29:32.157] --> textDocument/clangd.fileStatus
I[11:29:32.183] <-- textDocument/inlayHint(1461)
I[11:29:32.183] Failed to find compilation database for /home/david/Documentos/prueba_OS/RepasoExamen/311.c
I[11:29:32.183] ASTWorker building file /home/david/Documentos/prueba_OS/RepasoExamen/311.c version 348 with command clangd fallback
[/home/david/Documentos/prueba_OS/RepasoExamen]
/usr/bin/clang -resource-dir=/home/david/.vscode-oss/extensions/kylinideteam.kylin-clangd-0.4.0-linux-x64/res/clangd/lib/clang/21 -- /home/david/Documentos/prueba_OS/RepasoExamen/311.c
I[11:29:32.184] --> textDocument/clangd.fileStatus
I[11:29:32.187] --> textDocument/publishDiagnostics
I[11:29:32.187] --> textDocument/inactiveRegions
I[11:29:32.188] --> reply:textDocument/inlayHint(1461) 4 ms
I[11:29:32.188] --> textDocument/clangd.fileStatus
I[11:29:32.357] <-- textDocument/foldingRange(1462)
I[11:29:32.358] --> reply:textDocument/foldingRange(1462) 0 ms
I[11:29:32.444] <-- textDocument/didChange
I[11:29:32.444] --> textDocument/clangd.fileStatus
I[11:29:32.470] <-- textDocument/inlayHint(1463)
I[11:29:32.470] Failed to find compilation database for /home/david/Documentos/prueba_OS/RepasoExamen/311.c
I[11:29:32.470] ASTWorker building file /home/david/Documentos/prueba_OS/RepasoExamen/311.c version 349 with command clangd fallback
[/home/david/Documentos/prueba_OS/RepasoExamen]
/usr/bin/clang -resource-dir=/home/david/.vscode-oss/extensions/kylinideteam.kylin-clangd-0.4.0-linux-x64/res/clangd/lib/clang/21 -- /home/david/Documentos/prueba_OS/RepasoExamen/311.c
I[11:29:32.471] --> textDocument/clangd.fileStatus
I[11:29:32.474] --> textDocument/publishDiagnostics
I[11:29:32.474] --> textDocument/inactiveRegions
I[11:29:32.474] --> reply:textDocument/inlayHint(1463) 4 ms
I[11:29:32.474] --> textDocument/clangd.fileStatus
I[11:29:32.644] <-- textDocument/foldingRange(1464)
I[11:29:32.645] --> reply:textDocument/foldingRange(1464) 0 ms
I[11:29:32.657] <-- textDocument/didChange
I[11:29:32.657] --> textDocument/clangd.fileStatus
I[11:29:32.682] <-- textDocument/inlayHint(1465)
I[11:29:32.682] Failed to find compilation database for /home/david/Documentos/prueba_OS/RepasoExamen/311.c
I[11:29:32.683] ASTWorker building file /home/david/Documentos/prueba_OS/RepasoExamen/311.c version 350 with command clangd fallback
[/home/david/Documentos/prueba_OS/RepasoExamen]
/usr/bin/clang -resource-dir=/home/david/.vscode-oss/extensions/kylinideteam.kylin-clangd-0.4.0-linux-x64/res/clangd/lib/clang/21 -- /home/david/Documentos/prueba_OS/RepasoExamen/311.c
I[11:29:32.683] --> textDocument/clangd.fileStatus
I[11:29:32.686] --> textDocument/publishDiagnostics
I[11:29:32.687] --> textDocument/inactiveRegions
I[11:29:32.687] --> reply:textDocument/inlayHint(1465) 4 ms
I[11:29:32.687] --> textDocument/clangd.fileStatus
I[11:29:32.788] <-- textDocument/didChange
I[11:29:32.788] --> textDocument/clangd.fileStatus
I[11:29:32.814] <-- textDocument/inlayHint(1466)
I[11:29:32.814] Failed to find compilation database for /home/david/Documentos/prueba_OS/RepasoExamen/311.c
I[11:29:32.814] ASTWorker building file /home/david/Documentos/prueba_OS/RepasoExamen/311.c version 351 with command clangd fallback
[/home/david/Documentos/prueba_OS/RepasoExamen]
/usr/bin/clang -resource-dir=/home/david/.vscode-oss/extensions/kylinideteam.kylin-clangd-0.4.0-linux-x64/res/clangd/lib/clang/21 -- /home/david/Documentos/prueba_OS/RepasoExamen/311.c
I[11:29:32.815] --> textDocument/clangd.fileStatus
I[11:29:32.818] --> textDocument/publishDiagnostics
I[11:29:32.818] --> textDocument/inactiveRegions
I[11:29:32.819] --> reply:textDocument/inlayHint(1466) 4 ms
I[11:29:32.819] --> textDocument/clangd.fileStatus
I[11:29:32.981] <-- textDocument/didChange
I[11:29:32.981] --> textDocument/clangd.fileStatus
I[11:29:33.007] <-- textDocument/inlayHint(1467)
I[11:29:33.007] Failed to find compilation database for /home/david/Documentos/prueba_OS/RepasoExamen/311.c
I[11:29:33.008] ASTWorker building file /home/david/Documentos/prueba_OS/RepasoExamen/311.c version 352 with command clangd fallback
[/home/david/Documentos/prueba_OS/RepasoExamen]
/usr/bin/clang -resource-dir=/home/david/.vscode-oss/extensions/kylinideteam.kylin-clangd-0.4.0-linux-x64/res/clangd/lib/clang/21 -- /home/david/Documentos/prueba_OS/RepasoExamen/311.c
I[11:29:33.008] --> textDocument/clangd.fileStatus
I[11:29:33.012] --> textDocument/publishDiagnostics
I[11:29:33.012] --> textDocument/inactiveRegions
I[11:29:33.012] --> reply:textDocument/inlayHint(1467) 5 ms
I[11:29:33.012] --> textDocument/clangd.fileStatus
I[11:29:33.124] <-- textDocument/didChange
I[11:29:33.124] --> textDocument/clangd.fileStatus
I[11:29:33.149] <-- textDocument/inlayHint(1468)
I[11:29:33.150] Failed to find compilation database for /home/david/Documentos/prueba_OS/RepasoExamen/311.c
I[11:29:33.150] ASTWorker building file /home/david/Documentos/prueba_OS/RepasoExamen/311.c version 353 with command clangd fallback
[/home/david/Documentos/prueba_OS/RepasoExamen]
/usr/bin/clang -resource-dir=/home/david/.vscode-oss/extensions/kylinideteam.kylin-clangd-0.4.0-linux-x64/res/clangd/lib/clang/21 -- /home/david/Documentos/prueba_OS/RepasoExamen/311.c
I[11:29:33.150] --> textDocument/clangd.fileStatus
I[11:29:33.154] --> textDocument/publishDiagnostics
I[11:29:33.154] --> textDocument/inactiveRegions
I[11:29:33.154] --> reply:textDocument/inlayHint(1468) 4 ms
I[11:29:33.154] --> textDocument/clangd.fileStatus
I[11:29:33.261] <-- textDocument/didChange
I[11:29:33.262] --> textDocument/clangd.fileStatus
I[11:29:33.287] <-- textDocument/inlayHint(1469)
I[11:29:33.287] Failed to find compilation database for /home/david/Documentos/prueba_OS/RepasoExamen/311.c
I[11:29:33.287] ASTWorker building file /home/david/Documentos/prueba_OS/RepasoExamen/311.c version 354 with command clangd fallback
[/home/david/Documentos/prueba_OS/RepasoExamen]
/usr/bin/clang -resource-dir=/home/david/.vscode-oss/extensions/kylinideteam.kylin-clangd-0.4.0-linux-x64/res/clangd/lib/clang/21 -- /home/david/Documentos/prueba_OS/RepasoExamen/311.c
I[11:29:33.288] --> textDocument/clangd.fileStatus
I[11:29:33.292] --> textDocument/publishDiagnostics
I[11:29:33.292] --> textDocument/inactiveRegions
I[11:29:33.292] --> reply:textDocument/inlayHint(1469) 5 ms
I[11:29:33.292] --> textDocument/clangd.fileStatus
I[11:29:33.390] <-- textDocument/didChange
I[11:29:33.390] --> textDocument/clangd.fileStatus
I[11:29:33.415] <-- textDocument/inlayHint(1470)
I[11:29:33.415] Failed to find compilation database for /home/david/Documentos/prueba_OS/RepasoExamen/311.c
I[11:29:33.415] ASTWorker building file /home/david/Documentos/prueba_OS/RepasoExamen/311.c version 355 with command clangd fallback
[/home/david/Documentos/prueba_OS/RepasoExamen]
/usr/bin/clang -resource-dir=/home/david/.vscode-oss/extensions/kylinideteam.kylin-clangd-0.4.0-linux-x64/res/clangd/lib/clang/21 -- /home/david/Documentos/prueba_OS/RepasoExamen/311.c
I[11:29:33.416] --> textDocument/clangd.fileStatus
I[11:29:33.419] --> textDocument/publishDiagnostics
I[11:29:33.419] --> textDocument/inactiveRegions
I[11:29:33.419] --> reply:textDocument/inlayHint(1470) 4 ms
I[11:29:33.419] --> textDocument/clangd.fileStatus
I[11:29:33.533] <-- textDocument/didChange
I[11:29:33.533] --> textDocument/clangd.fileStatus
I[11:29:33.559] <-- textDocument/inlayHint(1471)
I[11:29:33.559] Failed to find compilation database for /home/david/Documentos/prueba_OS/RepasoExamen/311.c
I[11:29:33.560] ASTWorker building file /home/david/Documentos/prueba_OS/RepasoExamen/311.c version 356 with command clangd fallback
[/home/david/Documentos/prueba_OS/RepasoExamen]
/usr/bin/clang -resource-dir=/home/david/.vscode-oss/extensions/kylinideteam.kylin-clangd-0.4.0-linux-x64/res/clangd/lib/clang/21 -- /home/david/Documentos/prueba_OS/RepasoExamen/311.c
I[11:29:33.560] --> textDocument/clangd.fileStatus
I[11:29:33.563] --> textDocument/publishDiagnostics
I[11:29:33.564] --> textDocument/inactiveRegions
I[11:29:33.564] --> reply:textDocument/inlayHint(1471) 4 ms
I[11:29:33.564] --> textDocument/clangd.fileStatus
I[11:29:33.734] <-- textDocument/foldingRange(1472)
I[11:29:33.734] --> reply:textDocument/foldingRange(1472) 0 ms
I[11:29:33.758] <-- textDocument/didChange
I[11:29:33.758] --> textDocument/clangd.fileStatus
I[11:29:33.783] <-- textDocument/inlayHint(1473)
I[11:29:33.783] Failed to find compilation database for /home/david/Documentos/prueba_OS/RepasoExamen/311.c
I[11:29:33.783] ASTWorker building file /home/david/Documentos/prueba_OS/RepasoExamen/311.c version 357 with command clangd fallback
[/home/david/Documentos/prueba_OS/RepasoExamen]
/usr/bin/clang -resource-dir=/home/david/.vscode-oss/extensions/kylinideteam.kylin-clangd-0.4.0-linux-x64/res/clangd/lib/clang/21 -- /home/david/Documentos/prueba_OS/RepasoExamen/311.c
I[11:29:33.784] --> textDocument/clangd.fileStatus
I[11:29:33.787] --> textDocument/publishDiagnostics
I[11:29:33.787] --> textDocument/inactiveRegions
I[11:29:33.787] --> reply:textDocument/inlayHint(1473) 4 ms
I[11:29:33.787] --> textDocument/clangd.fileStatus
I[11:29:33.919] <-- textDocument/didChange
I[11:29:33.919] --> textDocument/clangd.fileStatus
I[11:29:33.945] <-- textDocument/inlayHint(1474)
I[11:29:33.945] Failed to find compilation database for /home/david/Documentos/prueba_OS/RepasoExamen/311.c
I[11:29:33.945] ASTWorker building file /home/david/Documentos/prueba_OS/RepasoExamen/311.c version 358 with command clangd fallback
[/home/david/Documentos/prueba_OS/RepasoExamen]
/usr/bin/clang -resource-dir=/home/david/.vscode-oss/extensions/kylinideteam.kylin-clangd-0.4.0-linux-x64/res/clangd/lib/clang/21 -- /home/david/Documentos/prueba_OS/RepasoExamen/311.c
I[11:29:33.946] --> textDocument/clangd.fileStatus
I[11:29:33.949] --> textDocument/publishDiagnostics
I[11:29:33.949] --> textDocument/inactiveRegions
I[11:29:33.949] --> reply:textDocument/inlayHint(1474) 4 ms
I[11:29:33.949] --> textDocument/clangd.fileStatus
I[11:29:34.047] <-- textDocument/didChange
I[11:29:34.047] --> textDocument/clangd.fileStatus
I[11:29:34.072] <-- textDocument/inlayHint(1475)
I[11:29:34.073] Failed to find compilation database for /home/david/Documentos/prueba_OS/RepasoExamen/311.c
I[11:29:34.073] ASTWorker building file /home/david/Documentos/prueba_OS/RepasoExamen/311.c version 359 with command clangd fallback
[/home/david/Documentos/prueba_OS/RepasoExamen]
/usr/bin/clang -resource-dir=/home/david/.vscode-oss/extensions/kylinideteam.kylin-clangd-0.4.0-linux-x64/res/clangd/lib/clang/21 -- /home/david/Documentos/prueba_OS/RepasoExamen/311.c
I[11:29:34.074] --> textDocument/clangd.fileStatus
I[11:29:34.077] --> textDocument/publishDiagnostics
I[11:29:34.077] --> textDocument/inactiveRegions
I[11:29:34.077] --> reply:textDocument/inlayHint(1475) 4 ms
I[11:29:34.077] --> textDocument/clangd.fileStatus
I[11:29:34.195] <-- textDocument/didChange
I[11:29:34.195] --> textDocument/clangd.fileStatus
I[11:29:34.221] <-- textDocument/inlayHint(1476)
I[11:29:34.221] Failed to find compilation database for /home/david/Documentos/prueba_OS/RepasoExamen/311.c
I[11:29:34.221] ASTWorker building file /home/david/Documentos/prueba_OS/RepasoExamen/311.c version 360 with command clangd fallback
[/home/david/Documentos/prueba_OS/RepasoExamen]
/usr/bin/clang -resource-dir=/home/david/.vscode-oss/extensions/kylinideteam.kylin-clangd-0.4.0-linux-x64/res/clangd/lib/clang/21 -- /home/david/Documentos/prueba_OS/RepasoExamen/311.c
I[11:29:34.222] --> textDocument/clangd.fileStatus
I[11:29:34.225] --> textDocument/publishDiagnostics
I[11:29:34.225] --> textDocument/inactiveRegions
I[11:29:34.225] --> reply:textDocument/inlayHint(1476) 4 ms
I[11:29:34.225] --> textDocument/clangd.fileStatus
I[11:29:34.353] <-- textDocument/didChange
I[11:29:34.353] --> textDocument/clangd.fileStatus
I[11:29:34.378] <-- textDocument/inlayHint(1477)
I[11:29:34.379] Failed to find compilation database for /home/david/Documentos/prueba_OS/RepasoExamen/311.c
I[11:29:34.379] ASTWorker building file /home/david/Documentos/prueba_OS/RepasoExamen/311.c version 361 with command clangd fallback
[/home/david/Documentos/prueba_OS/RepasoExamen]
/usr/bin/clang -resource-dir=/home/david/.vscode-oss/extensions/kylinideteam.kylin-clangd-0.4.0-linux-x64/res/clangd/lib/clang/21 -- /home/david/Documentos/prueba_OS/RepasoExamen/311.c
I[11:29:34.380] --> textDocument/clangd.fileStatus
I[11:29:34.383] --> textDocument/publishDiagnostics
I[11:29:34.383] --> textDocument/inactiveRegions
I[11:29:34.383] --> reply:textDocument/inlayHint(1477) 4 ms
I[11:29:34.383] --> textDocument/clangd.fileStatus
I[11:29:34.530] <-- textDocument/didChange
I[11:29:34.530] --> textDocument/clangd.fileStatus
I[11:29:34.555] <-- textDocument/inlayHint(1478)
I[11:29:34.556] Failed to find compilation database for /home/david/Documentos/prueba_OS/RepasoExamen/311.c
I[11:29:34.556] ASTWorker building file /home/david/Documentos/prueba_OS/RepasoExamen/311.c version 362 with command clangd fallback
[/home/david/Documentos/prueba_OS/RepasoExamen]
/usr/bin/clang -resource-dir=/home/david/.vscode-oss/extensions/kylinideteam.kylin-clangd-0.4.0-linux-x64/res/clangd/lib/clang/21 -- /home/david/Documentos/prueba_OS/RepasoExamen/311.c
I[11:29:34.556] --> textDocument/clangd.fileStatus
I[11:29:34.560] --> textDocument/publishDiagnostics
I[11:29:34.560] --> textDocument/inactiveRegions
I[11:29:34.560] --> reply:textDocument/inlayHint(1478) 4 ms
I[11:29:34.560] --> textDocument/clangd.fileStatus
I[11:29:34.662] <-- textDocument/didChange
I[11:29:34.663] --> textDocument/clangd.fileStatus
I[11:29:34.688] <-- textDocument/inlayHint(1479)
I[11:29:34.688] Failed to find compilation database for /home/david/Documentos/prueba_OS/RepasoExamen/311.c
I[11:29:34.688] ASTWorker building file /home/david/Documentos/prueba_OS/RepasoExamen/311.c version 363 with command clangd fallback
[/home/david/Documentos/prueba_OS/RepasoExamen]
/usr/bin/clang -resource-dir=/home/david/.vscode-oss/extensions/kylinideteam.kylin-clangd-0.4.0-linux-x64/res/clangd/lib/clang/21 -- /home/david/Documentos/prueba_OS/RepasoExamen/311.c
I[11:29:34.689] --> textDocument/clangd.fileStatus
I[11:29:34.693] --> textDocument/publishDiagnostics
I[11:29:34.693] --> textDocument/inactiveRegions
I[11:29:34.693] --> reply:textDocument/inlayHint(1479) 4 ms
I[11:29:34.693] --> textDocument/clangd.fileStatus
I[11:29:34.863] <-- textDocument/foldingRange(1480)
I[11:29:34.863] --> reply:textDocument/foldingRange(1480) 0 ms
I[11:29:34.913] <-- textDocument/codeAction(1481)
I[11:29:34.913] --> reply:textDocument/codeAction(1481) 0 ms
I[11:29:34.913] --> textDocument/clangd.fileStatus
I[11:29:34.928] <-- textDocument/didChange
I[11:29:34.929] --> textDocument/clangd.fileStatus
I[11:29:34.955] <-- textDocument/inlayHint(1482)
I[11:29:34.955] Failed to find compilation database for /home/david/Documentos/prueba_OS/RepasoExamen/311.c
I[11:29:34.955] ASTWorker building file /home/david/Documentos/prueba_OS/RepasoExamen/311.c version 364 with command clangd fallback
[/home/david/Documentos/prueba_OS/RepasoExamen]
/usr/bin/clang -resource-dir=/home/david/.vscode-oss/extensions/kylinideteam.kylin-clangd-0.4.0-linux-x64/res/clangd/lib/clang/21 -- /home/david/Documentos/prueba_OS/RepasoExamen/311.c
I[11:29:34.956] --> textDocument/clangd.fileStatus
I[11:29:34.959] --> textDocument/publishDiagnostics
I[11:29:34.959] --> textDocument/inactiveRegions
I[11:29:34.959] --> reply:textDocument/inlayHint(1482) 4 ms
I[11:29:34.959] --> textDocument/clangd.fileStatus
I[11:29:35.012] <-- textDocument/didChange
I[11:29:35.012] --> textDocument/clangd.fileStatus
I[11:29:35.037] <-- textDocument/inlayHint(1483)
I[11:29:35.037] Failed to find compilation database for /home/david/Documentos/prueba_OS/RepasoExamen/311.c
I[11:29:35.038] ASTWorker building file /home/david/Documentos/prueba_OS/RepasoExamen/311.c version 365 with command clangd fallback
[/home/david/Documentos/prueba_OS/RepasoExamen]
/usr/bin/clang -resource-dir=/home/david/.vscode-oss/extensions/kylinideteam.kylin-clangd-0.4.0-linux-x64/res/clangd/lib/clang/21 -- /home/david/Documentos/prueba_OS/RepasoExamen/311.c
I[11:29:35.038] --> textDocument/clangd.fileStatus
I[11:29:35.042] --> textDocument/publishDiagnostics
I[11:29:35.042] --> textDocument/inactiveRegions
I[11:29:35.042] --> reply:textDocument/inlayHint(1483) 4 ms
I[11:29:35.042] --> textDocument/clangd.fileStatus
I[11:29:35.102] <-- textDocument/didChange
I[11:29:35.102] --> textDocument/clangd.fileStatus
I[11:29:35.128] <-- textDocument/inlayHint(1484)
I[11:29:35.128] Failed to find compilation database for /home/david/Documentos/prueba_OS/RepasoExamen/311.c
I[11:29:35.128] ASTWorker building file /home/david/Documentos/prueba_OS/RepasoExamen/311.c version 366 with command clangd fallback
[/home/david/Documentos/prueba_OS/RepasoExamen]
/usr/bin/clang -resource-dir=/home/david/.vscode-oss/extensions/kylinideteam.kylin-clangd-0.4.0-linux-x64/res/clangd/lib/clang/21 -- /home/david/Documentos/prueba_OS/RepasoExamen/311.c
I[11:29:35.129] --> textDocument/clangd.fileStatus
I[11:29:35.132] --> textDocument/publishDiagnostics
I[11:29:35.132] --> textDocument/inactiveRegions
I[11:29:35.133] --> reply:textDocument/inlayHint(1484) 4 ms
I[11:29:35.133] --> textDocument/clangd.fileStatus
I[11:29:35.302] <-- textDocument/foldingRange(1485)
I[11:29:35.303] --> reply:textDocument/foldingRange(1485) 0 ms
I[11:29:35.352] <-- textDocument/codeAction(1486)
I[11:29:35.352] --> reply:textDocument/codeAction(1486) 0 ms
I[11:29:35.353] --> textDocument/clangd.fileStatus
I[11:29:35.452] <-- textDocument/documentSymbol(1487)
I[11:29:35.452] <-- textDocument/documentSymbol(1488)
I[11:29:35.452] --> reply:textDocument/documentSymbol(1487) 0 ms
I[11:29:35.452] --> reply:textDocument/documentSymbol(1488) 0 ms
I[11:29:35.452] --> textDocument/clangd.fileStatus
I[11:29:35.903] <-- textDocument/inlayHint(1489)
I[11:29:35.903] --> reply:textDocument/inlayHint(1489) 0 ms
I[11:29:35.903] --> textDocument/clangd.fileStatus
I[11:29:36.102] <-- textDocument/documentLink(1490)
I[11:29:36.103] --> reply:textDocument/documentLink(1490) 0 ms
I[11:29:36.103] --> textDocument/clangd.fileStatus
I[11:29:36.899] <-- textDocument/hover(1491)
I[11:29:36.899] --> reply:textDocument/hover(1491) 0 ms
I[11:29:36.899] --> textDocument/clangd.fileStatus
I[11:29:37.170] <-- textDocument/hover(1492)
I[11:29:37.170] --> reply:textDocument/hover(1492) 0 ms
I[11:29:37.170] --> textDocument/clangd.fileStatus
I[11:29:37.237] <-- textDocument/documentHighlight(1493)
I[11:29:37.237] --> reply:textDocument/documentHighlight(1493) 0 ms
I[11:29:37.237] --> textDocument/clangd.fileStatus
I[11:29:37.436] <-- textDocument/codeAction(1494)
I[11:29:37.436] --> reply:textDocument/codeAction(1494) 0 ms
I[11:29:37.436] --> textDocument/clangd.fileStatus
I[11:29:38.940] <-- textDocument/documentHighlight(1495)
I[11:29:38.940] --> reply:textDocument/documentHighlight(1495) 0 ms
I[11:29:38.940] --> textDocument/clangd.fileStatus
I[11:29:39.140] <-- textDocument/codeAction(1496)
I[11:29:39.140] --> reply:textDocument/codeAction(1496) 0 ms
I[11:29:39.140] --> textDocument/clangd.fileStatus
I[11:29:39.475] <-- textDocument/documentHighlight(1497)
I[11:29:39.475] --> reply:textDocument/documentHighlight(1497) 0 ms
I[11:29:39.475] --> textDocument/clangd.fileStatus
I[11:29:39.676] <-- textDocument/codeAction(1498)
I[11:29:39.676] --> reply:textDocument/codeAction(1498) 0 ms
I[11:29:39.676] --> textDocument/clangd.fileStatus
I[11:29:39.829] <-- textDocument/didChange
I[11:29:39.829] --> textDocument/clangd.fileStatus
I[11:29:39.855] <-- textDocument/inlayHint(1499)
I[11:29:39.855] Failed to find compilation database for /home/david/Documentos/prueba_OS/RepasoExamen/311.c
I[11:29:39.855] ASTWorker building file /home/david/Documentos/prueba_OS/RepasoExamen/311.c version 367 with command clangd fallback
[/home/david/Documentos/prueba_OS/RepasoExamen]
/usr/bin/clang -resource-dir=/home/david/.vscode-oss/extensions/kylinideteam.kylin-clangd-0.4.0-linux-x64/res/clangd/lib/clang/21 -- /home/david/Documentos/prueba_OS/RepasoExamen/311.c
I[11:29:39.856] --> textDocument/clangd.fileStatus
I[11:29:39.859] --> textDocument/publishDiagnostics
I[11:29:39.859] --> textDocument/inactiveRegions
I[11:29:39.860] --> reply:textDocument/inlayHint(1499) 4 ms
I[11:29:39.860] --> textDocument/clangd.fileStatus
I[11:29:40.019] <-- textDocument/didChange
I[11:29:40.019] --> textDocument/clangd.fileStatus
I[11:29:40.044] <-- textDocument/inlayHint(1500)
I[11:29:40.045] Failed to find compilation database for /home/david/Documentos/prueba_OS/RepasoExamen/311.c
I[11:29:40.045] ASTWorker building file /home/david/Documentos/prueba_OS/RepasoExamen/311.c version 368 with command clangd fallback
[/home/david/Documentos/prueba_OS/RepasoExamen]
/usr/bin/clang -resource-dir=/home/david/.vscode-oss/extensions/kylinideteam.kylin-clangd-0.4.0-linux-x64/res/clangd/lib/clang/21 -- /home/david/Documentos/prueba_OS/RepasoExamen/311.c
I[11:29:40.045] --> textDocument/clangd.fileStatus
I[11:29:40.049] --> textDocument/publishDiagnostics
I[11:29:40.049] --> textDocument/inactiveRegions
I[11:29:40.049] --> reply:textDocument/inlayHint(1500) 4 ms
I[11:29:40.049] --> textDocument/clangd.fileStatus
I[11:29:40.196] <-- textDocument/didChange
I[11:29:40.196] --> textDocument/clangd.fileStatus
I[11:29:40.221] <-- textDocument/inlayHint(1501)
I[11:29:40.221] Failed to find compilation database for /home/david/Documentos/prueba_OS/RepasoExamen/311.c
I[11:29:40.222] ASTWorker building file /home/david/Documentos/prueba_OS/RepasoExamen/311.c version 369 with command clangd fallback
[/home/david/Documentos/prueba_OS/RepasoExamen]
/usr/bin/clang -resource-dir=/home/david/.vscode-oss/extensions/kylinideteam.kylin-clangd-0.4.0-linux-x64/res/clangd/lib/clang/21 -- /home/david/Documentos/prueba_OS/RepasoExamen/311.c
I[11:29:40.222] --> textDocument/clangd.fileStatus
I[11:29:40.226] --> textDocument/publishDiagnostics
I[11:29:40.226] --> textDocument/inactiveRegions
I[11:29:40.226] --> reply:textDocument/inlayHint(1501) 5 ms
I[11:29:40.226] --> textDocument/clangd.fileStatus
I[11:29:40.375] <-- textDocument/didChange
I[11:29:40.375] --> textDocument/clangd.fileStatus
I[11:29:40.400] <-- textDocument/inlayHint(1502)
I[11:29:40.401] Failed to find compilation database for /home/david/Documentos/prueba_OS/RepasoExamen/311.c
I[11:29:40.401] ASTWorker building file /home/david/Documentos/prueba_OS/RepasoExamen/311.c version 370 with command clangd fallback
[/home/david/Documentos/prueba_OS/RepasoExamen]
/usr/bin/clang -resource-dir=/home/david/.vscode-oss/extensions/kylinideteam.kylin-clangd-0.4.0-linux-x64/res/clangd/lib/clang/21 -- /home/david/Documentos/prueba_OS/RepasoExamen/311.c
I[11:29:40.401] --> textDocument/clangd.fileStatus
I[11:29:40.405] --> textDocument/publishDiagnostics
I[11:29:40.405] --> textDocument/inactiveRegions
I[11:29:40.405] --> reply:textDocument/inlayHint(1502) 4 ms
I[11:29:40.405] --> textDocument/clangd.fileStatus
I[11:29:40.525] <-- textDocument/didChange
I[11:29:40.525] --> textDocument/clangd.fileStatus
I[11:29:40.551] <-- textDocument/inlayHint(1503)
I[11:29:40.551] Failed to find compilation database for /home/david/Documentos/prueba_OS/RepasoExamen/311.c
I[11:29:40.551] ASTWorker building file /home/david/Documentos/prueba_OS/RepasoExamen/311.c version 371 with command clangd fallback
[/home/david/Documentos/prueba_OS/RepasoExamen]
/usr/bin/clang -resource-dir=/home/david/.vscode-oss/extensions/kylinideteam.kylin-clangd-0.4.0-linux-x64/res/clangd/lib/clang/21 -- /home/david/Documentos/prueba_OS/RepasoExamen/311.c
I[11:29:40.552] --> textDocument/clangd.fileStatus
I[11:29:40.556] --> textDocument/publishDiagnostics
I[11:29:40.556] --> textDocument/inactiveRegions
I[11:29:40.556] --> reply:textDocument/inlayHint(1503) 5 ms
I[11:29:40.556] --> textDocument/clangd.fileStatus
I[11:29:40.725] <-- textDocument/foldingRange(1504)
I[11:29:40.726] --> reply:textDocument/foldingRange(1504) 0 ms
I[11:29:40.808] <-- textDocument/codeAction(1505)
I[11:29:40.809] --> reply:textDocument/codeAction(1505) 0 ms
I[11:29:40.809] --> textDocument/clangd.fileStatus
I[11:29:40.876] <-- textDocument/documentSymbol(1506)
I[11:29:40.876] <-- textDocument/documentSymbol(1507)
I[11:29:40.876] --> reply:textDocument/documentSymbol(1506) 0 ms
I[11:29:40.876] --> reply:textDocument/documentSymbol(1507) 0 ms
I[11:29:40.876] --> textDocument/clangd.fileStatus
I[11:29:41.059] <-- textDocument/didChange
I[11:29:41.059] --> textDocument/clangd.fileStatus
I[11:29:41.085] <-- textDocument/inlayHint(1508)
I[11:29:41.085] Failed to find compilation database for /home/david/Documentos/prueba_OS/RepasoExamen/311.c
I[11:29:41.085] ASTWorker building file /home/david/Documentos/prueba_OS/RepasoExamen/311.c version 372 with command clangd fallback
[/home/david/Documentos/prueba_OS/RepasoExamen]
/usr/bin/clang -resource-dir=/home/david/.vscode-oss/extensions/kylinideteam.kylin-clangd-0.4.0-linux-x64/res/clangd/lib/clang/21 -- /home/david/Documentos/prueba_OS/RepasoExamen/311.c
I[11:29:41.086] --> textDocument/clangd.fileStatus
I[11:29:41.090] --> textDocument/publishDiagnostics
I[11:29:41.090] --> textDocument/inactiveRegions
I[11:29:41.090] --> reply:textDocument/inlayHint(1508) 5 ms
I[11:29:41.090] --> textDocument/clangd.fileStatus
I[11:29:41.236] <-- textDocument/didChange
I[11:29:41.236] --> textDocument/clangd.fileStatus
I[11:29:41.247] <-- textDocument/completion(1509)
I[11:29:41.251] Code complete: sema context Statement, query scopes [] (AnyScope=true), expected type <none>
I[11:29:41.251] Code complete: 2 results from Sema, 100 from Index, 0 matched, 0 from identifiers, 100 returned (incomplete).
I[11:29:41.253] --> reply:textDocument/completion(1509) 5 ms
I[11:29:41.261] <-- textDocument/inlayHint(1510)
I[11:29:41.261] Failed to find compilation database for /home/david/Documentos/prueba_OS/RepasoExamen/311.c
I[11:29:41.262] ASTWorker building file /home/david/Documentos/prueba_OS/RepasoExamen/311.c version 373 with command clangd fallback
[/home/david/Documentos/prueba_OS/RepasoExamen]
/usr/bin/clang -resource-dir=/home/david/.vscode-oss/extensions/kylinideteam.kylin-clangd-0.4.0-linux-x64/res/clangd/lib/clang/21 -- /home/david/Documentos/prueba_OS/RepasoExamen/311.c
I[11:29:41.262] --> textDocument/clangd.fileStatus
I[11:29:41.267] --> textDocument/publishDiagnostics
I[11:29:41.267] --> textDocument/inactiveRegions
I[11:29:41.268] --> reply:textDocument/inlayHint(1510) 6 ms
I[11:29:41.268] --> textDocument/clangd.fileStatus
I[11:29:41.437] <-- textDocument/foldingRange(1511)
I[11:29:41.437] --> reply:textDocument/foldingRange(1511) 0 ms
I[11:29:41.489] <-- textDocument/didChange
I[11:29:41.489] --> textDocument/clangd.fileStatus
I[11:29:41.489] <-- textDocument/completion(1512)
I[11:29:41.492] Code complete: sema context Statement, query scopes [] (AnyScope=true), expected type <none>
I[11:29:41.493] Code complete: 1 results from Sema, 29 from Index, 0 matched, 0 from identifiers, 30 returned (incomplete).
I[11:29:41.493] --> reply:textDocument/completion(1512) 3 ms
I[11:29:41.514] <-- textDocument/inlayHint(1513)
I[11:29:41.515] Failed to find compilation database for /home/david/Documentos/prueba_OS/RepasoExamen/311.c
I[11:29:41.515] ASTWorker building file /home/david/Documentos/prueba_OS/RepasoExamen/311.c version 374 with command clangd fallback
[/home/david/Documentos/prueba_OS/RepasoExamen]
/usr/bin/clang -resource-dir=/home/david/.vscode-oss/extensions/kylinideteam.kylin-clangd-0.4.0-linux-x64/res/clangd/lib/clang/21 -- /home/david/Documentos/prueba_OS/RepasoExamen/311.c
I[11:29:41.515] --> textDocument/clangd.fileStatus
I[11:29:41.519] --> textDocument/publishDiagnostics
I[11:29:41.519] --> textDocument/inactiveRegions
I[11:29:41.519] --> reply:textDocument/inlayHint(1513) 4 ms
I[11:29:41.519] --> textDocument/clangd.fileStatus
I[11:29:41.629] <-- textDocument/didChange
I[11:29:41.629] --> textDocument/clangd.fileStatus
I[11:29:41.629] <-- textDocument/completion(1514)
I[11:29:41.632] Code complete: sema context Statement, query scopes [] (AnyScope=true), expected type <none>
I[11:29:41.632] Code complete: 0 results from Sema, 10 from Index, 0 matched, 0 from identifiers, 10 returned.
I[11:29:41.633] --> reply:textDocument/completion(1514) 3 ms
I[11:29:41.654] <-- textDocument/inlayHint(1515)
I[11:29:41.654] Failed to find compilation database for /home/david/Documentos/prueba_OS/RepasoExamen/311.c
I[11:29:41.655] ASTWorker building file /home/david/Documentos/prueba_OS/RepasoExamen/311.c version 375 with command clangd fallback
[/home/david/Documentos/prueba_OS/RepasoExamen]
/usr/bin/clang -resource-dir=/home/david/.vscode-oss/extensions/kylinideteam.kylin-clangd-0.4.0-linux-x64/res/clangd/lib/clang/21 -- /home/david/Documentos/prueba_OS/RepasoExamen/311.c
I[11:29:41.655] --> textDocument/clangd.fileStatus
I[11:29:41.659] --> textDocument/publishDiagnostics
I[11:29:41.659] --> textDocument/inactiveRegions
I[11:29:41.659] --> reply:textDocument/inlayHint(1515) 4 ms
I[11:29:41.659] --> textDocument/clangd.fileStatus
I[11:29:41.829] <-- textDocument/foldingRange(1516)
I[11:29:41.829] --> reply:textDocument/foldingRange(1516) 0 ms
I[11:29:41.911] <-- textDocument/codeAction(1517)
I[11:29:41.911] --> reply:textDocument/codeAction(1517) 0 ms
I[11:29:41.911] --> textDocument/clangd.fileStatus
I[11:29:41.912] <-- textDocument/didChange
I[11:29:41.912] --> textDocument/clangd.fileStatus
I[11:29:41.913] <-- textDocument/completion(1518)
I[11:29:41.916] Code complete: sema context Statement, query scopes [] (AnyScope=true), expected type <none>
I[11:29:41.917] Code complete: 0 results from Sema, 10 from Index, 0 matched, 0 from identifiers, 10 returned.
I[11:29:41.917] --> reply:textDocument/completion(1518) 3 ms
I[11:29:41.938] <-- textDocument/inlayHint(1519)
I[11:29:41.938] Failed to find compilation database for /home/david/Documentos/prueba_OS/RepasoExamen/311.c
I[11:29:41.938] ASTWorker building file /home/david/Documentos/prueba_OS/RepasoExamen/311.c version 376 with command clangd fallback
[/home/david/Documentos/prueba_OS/RepasoExamen]
/usr/bin/clang -resource-dir=/home/david/.vscode-oss/extensions/kylinideteam.kylin-clangd-0.4.0-linux-x64/res/clangd/lib/clang/21 -- /home/david/Documentos/prueba_OS/RepasoExamen/311.c
I[11:29:41.939] --> textDocument/clangd.fileStatus
I[11:29:41.943] --> textDocument/publishDiagnostics
I[11:29:41.943] --> textDocument/inactiveRegions
I[11:29:41.944] --> reply:textDocument/inlayHint(1519) 5 ms
I[11:29:41.944] --> textDocument/clangd.fileStatus
I[11:29:42.113] <-- textDocument/foldingRange(1520)
I[11:29:42.114] --> reply:textDocument/foldingRange(1520) 0 ms
I[11:29:42.196] <-- textDocument/codeAction(1521)
I[11:29:42.196] --> reply:textDocument/codeAction(1521) 0 ms
I[11:29:42.196] --> textDocument/clangd.fileStatus
I[11:29:42.263] <-- textDocument/documentSymbol(1522)
I[11:29:42.263] <-- textDocument/documentSymbol(1523)
I[11:29:42.263] --> reply:textDocument/documentSymbol(1522) 0 ms
I[11:29:42.264] --> reply:textDocument/documentSymbol(1523) 0 ms
I[11:29:42.264] --> textDocument/clangd.fileStatus
I[11:29:42.650] <-- textDocument/didChange
I[11:29:42.650] --> textDocument/clangd.fileStatus
I[11:29:42.653] <-- textDocument/didChange
I[11:29:42.653] --> textDocument/clangd.fileStatus
I[11:29:42.663] <-- textDocument/signatureHelp(1524)
I[11:29:42.668] --> reply:textDocument/signatureHelp(1524) 5 ms
I[11:29:42.678] <-- textDocument/inlayHint(1525)
I[11:29:42.679] Failed to find compilation database for /home/david/Documentos/prueba_OS/RepasoExamen/311.c
I[11:29:42.679] ASTWorker building file /home/david/Documentos/prueba_OS/RepasoExamen/311.c version 378 with command clangd fallback
[/home/david/Documentos/prueba_OS/RepasoExamen]
/usr/bin/clang -resource-dir=/home/david/.vscode-oss/extensions/kylinideteam.kylin-clangd-0.4.0-linux-x64/res/clangd/lib/clang/21 -- /home/david/Documentos/prueba_OS/RepasoExamen/311.c
I[11:29:42.679] --> textDocument/clangd.fileStatus
I[11:29:42.685] --> textDocument/clangd.fileStatus
I[11:29:42.685] --> textDocument/publishDiagnostics
I[11:29:42.685] --> textDocument/inactiveRegions
I[11:29:42.685] --> textDocument/clangd.fileStatus
I[11:29:42.685] --> reply:textDocument/inlayHint(1525) 6 ms
I[11:29:42.685] --> textDocument/clangd.fileStatus
I[11:29:42.698] Built preamble of size 756336 for file /home/david/Documentos/prueba_OS/RepasoExamen/311.c version 378 in 0.02 seconds
I[11:29:42.698] --> workspace/semanticTokens/refresh(2)
I[11:29:42.698] --> textDocument/clangd.fileStatus
I[11:29:42.699] <-- reply(2)
I[11:29:42.702] --> textDocument/publishDiagnostics
I[11:29:42.702] --> textDocument/inactiveRegions
I[11:29:42.702] --> textDocument/clangd.fileStatus
I[11:29:42.853] <-- textDocument/foldingRange(1526)
I[11:29:42.854] --> reply:textDocument/foldingRange(1526) 0 ms
I[11:29:42.955] <-- textDocument/codeAction(1527)
I[11:29:42.956] --> reply:textDocument/codeAction(1527) 0 ms
I[11:29:42.956] --> textDocument/clangd.fileStatus
I[11:29:43.004] <-- textDocument/documentSymbol(1528)
I[11:29:43.004] --> reply:textDocument/documentSymbol(1528) 0 ms
I[11:29:43.004] --> textDocument/clangd.fileStatus
I[11:29:43.004] <-- textDocument/documentSymbol(1529)
I[11:29:43.005] --> reply:textDocument/documentSymbol(1529) 0 ms
I[11:29:43.005] --> textDocument/clangd.fileStatus
I[11:29:43.246] <-- textDocument/documentHighlight(1530)
I[11:29:43.246] --> reply:textDocument/documentHighlight(1530) 0 ms
I[11:29:43.246] --> textDocument/clangd.fileStatus
I[11:29:43.315] <-- textDocument/signatureHelp(1531)
I[11:29:43.318] --> reply:textDocument/signatureHelp(1531) 2 ms
I[11:29:43.446] <-- textDocument/codeAction(1532)
I[11:29:43.446] --> reply:textDocument/codeAction(1532) 0 ms
I[11:29:43.446] --> textDocument/clangd.fileStatus
I[11:29:43.454] <-- textDocument/inlayHint(1533)
I[11:29:43.454] --> reply:textDocument/inlayHint(1533) 0 ms
I[11:29:43.454] --> textDocument/clangd.fileStatus
I[11:29:43.580] <-- textDocument/signatureHelp(1534)
I[11:29:43.582] --> reply:textDocument/signatureHelp(1534) 2 ms
I[11:29:43.654] <-- textDocument/documentLink(1535)
I[11:29:43.654] --> reply:textDocument/documentLink(1535) 0 ms
I[11:29:43.654] --> textDocument/clangd.fileStatus
I[11:29:43.705] <-- textDocument/documentHighlight(1536)
I[11:29:43.705] --> reply:textDocument/documentHighlight(1536) 0 ms
I[11:29:43.705] --> textDocument/clangd.fileStatus
I[11:29:43.879] <-- textDocument/documentHighlight(1537)
I[11:29:43.880] --> reply:textDocument/documentHighlight(1537) 0 ms
I[11:29:43.880] --> textDocument/clangd.fileStatus
I[11:29:44.066] <-- textDocument/didChange
I[11:29:44.066] --> textDocument/clangd.fileStatus
I[11:29:44.092] <-- textDocument/inlayHint(1538)
I[11:29:44.092] Failed to find compilation database for /home/david/Documentos/prueba_OS/RepasoExamen/311.c
I[11:29:44.092] ASTWorker building file /home/david/Documentos/prueba_OS/RepasoExamen/311.c version 379 with command clangd fallback
[/home/david/Documentos/prueba_OS/RepasoExamen]
/usr/bin/clang -resource-dir=/home/david/.vscode-oss/extensions/kylinideteam.kylin-clangd-0.4.0-linux-x64/res/clangd/lib/clang/21 -- /home/david/Documentos/prueba_OS/RepasoExamen/311.c
I[11:29:44.093] --> textDocument/clangd.fileStatus
I[11:29:44.096] --> textDocument/publishDiagnostics
I[11:29:44.096] --> textDocument/inactiveRegions
I[11:29:44.096] --> reply:textDocument/inlayHint(1538) 4 ms
I[11:29:44.097] --> textDocument/clangd.fileStatus
I[11:29:44.265] <-- textDocument/didChange
I[11:29:44.265] --> textDocument/clangd.fileStatus
I[11:29:44.290] <-- textDocument/inlayHint(1539)
I[11:29:44.290] Failed to find compilation database for /home/david/Documentos/prueba_OS/RepasoExamen/311.c
I[11:29:44.291] ASTWorker building file /home/david/Documentos/prueba_OS/RepasoExamen/311.c version 380 with command clangd fallback
[/home/david/Documentos/prueba_OS/RepasoExamen]
/usr/bin/clang -resource-dir=/home/david/.vscode-oss/extensions/kylinideteam.kylin-clangd-0.4.0-linux-x64/res/clangd/lib/clang/21 -- /home/david/Documentos/prueba_OS/RepasoExamen/311.c
I[11:29:44.291] --> textDocument/clangd.fileStatus
I[11:29:44.295] --> textDocument/publishDiagnostics
I[11:29:44.295] --> textDocument/inactiveRegions
I[11:29:44.295] --> reply:textDocument/inlayHint(1539) 4 ms
I[11:29:44.295] --> textDocument/clangd.fileStatus
I[11:29:44.465] <-- textDocument/foldingRange(1540)
I[11:29:44.466] --> reply:textDocument/foldingRange(1540) 0 ms
I[11:29:44.547] <-- textDocument/codeAction(1541)
I[11:29:44.547] --> reply:textDocument/codeAction(1541) 0 ms
I[11:29:44.547] --> textDocument/clangd.fileStatus
I[11:29:44.615] <-- textDocument/documentSymbol(1542)
I[11:29:44.615] <-- textDocument/documentSymbol(1543)
I[11:29:44.616] --> reply:textDocument/documentSymbol(1542) 0 ms
I[11:29:44.616] --> reply:textDocument/documentSymbol(1543) 0 ms
I[11:29:44.616] --> textDocument/clangd.fileStatus
I[11:29:44.741] <-- textDocument/documentHighlight(1544)
I[11:29:44.741] --> reply:textDocument/documentHighlight(1544) 0 ms
I[11:29:44.741] --> textDocument/clangd.fileStatus
I[11:29:44.941] <-- textDocument/codeAction(1545)
I[11:29:44.941] --> reply:textDocument/codeAction(1545) 0 ms
I[11:29:44.941] --> textDocument/clangd.fileStatus
I[11:29:45.030] <-- textDocument/didChange
I[11:29:45.030] --> textDocument/clangd.fileStatus
I[11:29:45.056] <-- textDocument/inlayHint(1546)
I[11:29:45.056] Failed to find compilation database for /home/david/Documentos/prueba_OS/RepasoExamen/311.c
I[11:29:45.056] ASTWorker building file /home/david/Documentos/prueba_OS/RepasoExamen/311.c version 381 with command clangd fallback
[/home/david/Documentos/prueba_OS/RepasoExamen]
/usr/bin/clang -resource-dir=/home/david/.vscode-oss/extensions/kylinideteam.kylin-clangd-0.4.0-linux-x64/res/clangd/lib/clang/21 -- /home/david/Documentos/prueba_OS/RepasoExamen/311.c
I[11:29:45.057] --> textDocument/clangd.fileStatus
I[11:29:45.061] --> textDocument/publishDiagnostics
I[11:29:45.061] --> textDocument/inactiveRegions
I[11:29:45.061] --> reply:textDocument/inlayHint(1546) 5 ms
I[11:29:45.061] --> textDocument/clangd.fileStatus
I[11:29:45.199] <-- textDocument/didChange
I[11:29:45.199] --> textDocument/clangd.fileStatus
I[11:29:45.225] <-- textDocument/inlayHint(1547)
I[11:29:45.225] Failed to find compilation database for /home/david/Documentos/prueba_OS/RepasoExamen/311.c
I[11:29:45.225] ASTWorker building file /home/david/Documentos/prueba_OS/RepasoExamen/311.c version 382 with command clangd fallback
[/home/david/Documentos/prueba_OS/RepasoExamen]
/usr/bin/clang -resource-dir=/home/david/.vscode-oss/extensions/kylinideteam.kylin-clangd-0.4.0-linux-x64/res/clangd/lib/clang/21 -- /home/david/Documentos/prueba_OS/RepasoExamen/311.c
I[11:29:45.225] --> textDocument/clangd.fileStatus
I[11:29:45.229] --> textDocument/publishDiagnostics
I[11:29:45.229] --> textDocument/inactiveRegions
I[11:29:45.229] --> reply:textDocument/inlayHint(1547) 4 ms
I[11:29:45.229] --> textDocument/clangd.fileStatus
I[11:29:45.399] <-- textDocument/foldingRange(1548)
I[11:29:45.399] --> reply:textDocument/foldingRange(1548) 0 ms
I[11:29:45.481] <-- textDocument/codeAction(1549)
I[11:29:45.482] --> reply:textDocument/codeAction(1549) 0 ms
I[11:29:45.482] --> textDocument/clangd.fileStatus
I[11:29:45.546] <-- textDocument/didChange
I[11:29:45.546] --> textDocument/clangd.fileStatus
I[11:29:45.551] <-- textDocument/documentSymbol(1550)
I[11:29:45.551] Failed to find compilation database for /home/david/Documentos/prueba_OS/RepasoExamen/311.c
I[11:29:45.551] ASTWorker building file /home/david/Documentos/prueba_OS/RepasoExamen/311.c version 383 with command clangd fallback
[/home/david/Documentos/prueba_OS/RepasoExamen]
/usr/bin/clang -resource-dir=/home/david/.vscode-oss/extensions/kylinideteam.kylin-clangd-0.4.0-linux-x64/res/clangd/lib/clang/21 -- /home/david/Documentos/prueba_OS/RepasoExamen/311.c
I[11:29:45.552] --> textDocument/clangd.fileStatus
I[11:29:45.557] --> textDocument/publishDiagnostics
I[11:29:45.557] --> textDocument/inactiveRegions
I[11:29:45.557] --> reply:textDocument/documentSymbol(1550) 5 ms
I[11:29:45.557] --> textDocument/clangd.fileStatus
I[11:29:45.571] <-- textDocument/inlayHint(1551)
I[11:29:45.571] --> reply:textDocument/inlayHint(1551) 0 ms
I[11:29:45.571] --> textDocument/clangd.fileStatus
I[11:29:45.746] <-- textDocument/foldingRange(1552)
I[11:29:45.746] --> reply:textDocument/foldingRange(1552) 0 ms
I[11:29:45.809] <-- textDocument/codeAction(1553)
I[11:29:45.809] --> reply:textDocument/codeAction(1553) 0 ms
I[11:29:45.809] --> textDocument/clangd.fileStatus
I[11:29:45.896] <-- textDocument/documentSymbol(1554)
I[11:29:45.896] <-- textDocument/documentSymbol(1555)
I[11:29:45.896] --> reply:textDocument/documentSymbol(1554) 0 ms
I[11:29:45.896] --> reply:textDocument/documentSymbol(1555) 0 ms
I[11:29:45.896] --> textDocument/clangd.fileStatus
I[11:29:46.347] <-- textDocument/inlayHint(1556)
I[11:29:46.347] --> reply:textDocument/inlayHint(1556) 0 ms
I[11:29:46.347] --> textDocument/clangd.fileStatus
I[11:29:46.444] <-- textDocument/didChange
I[11:29:46.444] --> textDocument/clangd.fileStatus
I[11:29:46.454] <-- textDocument/completion(1557)
I[11:29:46.460] Code complete: sema context Expression, query scopes [] (AnyScope=true), expected type <none>
I[11:29:46.460] Code complete: 1 results from Sema, 100 from Index, 0 matched, 0 from identifiers, 100 returned (incomplete).
I[11:29:46.461] --> reply:textDocument/completion(1557) 7 ms
I[11:29:46.469] <-- textDocument/inlayHint(1558)
I[11:29:46.469] Failed to find compilation database for /home/david/Documentos/prueba_OS/RepasoExamen/311.c
I[11:29:46.470] ASTWorker building file /home/david/Documentos/prueba_OS/RepasoExamen/311.c version 384 with command clangd fallback
[/home/david/Documentos/prueba_OS/RepasoExamen]
/usr/bin/clang -resource-dir=/home/david/.vscode-oss/extensions/kylinideteam.kylin-clangd-0.4.0-linux-x64/res/clangd/lib/clang/21 -- /home/david/Documentos/prueba_OS/RepasoExamen/311.c
I[11:29:46.470] --> textDocument/clangd.fileStatus
I[11:29:46.473] --> textDocument/publishDiagnostics
I[11:29:46.473] --> textDocument/inactiveRegions
I[11:29:46.473] --> reply:textDocument/inlayHint(1558) 4 ms
I[11:29:46.474] --> textDocument/clangd.fileStatus
I[11:29:46.644] <-- textDocument/foldingRange(1559)
I[11:29:46.644] --> reply:textDocument/foldingRange(1559) 0 ms
I[11:29:46.735] <-- textDocument/codeAction(1560)
I[11:29:46.735] --> reply:textDocument/codeAction(1560) 0 ms
I[11:29:46.735] --> textDocument/clangd.fileStatus
I[11:29:46.794] <-- textDocument/documentSymbol(1561)
I[11:29:46.794] <-- textDocument/documentSymbol(1562)
I[11:29:46.794] --> reply:textDocument/documentSymbol(1561) 0 ms
I[11:29:46.794] --> reply:textDocument/documentSymbol(1562) 0 ms
I[11:29:46.794] --> textDocument/clangd.fileStatus
I[11:29:46.906] <-- textDocument/didSave
I[11:29:46.906] File version went from 1 to 1
I[11:29:46.906] File version went from 384 to 384
I[11:29:46.906] --> textDocument/clangd.fileStatus
I[11:29:46.906] --> textDocument/clangd.fileStatus
I[11:29:46.956] Failed to find compilation database for /home/david/Documentos/prueba_OS/RepasoExamen/mistat.c
I[11:29:46.956] ASTWorker building file /home/david/Documentos/prueba_OS/RepasoExamen/mistat.c version 1 with command clangd fallback
[/home/david/Documentos/prueba_OS/RepasoExamen]
/usr/bin/clang -resource-dir=/home/david/.vscode-oss/extensions/kylinideteam.kylin-clangd-0.4.0-linux-x64/res/clangd/lib/clang/21 -- /home/david/Documentos/prueba_OS/RepasoExamen/mistat.c
I[11:29:46.956] Failed to find compilation database for /home/david/Documentos/prueba_OS/RepasoExamen/311.c
I[11:29:46.956] ASTWorker building file /home/david/Documentos/prueba_OS/RepasoExamen/311.c version 384 with command clangd fallback
[/home/david/Documentos/prueba_OS/RepasoExamen]
/usr/bin/clang -resource-dir=/home/david/.vscode-oss/extensions/kylinideteam.kylin-clangd-0.4.0-linux-x64/res/clangd/lib/clang/21 -- /home/david/Documentos/prueba_OS/RepasoExamen/311.c
I[11:29:46.957] --> textDocument/clangd.fileStatus
I[11:29:46.957] --> textDocument/clangd.fileStatus
I[11:29:46.957] --> textDocument/clangd.fileStatus
I[11:29:46.957] --> textDocument/clangd.fileStatus
I[11:29:46.957] --> textDocument/clangd.fileStatus
I[11:29:46.957] --> textDocument/clangd.fileStatus
I[11:29:46.957] --> textDocument/clangd.fileStatus
I[11:29:46.957] --> textDocument/clangd.fileStatus
I[11:29:47.244] <-- textDocument/inlayHint(1563)
I[11:29:47.244] --> reply:textDocument/inlayHint(1563) 0 ms
I[11:29:47.244] --> textDocument/clangd.fileStatus
I[11:29:47.444] <-- textDocument/documentLink(1564)
I[11:29:47.444] --> reply:textDocument/documentLink(1564) 0 ms
I[11:29:47.444] --> textDocument/clangd.fileStatus
I[11:29:47.447] <-- textDocument/hover(1565)
I[11:29:47.447] --> reply:textDocument/hover(1565) 0 ms
I[11:29:47.447] --> textDocument/clangd.fileStatus
I[11:29:47.533] <-- textDocument/documentHighlight(1566)
I[11:29:47.534] --> reply:textDocument/documentHighlight(1566) 0 ms
I[11:29:47.534] --> textDocument/clangd.fileStatus
I[11:29:47.733] <-- textDocument/codeAction(1567)
I[11:29:47.734] --> reply:textDocument/codeAction(1567) 0 ms
I[11:29:47.734] --> textDocument/clangd.fileStatus
I[11:29:49.302] <-- textDocument/hover(1568)
I[11:29:49.302] --> reply:textDocument/hover(1568) 0 ms
I[11:29:49.302] --> textDocument/clangd.fileStatus
I[11:29:49.694] <-- textDocument/codeAction(1569)
I[11:29:49.695] --> reply:textDocument/codeAction(1569) 0 ms
I[11:29:49.695] --> textDocument/clangd.fileStatus
I[11:29:52.309] <-- textDocument/didChange
I[11:29:52.309] --> textDocument/clangd.fileStatus
I[11:29:52.336] <-- textDocument/inlayHint(1570)
I[11:29:52.336] Failed to find compilation database for /home/david/Documentos/prueba_OS/RepasoExamen/311.c
I[11:29:52.336] ASTWorker building file /home/david/Documentos/prueba_OS/RepasoExamen/311.c version 385 with command clangd fallback
[/home/david/Documentos/prueba_OS/RepasoExamen]
/usr/bin/clang -resource-dir=/home/david/.vscode-oss/extensions/kylinideteam.kylin-clangd-0.4.0-linux-x64/res/clangd/lib/clang/21 -- /home/david/Documentos/prueba_OS/RepasoExamen/311.c
I[11:29:52.337] --> textDocument/clangd.fileStatus
I[11:29:52.340] --> textDocument/publishDiagnostics
I[11:29:52.340] --> textDocument/inactiveRegions
I[11:29:52.341] --> reply:textDocument/inlayHint(1570) 4 ms
I[11:29:52.341] --> textDocument/clangd.fileStatus
I[11:29:52.511] <-- textDocument/foldingRange(1571)
I[11:29:52.511] --> reply:textDocument/foldingRange(1571) 0 ms
I[11:29:52.661] <-- textDocument/documentSymbol(1572)
I[11:29:52.661] <-- textDocument/documentSymbol(1573)
I[11:29:52.661] --> reply:textDocument/documentSymbol(1572) 0 ms
I[11:29:52.661] --> reply:textDocument/documentSymbol(1573) 0 ms
I[11:29:52.661] --> textDocument/clangd.fileStatus
I[11:29:53.111] <-- textDocument/inlayHint(1574)
I[11:29:53.111] --> reply:textDocument/inlayHint(1574) 0 ms
I[11:29:53.111] --> textDocument/clangd.fileStatus
I[11:29:53.237] <-- textDocument/didChange
I[11:29:53.237] --> textDocument/clangd.fileStatus
I[11:29:53.250] <-- textDocument/completion(1575)
I[11:29:53.254] Code complete: sema context Statement, query scopes [] (AnyScope=true), expected type <none>
I[11:29:53.254] Code complete: 4 results from Sema, 100 from Index, 0 matched, 0 from identifiers, 100 returned (incomplete).
I[11:29:53.256] --> reply:textDocument/completion(1575) 5 ms
I[11:29:53.269] <-- textDocument/inlayHint(1576)
I[11:29:53.269] Failed to find compilation database for /home/david/Documentos/prueba_OS/RepasoExamen/311.c
I[11:29:53.269] ASTWorker building file /home/david/Documentos/prueba_OS/RepasoExamen/311.c version 386 with command clangd fallback
[/home/david/Documentos/prueba_OS/RepasoExamen]
/usr/bin/clang -resource-dir=/home/david/.vscode-oss/extensions/kylinideteam.kylin-clangd-0.4.0-linux-x64/res/clangd/lib/clang/21 -- /home/david/Documentos/prueba_OS/RepasoExamen/311.c
I[11:29:53.269] --> textDocument/clangd.fileStatus
I[11:29:53.273] --> textDocument/publishDiagnostics
I[11:29:53.273] --> textDocument/inactiveRegions
I[11:29:53.273] --> reply:textDocument/inlayHint(1576) 4 ms
I[11:29:53.273] --> textDocument/clangd.fileStatus
I[11:29:53.432] <-- textDocument/didChange
I[11:29:53.432] --> textDocument/clangd.fileStatus
I[11:29:53.432] <-- textDocument/completion(1577)
I[11:29:53.436] Code complete: sema context Statement, query scopes [] (AnyScope=true), expected type <none>
I[11:29:53.437] Code complete: 2 results from Sema, 100 from Index, 1 matched, 0 from identifiers, 100 returned (incomplete).
I[11:29:53.438] --> reply:textDocument/completion(1577) 5 ms
I[11:29:53.458] <-- textDocument/inlayHint(1578)
I[11:29:53.458] Failed to find compilation database for /home/david/Documentos/prueba_OS/RepasoExamen/311.c
I[11:29:53.458] ASTWorker building file /home/david/Documentos/prueba_OS/RepasoExamen/311.c version 387 with command clangd fallback
[/home/david/Documentos/prueba_OS/RepasoExamen]
/usr/bin/clang -resource-dir=/home/david/.vscode-oss/extensions/kylinideteam.kylin-clangd-0.4.0-linux-x64/res/clangd/lib/clang/21 -- /home/david/Documentos/prueba_OS/RepasoExamen/311.c
I[11:29:53.459] --> textDocument/clangd.fileStatus
I[11:29:53.462] --> textDocument/publishDiagnostics
I[11:29:53.462] --> textDocument/inactiveRegions
I[11:29:53.463] --> reply:textDocument/inlayHint(1578) 4 ms
I[11:29:53.463] --> textDocument/clangd.fileStatus
I[11:29:53.528] <-- textDocument/didChange
I[11:29:53.529] --> textDocument/clangd.fileStatus
I[11:29:53.529] <-- textDocument/completion(1579)
I[11:29:53.534] Code complete: sema context Statement, query scopes [] (AnyScope=true), expected type <none>
I[11:29:53.534] Code complete: 1 results from Sema, 93 from Index, 1 matched, 0 from identifiers, 93 returned (incomplete).
I[11:29:53.535] --> reply:textDocument/completion(1579) 6 ms
I[11:29:53.554] <-- textDocument/inlayHint(1580)
I[11:29:53.554] Failed to find compilation database for /home/david/Documentos/prueba_OS/RepasoExamen/311.c
I[11:29:53.555] ASTWorker building file /home/david/Documentos/prueba_OS/RepasoExamen/311.c version 388 with command clangd fallback
[/home/david/Documentos/prueba_OS/RepasoExamen]
/usr/bin/clang -resource-dir=/home/david/.vscode-oss/extensions/kylinideteam.kylin-clangd-0.4.0-linux-x64/res/clangd/lib/clang/21 -- /home/david/Documentos/prueba_OS/RepasoExamen/311.c
I[11:29:53.555] --> textDocument/clangd.fileStatus
I[11:29:53.559] --> textDocument/publishDiagnostics
I[11:29:53.559] --> textDocument/inactiveRegions
I[11:29:53.559] --> reply:textDocument/inlayHint(1580) 4 ms
I[11:29:53.559] --> textDocument/clangd.fileStatus
I[11:29:53.729] <-- textDocument/foldingRange(1581)
I[11:29:53.729] --> reply:textDocument/foldingRange(1581) 0 ms
I[11:29:53.730] <-- textDocument/didChange
I[11:29:53.730] --> textDocument/clangd.fileStatus
I[11:29:53.731] <-- textDocument/completion(1582)
I[11:29:53.734] Code complete: sema context Statement, query scopes [] (AnyScope=true), expected type <none>
I[11:29:53.734] Code complete: 1 results from Sema, 5 from Index, 1 matched, 0 from identifiers, 5 returned.
I[11:29:53.734] --> reply:textDocument/completion(1582) 3 ms
I[11:29:53.756] <-- textDocument/inlayHint(1583)
I[11:29:53.757] Failed to find compilation database for /home/david/Documentos/prueba_OS/RepasoExamen/311.c
I[11:29:53.757] ASTWorker building file /home/david/Documentos/prueba_OS/RepasoExamen/311.c version 389 with command clangd fallback
[/home/david/Documentos/prueba_OS/RepasoExamen]
/usr/bin/clang -resource-dir=/home/david/.vscode-oss/extensions/kylinideteam.kylin-clangd-0.4.0-linux-x64/res/clangd/lib/clang/21 -- /home/david/Documentos/prueba_OS/RepasoExamen/311.c
I[11:29:53.757] --> textDocument/clangd.fileStatus
I[11:29:53.761] --> textDocument/publishDiagnostics
I[11:29:53.761] --> textDocument/inactiveRegions
I[11:29:53.761] --> reply:textDocument/inlayHint(1583) 4 ms
I[11:29:53.761] --> textDocument/clangd.fileStatus
I[11:29:53.931] <-- textDocument/foldingRange(1584)
I[11:29:53.932] --> reply:textDocument/foldingRange(1584) 0 ms
I[11:29:54.015] <-- textDocument/codeAction(1585)
I[11:29:54.015] --> reply:textDocument/codeAction(1585) 0 ms
I[11:29:54.015] --> textDocument/clangd.fileStatus
I[11:29:54.081] <-- textDocument/documentSymbol(1586)
I[11:29:54.081] <-- textDocument/documentSymbol(1587)
I[11:29:54.082] --> reply:textDocument/documentSymbol(1586) 0 ms
I[11:29:54.082] --> reply:textDocument/documentSymbol(1587) 0 ms
I[11:29:54.082] --> textDocument/clangd.fileStatus
I[11:29:54.532] <-- textDocument/inlayHint(1588)
I[11:29:54.532] --> reply:textDocument/inlayHint(1588) 0 ms
I[11:29:54.532] --> textDocument/clangd.fileStatus
I[11:29:54.703] <-- textDocument/didChange
I[11:29:54.703] --> textDocument/clangd.fileStatus
I[11:29:54.711] <-- textDocument/signatureHelp(1589)
I[11:29:54.713] --> reply:textDocument/signatureHelp(1589) 2 ms
I[11:29:54.730] <-- textDocument/inlayHint(1590)
I[11:29:54.730] Failed to find compilation database for /home/david/Documentos/prueba_OS/RepasoExamen/311.c
I[11:29:54.731] ASTWorker building file /home/david/Documentos/prueba_OS/RepasoExamen/311.c version 390 with command clangd fallback
[/home/david/Documentos/prueba_OS/RepasoExamen]
/usr/bin/clang -resource-dir=/home/david/.vscode-oss/extensions/kylinideteam.kylin-clangd-0.4.0-linux-x64/res/clangd/lib/clang/21 -- /home/david/Documentos/prueba_OS/RepasoExamen/311.c
I[11:29:54.731] --> textDocument/clangd.fileStatus
I[11:29:54.735] --> textDocument/publishDiagnostics
I[11:29:54.735] --> textDocument/inactiveRegions
I[11:29:54.735] --> reply:textDocument/inlayHint(1590) 4 ms
I[11:29:54.735] --> textDocument/clangd.fileStatus
I[11:29:54.905] <-- textDocument/foldingRange(1591)
I[11:29:54.905] --> reply:textDocument/foldingRange(1591) 0 ms
I[11:29:54.987] <-- textDocument/codeAction(1592)
I[11:29:54.988] --> reply:textDocument/codeAction(1592) 0 ms
I[11:29:54.988] --> textDocument/clangd.fileStatus
I[11:29:55.055] <-- textDocument/documentSymbol(1593)
I[11:29:55.055] <-- textDocument/documentSymbol(1594)
I[11:29:55.056] --> reply:textDocument/documentSymbol(1593) 0 ms
I[11:29:55.056] --> reply:textDocument/documentSymbol(1594) 0 ms
I[11:29:55.056] --> textDocument/clangd.fileStatus
I[11:29:55.505] <-- textDocument/inlayHint(1595)
I[11:29:55.505] --> reply:textDocument/inlayHint(1595) 0 ms
I[11:29:55.505] --> textDocument/clangd.fileStatus
I[11:29:55.705] <-- textDocument/documentLink(1596)
I[11:29:55.705] --> reply:textDocument/documentLink(1596) 0 ms
I[11:29:55.705] --> textDocument/clangd.fileStatus
I[11:29:55.989] <-- textDocument/didChange
I[11:29:55.989] --> textDocument/clangd.fileStatus
I[11:29:55.990] <-- textDocument/completion(1597)
I[11:29:55.993] Code complete: 0 results from Sema, 0 from Index, 0 matched, 0 from identifiers, 0 returned.
I[11:29:55.993] --> reply:textDocument/completion(1597) 3 ms
I[11:29:56.014] <-- textDocument/inlayHint(1598)
I[11:29:56.014] Failed to find compilation database for /home/david/Documentos/prueba_OS/RepasoExamen/311.c
I[11:29:56.015] ASTWorker building file /home/david/Documentos/prueba_OS/RepasoExamen/311.c version 391 with command clangd fallback
[/home/david/Documentos/prueba_OS/RepasoExamen]
/usr/bin/clang -resource-dir=/home/david/.vscode-oss/extensions/kylinideteam.kylin-clangd-0.4.0-linux-x64/res/clangd/lib/clang/21 -- /home/david/Documentos/prueba_OS/RepasoExamen/311.c
I[11:29:56.015] --> textDocument/clangd.fileStatus
I[11:29:56.021] --> textDocument/publishDiagnostics
I[11:29:56.021] --> textDocument/inactiveRegions
I[11:29:56.021] --> reply:textDocument/inlayHint(1598) 6 ms
I[11:29:56.021] --> textDocument/clangd.fileStatus
I[11:29:56.110] <-- textDocument/signatureHelp(1599)
I[11:29:56.113] --> reply:textDocument/signatureHelp(1599) 2 ms
I[11:29:56.190] <-- textDocument/foldingRange(1600)
I[11:29:56.190] --> reply:textDocument/foldingRange(1600) 0 ms
I[11:29:56.280] <-- textDocument/codeAction(1601)
I[11:29:56.281] --> reply:textDocument/codeAction(1601) 0 ms
I[11:29:56.281] --> textDocument/clangd.fileStatus
I[11:29:56.340] <-- textDocument/documentSymbol(1602)
I[11:29:56.340] <-- textDocument/documentSymbol(1603)
I[11:29:56.340] --> reply:textDocument/documentSymbol(1602) 0 ms
I[11:29:56.340] --> reply:textDocument/documentSymbol(1603) 0 ms
I[11:29:56.340] --> textDocument/clangd.fileStatus
I[11:29:56.380] <-- textDocument/didChange
I[11:29:56.380] --> textDocument/clangd.fileStatus
I[11:29:56.405] <-- textDocument/inlayHint(1604)
I[11:29:56.406] Failed to find compilation database for /home/david/Documentos/prueba_OS/RepasoExamen/311.c
I[11:29:56.406] ASTWorker building file /home/david/Documentos/prueba_OS/RepasoExamen/311.c version 392 with command clangd fallback
[/home/david/Documentos/prueba_OS/RepasoExamen]
/usr/bin/clang -resource-dir=/home/david/.vscode-oss/extensions/kylinideteam.kylin-clangd-0.4.0-linux-x64/res/clangd/lib/clang/21 -- /home/david/Documentos/prueba_OS/RepasoExamen/311.c
I[11:29:56.407] --> textDocument/clangd.fileStatus
I[11:29:56.410] --> textDocument/publishDiagnostics
I[11:29:56.410] --> textDocument/inactiveRegions
I[11:29:56.410] --> reply:textDocument/inlayHint(1604) 4 ms
I[11:29:56.410] --> textDocument/clangd.fileStatus
I[11:29:56.488] <-- textDocument/didChange
I[11:29:56.488] --> textDocument/clangd.fileStatus
I[11:29:56.513] <-- textDocument/inlayHint(1605)
I[11:29:56.513] Failed to find compilation database for /home/david/Documentos/prueba_OS/RepasoExamen/311.c
I[11:29:56.514] ASTWorker building file /home/david/Documentos/prueba_OS/RepasoExamen/311.c version 393 with command clangd fallback
[/home/david/Documentos/prueba_OS/RepasoExamen]
/usr/bin/clang -resource-dir=/home/david/.vscode-oss/extensions/kylinideteam.kylin-clangd-0.4.0-linux-x64/res/clangd/lib/clang/21 -- /home/david/Documentos/prueba_OS/RepasoExamen/311.c
I[11:29:56.514] --> textDocument/clangd.fileStatus
I[11:29:56.518] --> textDocument/publishDiagnostics
I[11:29:56.518] --> textDocument/inactiveRegions
I[11:29:56.518] --> reply:textDocument/inlayHint(1605) 4 ms
I[11:29:56.518] --> textDocument/clangd.fileStatus
I[11:29:56.608] <-- textDocument/signatureHelp(1606)
I[11:29:56.612] --> reply:textDocument/signatureHelp(1606) 3 ms
I[11:29:56.688] <-- textDocument/foldingRange(1607)
I[11:29:56.688] --> reply:textDocument/foldingRange(1607) 0 ms
I[11:29:56.772] <-- textDocument/codeAction(1608)
I[11:29:56.772] --> reply:textDocument/codeAction(1608) 0 ms
I[11:29:56.772] --> textDocument/clangd.fileStatus
I[11:29:56.788] <-- textDocument/didChange
I[11:29:56.788] --> textDocument/clangd.fileStatus
I[11:29:56.814] <-- textDocument/inlayHint(1609)
I[11:29:56.814] Failed to find compilation database for /home/david/Documentos/prueba_OS/RepasoExamen/311.c
I[11:29:56.814] ASTWorker building file /home/david/Documentos/prueba_OS/RepasoExamen/311.c version 394 with command clangd fallback
[/home/david/Documentos/prueba_OS/RepasoExamen]
/usr/bin/clang -resource-dir=/home/david/.vscode-oss/extensions/kylinideteam.kylin-clangd-0.4.0-linux-x64/res/clangd/lib/clang/21 -- /home/david/Documentos/prueba_OS/RepasoExamen/311.c
I[11:29:56.815] --> textDocument/clangd.fileStatus
I[11:29:56.818] --> textDocument/publishDiagnostics
I[11:29:56.818] --> textDocument/inactiveRegions
I[11:29:56.818] --> reply:textDocument/inlayHint(1609) 4 ms
I[11:29:56.818] --> textDocument/clangd.fileStatus
I[11:29:56.839] <-- textDocument/documentSymbol(1610)
I[11:29:56.839] <-- $/cancelRequest
I[11:29:56.839] --> reply:textDocument/documentSymbol(1610) 0 ms, error: Task was cancelled.
I[11:29:56.839] --> textDocument/clangd.fileStatus
[Error - 11:29:56] Request textDocument/documentSymbol failed.
[object Object]
I[11:29:56.909] <-- textDocument/signatureHelp(1611)
I[11:29:56.912] --> reply:textDocument/signatureHelp(1611) 2 ms
I[11:29:56.988] <-- textDocument/foldingRange(1612)
I[11:29:56.989] --> reply:textDocument/foldingRange(1612) 0 ms
I[11:29:57.071] <-- textDocument/codeAction(1613)
I[11:29:57.071] --> reply:textDocument/codeAction(1613) 0 ms
I[11:29:57.071] --> textDocument/clangd.fileStatus
I[11:29:57.084] <-- textDocument/didChange
I[11:29:57.084] --> textDocument/clangd.fileStatus
I[11:29:57.110] <-- textDocument/inlayHint(1614)
I[11:29:57.110] Failed to find compilation database for /home/david/Documentos/prueba_OS/RepasoExamen/311.c
I[11:29:57.111] ASTWorker building file /home/david/Documentos/prueba_OS/RepasoExamen/311.c version 395 with command clangd fallback
[/home/david/Documentos/prueba_OS/RepasoExamen]
/usr/bin/clang -resource-dir=/home/david/.vscode-oss/extensions/kylinideteam.kylin-clangd-0.4.0-linux-x64/res/clangd/lib/clang/21 -- /home/david/Documentos/prueba_OS/RepasoExamen/311.c
I[11:29:57.111] --> textDocument/clangd.fileStatus
I[11:29:57.116] --> textDocument/publishDiagnostics
I[11:29:57.116] --> textDocument/inactiveRegions
I[11:29:57.116] --> reply:textDocument/inlayHint(1614) 5 ms
I[11:29:57.116] --> textDocument/clangd.fileStatus
I[11:29:57.205] <-- textDocument/signatureHelp(1615)
I[11:29:57.209] --> reply:textDocument/signatureHelp(1615) 3 ms
I[11:29:57.285] <-- textDocument/foldingRange(1616)
I[11:29:57.286] --> reply:textDocument/foldingRange(1616) 0 ms
I[11:29:57.368] <-- textDocument/codeAction(1617)
I[11:29:57.368] --> reply:textDocument/codeAction(1617) 0 ms
I[11:29:57.368] --> textDocument/clangd.fileStatus
I[11:29:57.435] <-- textDocument/documentSymbol(1618)
I[11:29:57.435] <-- textDocument/documentSymbol(1619)
I[11:29:57.435] --> reply:textDocument/documentSymbol(1618) 0 ms
I[11:29:57.435] --> reply:textDocument/documentSymbol(1619) 0 ms
I[11:29:57.435] --> textDocument/clangd.fileStatus
I[11:29:57.648] <-- textDocument/didChange
I[11:29:57.648] --> textDocument/clangd.fileStatus
I[11:29:57.674] <-- textDocument/inlayHint(1620)
I[11:29:57.674] Failed to find compilation database for /home/david/Documentos/prueba_OS/RepasoExamen/311.c
I[11:29:57.674] ASTWorker building file /home/david/Documentos/prueba_OS/RepasoExamen/311.c version 396 with command clangd fallback
[/home/david/Documentos/prueba_OS/RepasoExamen]
/usr/bin/clang -resource-dir=/home/david/.vscode-oss/extensions/kylinideteam.kylin-clangd-0.4.0-linux-x64/res/clangd/lib/clang/21 -- /home/david/Documentos/prueba_OS/RepasoExamen/311.c
I[11:29:57.675] --> textDocument/clangd.fileStatus
I[11:29:57.679] --> textDocument/publishDiagnostics
I[11:29:57.679] --> textDocument/inactiveRegions
I[11:29:57.679] --> reply:textDocument/inlayHint(1620) 5 ms
I[11:29:57.679] --> textDocument/clangd.fileStatus
I[11:29:57.769] <-- textDocument/signatureHelp(1621)
I[11:29:57.771] --> reply:textDocument/signatureHelp(1621) 2 ms
I[11:29:57.849] <-- textDocument/foldingRange(1622)
I[11:29:57.849] --> reply:textDocument/foldingRange(1622) 0 ms
I[11:29:57.924] <-- textDocument/didChange
I[11:29:57.924] --> textDocument/clangd.fileStatus
I[11:29:57.949] <-- textDocument/inlayHint(1623)
I[11:29:57.949] Failed to find compilation database for /home/david/Documentos/prueba_OS/RepasoExamen/311.c
I[11:29:57.949] ASTWorker building file /home/david/Documentos/prueba_OS/RepasoExamen/311.c version 397 with command clangd fallback
[/home/david/Documentos/prueba_OS/RepasoExamen]
/usr/bin/clang -resource-dir=/home/david/.vscode-oss/extensions/kylinideteam.kylin-clangd-0.4.0-linux-x64/res/clangd/lib/clang/21 -- /home/david/Documentos/prueba_OS/RepasoExamen/311.c
I[11:29:57.950] --> textDocument/clangd.fileStatus
I[11:29:57.954] --> textDocument/publishDiagnostics
I[11:29:57.954] --> textDocument/inactiveRegions
I[11:29:57.954] --> reply:textDocument/inlayHint(1623) 5 ms
I[11:29:57.954] --> textDocument/clangd.fileStatus
I[11:29:58.045] <-- textDocument/signatureHelp(1624)
I[11:29:58.048] --> reply:textDocument/signatureHelp(1624) 2 ms
I[11:29:58.124] <-- textDocument/foldingRange(1625)
I[11:29:58.124] --> reply:textDocument/foldingRange(1625) 0 ms
I[11:29:58.207] <-- textDocument/codeAction(1626)
I[11:29:58.207] --> reply:textDocument/codeAction(1626) 0 ms
I[11:29:58.207] --> textDocument/clangd.fileStatus
I[11:29:58.274] <-- textDocument/documentSymbol(1627)
I[11:29:58.274] <-- textDocument/documentSymbol(1628)
I[11:29:58.274] --> reply:textDocument/documentSymbol(1627) 0 ms
I[11:29:58.274] --> reply:textDocument/documentSymbol(1628) 0 ms
I[11:29:58.274] --> textDocument/clangd.fileStatus
I[11:29:58.353] <-- textDocument/didChange
I[11:29:58.353] --> textDocument/clangd.fileStatus
I[11:29:58.378] <-- textDocument/inlayHint(1629)
I[11:29:58.378] Failed to find compilation database for /home/david/Documentos/prueba_OS/RepasoExamen/311.c
I[11:29:58.379] ASTWorker building file /home/david/Documentos/prueba_OS/RepasoExamen/311.c version 398 with command clangd fallback
[/home/david/Documentos/prueba_OS/RepasoExamen]
/usr/bin/clang -resource-dir=/home/david/.vscode-oss/extensions/kylinideteam.kylin-clangd-0.4.0-linux-x64/res/clangd/lib/clang/21 -- /home/david/Documentos/prueba_OS/RepasoExamen/311.c
I[11:29:58.379] --> textDocument/clangd.fileStatus
I[11:29:58.384] --> textDocument/publishDiagnostics
I[11:29:58.384] --> textDocument/inactiveRegions
I[11:29:58.384] --> reply:textDocument/inlayHint(1629) 6 ms
I[11:29:58.384] --> textDocument/clangd.fileStatus
I[11:29:58.473] <-- textDocument/signatureHelp(1630)
I[11:29:58.476] --> reply:textDocument/signatureHelp(1630) 3 ms
I[11:29:58.516] <-- textDocument/didChange
I[11:29:58.516] --> textDocument/clangd.fileStatus
I[11:29:58.542] <-- textDocument/inlayHint(1631)
I[11:29:58.542] Failed to find compilation database for /home/david/Documentos/prueba_OS/RepasoExamen/311.c
I[11:29:58.542] ASTWorker building file /home/david/Documentos/prueba_OS/RepasoExamen/311.c version 399 with command clangd fallback
[/home/david/Documentos/prueba_OS/RepasoExamen]
/usr/bin/clang -resource-dir=/home/david/.vscode-oss/extensions/kylinideteam.kylin-clangd-0.4.0-linux-x64/res/clangd/lib/clang/21 -- /home/david/Documentos/prueba_OS/RepasoExamen/311.c
I[11:29:58.542] --> textDocument/clangd.fileStatus
I[11:29:58.546] --> textDocument/publishDiagnostics
I[11:29:58.546] --> textDocument/inactiveRegions
I[11:29:58.546] --> reply:textDocument/inlayHint(1631) 4 ms
I[11:29:58.546] --> textDocument/clangd.fileStatus
I[11:29:58.637] <-- textDocument/signatureHelp(1632)
I[11:29:58.640] --> reply:textDocument/signatureHelp(1632) 3 ms
I[11:29:58.646] <-- textDocument/didChange
I[11:29:58.646] --> textDocument/clangd.fileStatus
I[11:29:58.671] <-- textDocument/inlayHint(1633)
I[11:29:58.671] Failed to find compilation database for /home/david/Documentos/prueba_OS/RepasoExamen/311.c
I[11:29:58.671] ASTWorker building file /home/david/Documentos/prueba_OS/RepasoExamen/311.c version 400 with command clangd fallback
[/home/david/Documentos/prueba_OS/RepasoExamen]
/usr/bin/clang -resource-dir=/home/david/.vscode-oss/extensions/kylinideteam.kylin-clangd-0.4.0-linux-x64/res/clangd/lib/clang/21 -- /home/david/Documentos/prueba_OS/RepasoExamen/311.c
I[11:29:58.672] --> textDocument/clangd.fileStatus
I[11:29:58.675] --> textDocument/publishDiagnostics
I[11:29:58.675] --> textDocument/inactiveRegions
I[11:29:58.676] --> reply:textDocument/inlayHint(1633) 4 ms
I[11:29:58.676] --> textDocument/clangd.fileStatus
I[11:29:58.766] <-- textDocument/signatureHelp(1634)
I[11:29:58.770] --> reply:textDocument/signatureHelp(1634) 3 ms
I[11:29:58.846] <-- textDocument/foldingRange(1635)
I[11:29:58.846] --> reply:textDocument/foldingRange(1635) 0 ms
I[11:29:58.919] <-- textDocument/didChange
I[11:29:58.919] --> textDocument/clangd.fileStatus
I[11:29:58.944] <-- textDocument/inlayHint(1636)
I[11:29:58.944] Failed to find compilation database for /home/david/Documentos/prueba_OS/RepasoExamen/311.c
I[11:29:58.945] ASTWorker building file /home/david/Documentos/prueba_OS/RepasoExamen/311.c version 401 with command clangd fallback
[/home/david/Documentos/prueba_OS/RepasoExamen]
/usr/bin/clang -resource-dir=/home/david/.vscode-oss/extensions/kylinideteam.kylin-clangd-0.4.0-linux-x64/res/clangd/lib/clang/21 -- /home/david/Documentos/prueba_OS/RepasoExamen/311.c
I[11:29:58.945] --> textDocument/clangd.fileStatus
I[11:29:58.949] --> textDocument/publishDiagnostics
I[11:29:58.949] --> textDocument/inactiveRegions
I[11:29:58.949] --> reply:textDocument/inlayHint(1636) 4 ms
I[11:29:58.949] --> textDocument/clangd.fileStatus
I[11:29:59.039] <-- textDocument/signatureHelp(1637)
I[11:29:59.043] --> reply:textDocument/signatureHelp(1637) 3 ms
I[11:29:59.119] <-- textDocument/foldingRange(1638)
I[11:29:59.119] --> reply:textDocument/foldingRange(1638) 0 ms
I[11:29:59.156] <-- textDocument/didChange
I[11:29:59.157] --> textDocument/clangd.fileStatus
I[11:29:59.182] <-- textDocument/inlayHint(1639)
I[11:29:59.182] Failed to find compilation database for /home/david/Documentos/prueba_OS/RepasoExamen/311.c
I[11:29:59.183] ASTWorker building file /home/david/Documentos/prueba_OS/RepasoExamen/311.c version 402 with command clangd fallback
[/home/david/Documentos/prueba_OS/RepasoExamen]
/usr/bin/clang -resource-dir=/home/david/.vscode-oss/extensions/kylinideteam.kylin-clangd-0.4.0-linux-x64/res/clangd/lib/clang/21 -- /home/david/Documentos/prueba_OS/RepasoExamen/311.c
I[11:29:59.183] --> textDocument/clangd.fileStatus
I[11:29:59.188] --> textDocument/publishDiagnostics
I[11:29:59.188] --> textDocument/inactiveRegions
I[11:29:59.188] --> reply:textDocument/inlayHint(1639) 5 ms
I[11:29:59.188] --> textDocument/clangd.fileStatus
I[11:29:59.278] <-- textDocument/signatureHelp(1640)
I[11:29:59.281] --> reply:textDocument/signatureHelp(1640) 3 ms
I[11:29:59.357] <-- textDocument/foldingRange(1641)
I[11:29:59.357] --> reply:textDocument/foldingRange(1641) 0 ms
I[11:29:59.440] <-- textDocument/codeAction(1642)
I[11:29:59.440] --> reply:textDocument/codeAction(1642) 0 ms
I[11:29:59.440] --> textDocument/clangd.fileStatus
I[11:29:59.507] <-- textDocument/documentSymbol(1643)
I[11:29:59.507] <-- textDocument/documentSymbol(1644)
I[11:29:59.508] --> reply:textDocument/documentSymbol(1643) 0 ms
I[11:29:59.508] --> reply:textDocument/documentSymbol(1644) 0 ms
I[11:29:59.508] --> textDocument/clangd.fileStatus
I[11:29:59.957] <-- textDocument/inlayHint(1645)
I[11:29:59.958] --> reply:textDocument/inlayHint(1645) 0 ms
I[11:29:59.958] --> textDocument/clangd.fileStatus
I[11:30:00.157] <-- textDocument/documentLink(1646)
I[11:30:00.157] --> reply:textDocument/documentLink(1646) 0 ms
I[11:30:00.157] --> textDocument/clangd.fileStatus
I[11:30:01.469] <-- textDocument/didChange
I[11:30:01.469] --> textDocument/clangd.fileStatus
I[11:30:01.494] <-- textDocument/inlayHint(1647)
I[11:30:01.495] Failed to find compilation database for /home/david/Documentos/prueba_OS/RepasoExamen/311.c
I[11:30:01.495] ASTWorker building file /home/david/Documentos/prueba_OS/RepasoExamen/311.c version 403 with command clangd fallback
[/home/david/Documentos/prueba_OS/RepasoExamen]
/usr/bin/clang -resource-dir=/home/david/.vscode-oss/extensions/kylinideteam.kylin-clangd-0.4.0-linux-x64/res/clangd/lib/clang/21 -- /home/david/Documentos/prueba_OS/RepasoExamen/311.c
I[11:30:01.496] --> textDocument/clangd.fileStatus
I[11:30:01.501] --> textDocument/publishDiagnostics
I[11:30:01.501] --> textDocument/inactiveRegions
I[11:30:01.501] --> reply:textDocument/inlayHint(1647) 6 ms
I[11:30:01.501] --> textDocument/clangd.fileStatus
I[11:30:01.589] <-- textDocument/signatureHelp(1648)
I[11:30:01.593] --> reply:textDocument/signatureHelp(1648) 3 ms
I[11:30:01.669] <-- textDocument/foldingRange(1649)
I[11:30:01.669] --> reply:textDocument/foldingRange(1649) 0 ms
I[11:30:01.753] <-- textDocument/codeAction(1650)
I[11:30:01.753] --> reply:textDocument/codeAction(1650) 0 ms
I[11:30:01.753] --> textDocument/clangd.fileStatus
I[11:30:01.810] <-- textDocument/didChange
I[11:30:01.810] --> textDocument/clangd.fileStatus
I[11:30:01.820] <-- textDocument/documentSymbol(1651)
I[11:30:01.821] Failed to find compilation database for /home/david/Documentos/prueba_OS/RepasoExamen/311.c
I[11:30:01.821] ASTWorker building file /home/david/Documentos/prueba_OS/RepasoExamen/311.c version 404 with command clangd fallback
[/home/david/Documentos/prueba_OS/RepasoExamen]
/usr/bin/clang -resource-dir=/home/david/.vscode-oss/extensions/kylinideteam.kylin-clangd-0.4.0-linux-x64/res/clangd/lib/clang/21 -- /home/david/Documentos/prueba_OS/RepasoExamen/311.c
I[11:30:01.821] --> textDocument/clangd.fileStatus
I[11:30:01.825] --> textDocument/publishDiagnostics
I[11:30:01.825] --> textDocument/inactiveRegions
I[11:30:01.825] --> reply:textDocument/documentSymbol(1651) 4 ms
I[11:30:01.825] --> textDocument/clangd.fileStatus
I[11:30:01.835] <-- textDocument/inlayHint(1652)
I[11:30:01.835] --> reply:textDocument/inlayHint(1652) 0 ms
I[11:30:01.835] --> textDocument/clangd.fileStatus
I[11:30:01.931] <-- textDocument/signatureHelp(1653)
I[11:30:01.934] --> reply:textDocument/signatureHelp(1653) 3 ms
I[11:30:01.935] <-- textDocument/didChange
I[11:30:01.935] --> textDocument/clangd.fileStatus
I[11:30:01.960] <-- textDocument/inlayHint(1654)
I[11:30:01.960] Failed to find compilation database for /home/david/Documentos/prueba_OS/RepasoExamen/311.c
I[11:30:01.961] ASTWorker building file /home/david/Documentos/prueba_OS/RepasoExamen/311.c version 405 with command clangd fallback
[/home/david/Documentos/prueba_OS/RepasoExamen]
/usr/bin/clang -resource-dir=/home/david/.vscode-oss/extensions/kylinideteam.kylin-clangd-0.4.0-linux-x64/res/clangd/lib/clang/21 -- /home/david/Documentos/prueba_OS/RepasoExamen/311.c
I[11:30:01.961] --> textDocument/clangd.fileStatus
I[11:30:01.965] --> textDocument/publishDiagnostics
I[11:30:01.965] --> textDocument/inactiveRegions
I[11:30:01.965] --> reply:textDocument/inlayHint(1654) 4 ms
I[11:30:01.965] --> textDocument/clangd.fileStatus
I[11:30:02.056] <-- textDocument/signatureHelp(1655)
I[11:30:02.059] --> reply:textDocument/signatureHelp(1655) 3 ms
I[11:30:02.135] <-- textDocument/foldingRange(1656)
I[11:30:02.135] --> reply:textDocument/foldingRange(1656) 0 ms
I[11:30:02.218] <-- textDocument/codeAction(1657)
I[11:30:02.218] --> reply:textDocument/codeAction(1657) 0 ms
I[11:30:02.218] --> textDocument/clangd.fileStatus
I[11:30:02.285] <-- textDocument/documentSymbol(1658)
I[11:30:02.285] <-- textDocument/documentSymbol(1659)
I[11:30:02.285] --> reply:textDocument/documentSymbol(1658) 0 ms
I[11:30:02.285] --> reply:textDocument/documentSymbol(1659) 0 ms
I[11:30:02.286] --> textDocument/clangd.fileStatus
I[11:30:02.736] <-- textDocument/inlayHint(1660)
I[11:30:02.736] --> reply:textDocument/inlayHint(1660) 0 ms
I[11:30:02.736] --> textDocument/clangd.fileStatus
I[11:30:02.935] <-- textDocument/documentLink(1661)
I[11:30:02.936] --> reply:textDocument/documentLink(1661) 0 ms
I[11:30:02.936] --> textDocument/clangd.fileStatus
I[11:30:03.776] <-- textDocument/didChange
I[11:30:03.777] --> textDocument/clangd.fileStatus
I[11:30:03.802] <-- textDocument/inlayHint(1662)
I[11:30:03.802] Failed to find compilation database for /home/david/Documentos/prueba_OS/RepasoExamen/311.c
I[11:30:03.803] ASTWorker building file /home/david/Documentos/prueba_OS/RepasoExamen/311.c version 406 with command clangd fallback
[/home/david/Documentos/prueba_OS/RepasoExamen]
/usr/bin/clang -resource-dir=/home/david/.vscode-oss/extensions/kylinideteam.kylin-clangd-0.4.0-linux-x64/res/clangd/lib/clang/21 -- /home/david/Documentos/prueba_OS/RepasoExamen/311.c
I[11:30:03.803] --> textDocument/clangd.fileStatus
I[11:30:03.806] --> textDocument/publishDiagnostics
I[11:30:03.807] --> textDocument/inactiveRegions
I[11:30:03.807] --> reply:textDocument/inlayHint(1662) 4 ms
I[11:30:03.807] --> textDocument/clangd.fileStatus
I[11:30:03.897] <-- textDocument/signatureHelp(1663)
I[11:30:03.901] --> reply:textDocument/signatureHelp(1663) 3 ms
I[11:30:03.977] <-- textDocument/foldingRange(1664)
I[11:30:03.977] --> reply:textDocument/foldingRange(1664) 0 ms
I[11:30:04.050] <-- textDocument/didChange
I[11:30:04.050] --> textDocument/clangd.fileStatus
I[11:30:04.051] <-- textDocument/completion(1665)
I[11:30:04.051] --> reply:textDocument/completion(1665) 0 ms
I[11:30:04.076] <-- textDocument/inlayHint(1666)
I[11:30:04.076] Failed to find compilation database for /home/david/Documentos/prueba_OS/RepasoExamen/311.c
I[11:30:04.076] ASTWorker building file /home/david/Documentos/prueba_OS/RepasoExamen/311.c version 407 with command clangd fallback
[/home/david/Documentos/prueba_OS/RepasoExamen]
/usr/bin/clang -resource-dir=/home/david/.vscode-oss/extensions/kylinideteam.kylin-clangd-0.4.0-linux-x64/res/clangd/lib/clang/21 -- /home/david/Documentos/prueba_OS/RepasoExamen/311.c
I[11:30:04.077] --> textDocument/clangd.fileStatus
I[11:30:04.081] --> textDocument/publishDiagnostics
I[11:30:04.081] --> textDocument/inactiveRegions
I[11:30:04.081] --> reply:textDocument/inlayHint(1666) 4 ms
I[11:30:04.081] --> textDocument/clangd.fileStatus
I[11:30:04.171] <-- textDocument/signatureHelp(1667)
I[11:30:04.175] --> reply:textDocument/signatureHelp(1667) 3 ms
I[11:30:04.251] <-- textDocument/foldingRange(1668)
I[11:30:04.251] --> reply:textDocument/foldingRange(1668) 0 ms
I[11:30:04.318] <-- textDocument/didChange
I[11:30:04.318] --> textDocument/clangd.fileStatus
I[11:30:04.344] <-- textDocument/inlayHint(1669)
I[11:30:04.344] Failed to find compilation database for /home/david/Documentos/prueba_OS/RepasoExamen/311.c
I[11:30:04.344] ASTWorker building file /home/david/Documentos/prueba_OS/RepasoExamen/311.c version 408 with command clangd fallback
[/home/david/Documentos/prueba_OS/RepasoExamen]
/usr/bin/clang -resource-dir=/home/david/.vscode-oss/extensions/kylinideteam.kylin-clangd-0.4.0-linux-x64/res/clangd/lib/clang/21 -- /home/david/Documentos/prueba_OS/RepasoExamen/311.c
I[11:30:04.345] --> textDocument/clangd.fileStatus
I[11:30:04.348] --> textDocument/publishDiagnostics
I[11:30:04.348] --> textDocument/inactiveRegions
I[11:30:04.348] --> reply:textDocument/inlayHint(1669) 4 ms
I[11:30:04.349] --> textDocument/clangd.fileStatus
I[11:30:04.439] <-- textDocument/signatureHelp(1670)
I[11:30:04.443] --> reply:textDocument/signatureHelp(1670) 3 ms
I[11:30:04.519] <-- textDocument/foldingRange(1671)
I[11:30:04.519] --> reply:textDocument/foldingRange(1671) 0 ms
I[11:30:04.600] <-- textDocument/codeAction(1672)
I[11:30:04.600] --> reply:textDocument/codeAction(1672) 0 ms
I[11:30:04.600] --> textDocument/clangd.fileStatus
I[11:30:04.669] <-- textDocument/documentSymbol(1673)
I[11:30:04.669] --> reply:textDocument/documentSymbol(1673) 0 ms
I[11:30:04.669] --> textDocument/clangd.fileStatus
I[11:30:04.669] <-- textDocument/documentSymbol(1674)
I[11:30:04.669] --> reply:textDocument/documentSymbol(1674) 0 ms
I[11:30:04.669] --> textDocument/clangd.fileStatus
I[11:30:05.119] <-- textDocument/inlayHint(1675)
I[11:30:05.120] --> reply:textDocument/inlayHint(1675) 0 ms
I[11:30:05.120] --> textDocument/clangd.fileStatus
I[11:30:05.319] <-- textDocument/documentLink(1676)
I[11:30:05.319] --> reply:textDocument/documentLink(1676) 0 ms
I[11:30:05.319] --> textDocument/clangd.fileStatus
I[11:30:08.725] <-- textDocument/didChange
I[11:30:08.726] --> textDocument/clangd.fileStatus
I[11:30:08.751] <-- textDocument/inlayHint(1677)
I[11:30:08.752] Failed to find compilation database for /home/david/Documentos/prueba_OS/RepasoExamen/311.c
I[11:30:08.752] ASTWorker building file /home/david/Documentos/prueba_OS/RepasoExamen/311.c version 409 with command clangd fallback
[/home/david/Documentos/prueba_OS/RepasoExamen]
/usr/bin/clang -resource-dir=/home/david/.vscode-oss/extensions/kylinideteam.kylin-clangd-0.4.0-linux-x64/res/clangd/lib/clang/21 -- /home/david/Documentos/prueba_OS/RepasoExamen/311.c
I[11:30:08.753] --> textDocument/clangd.fileStatus
I[11:30:08.756] --> textDocument/publishDiagnostics
I[11:30:08.756] --> textDocument/inactiveRegions
I[11:30:08.756] --> reply:textDocument/inlayHint(1677) 4 ms
I[11:30:08.756] --> textDocument/clangd.fileStatus
I[11:30:08.846] <-- textDocument/signatureHelp(1678)
I[11:30:08.849] --> reply:textDocument/signatureHelp(1678) 3 ms
I[11:30:08.926] <-- textDocument/foldingRange(1679)
I[11:30:08.927] --> reply:textDocument/foldingRange(1679) 0 ms
I[11:30:09.009] <-- textDocument/codeAction(1680)
I[11:30:09.009] --> reply:textDocument/codeAction(1680) 0 ms
I[11:30:09.009] --> textDocument/clangd.fileStatus
I[11:30:09.076] <-- textDocument/documentSymbol(1681)
I[11:30:09.076] <-- textDocument/documentSymbol(1682)
I[11:30:09.076] --> reply:textDocument/documentSymbol(1681) 0 ms
I[11:30:09.076] --> reply:textDocument/documentSymbol(1682) 0 ms
I[11:30:09.076] --> textDocument/clangd.fileStatus
I[11:30:09.526] <-- textDocument/inlayHint(1683)
I[11:30:09.526] --> reply:textDocument/inlayHint(1683) 0 ms
I[11:30:09.526] --> textDocument/clangd.fileStatus
I[11:30:09.726] <-- textDocument/documentLink(1684)
I[11:30:09.726] --> reply:textDocument/documentLink(1684) 0 ms
I[11:30:09.726] --> textDocument/clangd.fileStatus
I[11:30:09.808] <-- textDocument/didChange
I[11:30:09.808] --> textDocument/clangd.fileStatus
I[11:30:09.833] <-- textDocument/inlayHint(1685)
I[11:30:09.833] Failed to find compilation database for /home/david/Documentos/prueba_OS/RepasoExamen/311.c
I[11:30:09.834] ASTWorker building file /home/david/Documentos/prueba_OS/RepasoExamen/311.c version 410 with command clangd fallback
[/home/david/Documentos/prueba_OS/RepasoExamen]
/usr/bin/clang -resource-dir=/home/david/.vscode-oss/extensions/kylinideteam.kylin-clangd-0.4.0-linux-x64/res/clangd/lib/clang/21 -- /home/david/Documentos/prueba_OS/RepasoExamen/311.c
I[11:30:09.834] --> textDocument/clangd.fileStatus
I[11:30:09.838] --> textDocument/publishDiagnostics
I[11:30:09.838] --> textDocument/inactiveRegions
I[11:30:09.838] --> reply:textDocument/inlayHint(1685) 4 ms
I[11:30:09.838] --> textDocument/clangd.fileStatus
I[11:30:09.929] <-- textDocument/signatureHelp(1686)
I[11:30:09.931] --> reply:textDocument/signatureHelp(1686) 2 ms
I[11:30:10.008] <-- textDocument/foldingRange(1687)
I[11:30:10.009] --> reply:textDocument/foldingRange(1687) 0 ms
I[11:30:10.091] <-- textDocument/codeAction(1688)
I[11:30:10.091] --> reply:textDocument/codeAction(1688) 0 ms
I[11:30:10.091] --> textDocument/clangd.fileStatus
I[11:30:10.158] <-- textDocument/documentSymbol(1689)
I[11:30:10.158] <-- textDocument/documentSymbol(1690)
I[11:30:10.158] --> reply:textDocument/documentSymbol(1689) 0 ms
I[11:30:10.158] --> reply:textDocument/documentSymbol(1690) 0 ms
I[11:30:10.158] --> textDocument/clangd.fileStatus
I[11:30:10.609] <-- textDocument/inlayHint(1691)
I[11:30:10.609] --> reply:textDocument/inlayHint(1691) 0 ms
I[11:30:10.609] --> textDocument/clangd.fileStatus
I[11:30:10.808] <-- textDocument/documentLink(1692)
I[11:30:10.808] --> reply:textDocument/documentLink(1692) 0 ms
I[11:30:10.808] --> textDocument/clangd.fileStatus
I[11:30:11.768] <-- textDocument/didChange
I[11:30:11.768] --> textDocument/clangd.fileStatus
I[11:30:11.794] <-- textDocument/inlayHint(1693)
I[11:30:11.794] Failed to find compilation database for /home/david/Documentos/prueba_OS/RepasoExamen/311.c
I[11:30:11.794] ASTWorker building file /home/david/Documentos/prueba_OS/RepasoExamen/311.c version 411 with command clangd fallback
[/home/david/Documentos/prueba_OS/RepasoExamen]
/usr/bin/clang -resource-dir=/home/david/.vscode-oss/extensions/kylinideteam.kylin-clangd-0.4.0-linux-x64/res/clangd/lib/clang/21 -- /home/david/Documentos/prueba_OS/RepasoExamen/311.c
I[11:30:11.795] --> textDocument/clangd.fileStatus
I[11:30:11.798] --> textDocument/publishDiagnostics
I[11:30:11.798] --> textDocument/inactiveRegions
I[11:30:11.798] --> reply:textDocument/inlayHint(1693) 4 ms
I[11:30:11.798] --> textDocument/clangd.fileStatus
I[11:30:11.889] <-- textDocument/signatureHelp(1694)
I[11:30:11.892] --> reply:textDocument/signatureHelp(1694) 3 ms
I[11:30:11.968] <-- textDocument/foldingRange(1695)
I[11:30:11.969] --> reply:textDocument/foldingRange(1695) 0 ms
I[11:30:12.050] <-- textDocument/codeAction(1696)
I[11:30:12.051] --> reply:textDocument/codeAction(1696) 0 ms
I[11:30:12.051] --> textDocument/clangd.fileStatus
I[11:30:12.119] <-- textDocument/documentSymbol(1697)
I[11:30:12.119] <-- textDocument/documentSymbol(1698)
I[11:30:12.119] --> reply:textDocument/documentSymbol(1697) 0 ms
I[11:30:12.119] --> reply:textDocument/documentSymbol(1698) 0 ms
I[11:30:12.119] --> textDocument/clangd.fileStatus
I[11:30:12.121] <-- textDocument/didChange
I[11:30:12.121] --> textDocument/clangd.fileStatus
I[11:30:12.147] <-- textDocument/inlayHint(1699)
I[11:30:12.147] Failed to find compilation database for /home/david/Documentos/prueba_OS/RepasoExamen/311.c
I[11:30:12.147] ASTWorker building file /home/david/Documentos/prueba_OS/RepasoExamen/311.c version 412 with command clangd fallback
[/home/david/Documentos/prueba_OS/RepasoExamen]
/usr/bin/clang -resource-dir=/home/david/.vscode-oss/extensions/kylinideteam.kylin-clangd-0.4.0-linux-x64/res/clangd/lib/clang/21 -- /home/david/Documentos/prueba_OS/RepasoExamen/311.c
I[11:30:12.147] --> textDocument/clangd.fileStatus
I[11:30:12.152] --> textDocument/publishDiagnostics
I[11:30:12.152] --> textDocument/inactiveRegions
I[11:30:12.152] --> reply:textDocument/inlayHint(1699) 5 ms
I[11:30:12.152] --> textDocument/clangd.fileStatus
I[11:30:12.242] <-- textDocument/signatureHelp(1700)
I[11:30:12.245] --> reply:textDocument/signatureHelp(1700) 2 ms
I[11:30:12.280] <-- textDocument/didChange
I[11:30:12.280] --> textDocument/clangd.fileStatus
I[11:30:12.306] <-- textDocument/inlayHint(1701)
I[11:30:12.306] Failed to find compilation database for /home/david/Documentos/prueba_OS/RepasoExamen/311.c
I[11:30:12.306] ASTWorker building file /home/david/Documentos/prueba_OS/RepasoExamen/311.c version 413 with command clangd fallback
[/home/david/Documentos/prueba_OS/RepasoExamen]
/usr/bin/clang -resource-dir=/home/david/.vscode-oss/extensions/kylinideteam.kylin-clangd-0.4.0-linux-x64/res/clangd/lib/clang/21 -- /home/david/Documentos/prueba_OS/RepasoExamen/311.c
I[11:30:12.306] --> textDocument/clangd.fileStatus
I[11:30:12.310] --> textDocument/publishDiagnostics
I[11:30:12.310] --> textDocument/inactiveRegions
I[11:30:12.310] --> reply:textDocument/inlayHint(1701) 4 ms
I[11:30:12.310] --> textDocument/clangd.fileStatus
I[11:30:12.401] <-- textDocument/signatureHelp(1702)
I[11:30:12.404] --> reply:textDocument/signatureHelp(1702) 3 ms
I[11:30:12.440] <-- textDocument/didChange
I[11:30:12.440] --> textDocument/clangd.fileStatus
I[11:30:12.465] <-- textDocument/inlayHint(1703)
I[11:30:12.465] Failed to find compilation database for /home/david/Documentos/prueba_OS/RepasoExamen/311.c
I[11:30:12.465] ASTWorker building file /home/david/Documentos/prueba_OS/RepasoExamen/311.c version 414 with command clangd fallback
[/home/david/Documentos/prueba_OS/RepasoExamen]
/usr/bin/clang -resource-dir=/home/david/.vscode-oss/extensions/kylinideteam.kylin-clangd-0.4.0-linux-x64/res/clangd/lib/clang/21 -- /home/david/Documentos/prueba_OS/RepasoExamen/311.c
I[11:30:12.465] --> textDocument/clangd.fileStatus
I[11:30:12.470] --> textDocument/publishDiagnostics
I[11:30:12.470] --> textDocument/inactiveRegions
I[11:30:12.470] --> reply:textDocument/inlayHint(1703) 5 ms
I[11:30:12.470] --> textDocument/clangd.fileStatus
I[11:30:12.560] <-- textDocument/signatureHelp(1704)
I[11:30:12.563] --> reply:textDocument/signatureHelp(1704) 3 ms
I[11:30:12.640] <-- textDocument/foldingRange(1705)
I[11:30:12.640] --> reply:textDocument/foldingRange(1705) 0 ms
I[11:30:12.722] <-- textDocument/codeAction(1706)
I[11:30:12.722] --> reply:textDocument/codeAction(1706) 0 ms
I[11:30:12.722] --> textDocument/clangd.fileStatus
I[11:30:12.790] <-- textDocument/documentSymbol(1707)
I[11:30:12.790] <-- textDocument/documentSymbol(1708)
I[11:30:12.790] --> reply:textDocument/documentSymbol(1707) 0 ms
I[11:30:12.790] --> reply:textDocument/documentSymbol(1708) 0 ms
I[11:30:12.790] --> textDocument/clangd.fileStatus
I[11:30:13.025] <-- textDocument/didChange
I[11:30:13.025] --> textDocument/clangd.fileStatus
I[11:30:13.051] <-- textDocument/inlayHint(1709)
I[11:30:13.051] Failed to find compilation database for /home/david/Documentos/prueba_OS/RepasoExamen/311.c
I[11:30:13.051] ASTWorker building file /home/david/Documentos/prueba_OS/RepasoExamen/311.c version 415 with command clangd fallback
[/home/david/Documentos/prueba_OS/RepasoExamen]
/usr/bin/clang -resource-dir=/home/david/.vscode-oss/extensions/kylinideteam.kylin-clangd-0.4.0-linux-x64/res/clangd/lib/clang/21 -- /home/david/Documentos/prueba_OS/RepasoExamen/311.c
I[11:30:13.052] --> textDocument/clangd.fileStatus
I[11:30:13.055] --> textDocument/publishDiagnostics
I[11:30:13.055] --> textDocument/inactiveRegions
I[11:30:13.055] --> reply:textDocument/inlayHint(1709) 4 ms
I[11:30:13.055] --> textDocument/clangd.fileStatus
I[11:30:13.146] <-- textDocument/signatureHelp(1710)
I[11:30:13.149] --> reply:textDocument/signatureHelp(1710) 2 ms
I[11:30:13.175] <-- textDocument/didChange
I[11:30:13.175] --> textDocument/clangd.fileStatus
I[11:30:13.201] <-- textDocument/inlayHint(1711)
I[11:30:13.201] Failed to find compilation database for /home/david/Documentos/prueba_OS/RepasoExamen/311.c
I[11:30:13.202] ASTWorker building file /home/david/Documentos/prueba_OS/RepasoExamen/311.c version 416 with command clangd fallback
[/home/david/Documentos/prueba_OS/RepasoExamen]
/usr/bin/clang -resource-dir=/home/david/.vscode-oss/extensions/kylinideteam.kylin-clangd-0.4.0-linux-x64/res/clangd/lib/clang/21 -- /home/david/Documentos/prueba_OS/RepasoExamen/311.c
I[11:30:13.202] --> textDocument/clangd.fileStatus
I[11:30:13.206] --> textDocument/publishDiagnostics
I[11:30:13.206] --> textDocument/inactiveRegions
I[11:30:13.206] --> reply:textDocument/inlayHint(1711) 4 ms
I[11:30:13.206] --> textDocument/clangd.fileStatus
I[11:30:13.296] <-- textDocument/signatureHelp(1712)
I[11:30:13.299] --> reply:textDocument/signatureHelp(1712) 3 ms
I[11:30:13.376] <-- textDocument/foldingRange(1713)
I[11:30:13.376] --> reply:textDocument/foldingRange(1713) 0 ms
I[11:30:13.458] <-- textDocument/codeAction(1714)
I[11:30:13.459] --> reply:textDocument/codeAction(1714) 0 ms
I[11:30:13.459] --> textDocument/clangd.fileStatus
I[11:30:13.511] <-- textDocument/didChange
I[11:30:13.511] --> textDocument/clangd.fileStatus
I[11:30:13.526] <-- textDocument/documentSymbol(1715)
I[11:30:13.526] Failed to find compilation database for /home/david/Documentos/prueba_OS/RepasoExamen/311.c
I[11:30:13.526] ASTWorker building file /home/david/Documentos/prueba_OS/RepasoExamen/311.c version 417 with command clangd fallback
[/home/david/Documentos/prueba_OS/RepasoExamen]
/usr/bin/clang -resource-dir=/home/david/.vscode-oss/extensions/kylinideteam.kylin-clangd-0.4.0-linux-x64/res/clangd/lib/clang/21 -- /home/david/Documentos/prueba_OS/RepasoExamen/311.c
I[11:30:13.527] --> textDocument/clangd.fileStatus
I[11:30:13.530] --> textDocument/publishDiagnostics
I[11:30:13.530] --> textDocument/inactiveRegions
I[11:30:13.530] --> reply:textDocument/documentSymbol(1715) 4 ms
I[11:30:13.530] --> textDocument/clangd.fileStatus
I[11:30:13.537] <-- textDocument/inlayHint(1716)
I[11:30:13.537] --> reply:textDocument/inlayHint(1716) 0 ms
I[11:30:13.537] --> textDocument/clangd.fileStatus
I[11:30:13.632] <-- textDocument/signatureHelp(1717)
I[11:30:13.635] --> reply:textDocument/signatureHelp(1717) 3 ms
I[11:30:13.711] <-- textDocument/foldingRange(1718)
I[11:30:13.712] --> reply:textDocument/foldingRange(1718) 0 ms
I[11:30:13.784] <-- textDocument/codeAction(1719)
I[11:30:13.784] --> reply:textDocument/codeAction(1719) 0 ms
I[11:30:13.784] --> textDocument/clangd.fileStatus
I[11:30:13.862] <-- textDocument/documentSymbol(1720)
I[11:30:13.862] <-- textDocument/documentSymbol(1721)
I[11:30:13.862] --> reply:textDocument/documentSymbol(1720) 0 ms
I[11:30:13.862] --> reply:textDocument/documentSymbol(1721) 0 ms
I[11:30:13.862] --> textDocument/clangd.fileStatus
I[11:30:14.312] <-- textDocument/inlayHint(1722)
I[11:30:14.312] --> reply:textDocument/inlayHint(1722) 0 ms
I[11:30:14.312] --> textDocument/clangd.fileStatus
I[11:30:14.512] <-- textDocument/documentLink(1723)
I[11:30:14.512] --> reply:textDocument/documentLink(1723) 0 ms
I[11:30:14.512] --> textDocument/clangd.fileStatus
I[11:30:14.670] <-- textDocument/didChange
I[11:30:14.670] --> textDocument/clangd.fileStatus
I[11:30:14.696] <-- textDocument/inlayHint(1724)
I[11:30:14.696] Failed to find compilation database for /home/david/Documentos/prueba_OS/RepasoExamen/311.c
I[11:30:14.696] ASTWorker building file /home/david/Documentos/prueba_OS/RepasoExamen/311.c version 418 with command clangd fallback
[/home/david/Documentos/prueba_OS/RepasoExamen]
/usr/bin/clang -resource-dir=/home/david/.vscode-oss/extensions/kylinideteam.kylin-clangd-0.4.0-linux-x64/res/clangd/lib/clang/21 -- /home/david/Documentos/prueba_OS/RepasoExamen/311.c
I[11:30:14.697] --> textDocument/clangd.fileStatus
I[11:30:14.701] --> textDocument/publishDiagnostics
I[11:30:14.701] --> textDocument/inactiveRegions
I[11:30:14.701] --> reply:textDocument/inlayHint(1724) 5 ms
I[11:30:14.701] --> textDocument/clangd.fileStatus
I[11:30:14.791] <-- textDocument/signatureHelp(1725)
I[11:30:14.795] --> reply:textDocument/signatureHelp(1725) 3 ms
I[11:30:14.820] <-- textDocument/didChange
I[11:30:14.820] --> textDocument/clangd.fileStatus
I[11:30:14.846] <-- textDocument/inlayHint(1726)
I[11:30:14.846] Failed to find compilation database for /home/david/Documentos/prueba_OS/RepasoExamen/311.c
I[11:30:14.846] ASTWorker building file /home/david/Documentos/prueba_OS/RepasoExamen/311.c version 419 with command clangd fallback
[/home/david/Documentos/prueba_OS/RepasoExamen]
/usr/bin/clang -resource-dir=/home/david/.vscode-oss/extensions/kylinideteam.kylin-clangd-0.4.0-linux-x64/res/clangd/lib/clang/21 -- /home/david/Documentos/prueba_OS/RepasoExamen/311.c
I[11:30:14.846] --> textDocument/clangd.fileStatus
I[11:30:14.850] --> textDocument/publishDiagnostics
I[11:30:14.850] --> textDocument/inactiveRegions
I[11:30:14.850] --> reply:textDocument/inlayHint(1726) 4 ms
I[11:30:14.850] --> textDocument/clangd.fileStatus
I[11:30:14.917] <-- textDocument/didChange
I[11:30:14.917] --> textDocument/clangd.fileStatus
I[11:30:14.942] <-- textDocument/inlayHint(1727)
I[11:30:14.943] Failed to find compilation database for /home/david/Documentos/prueba_OS/RepasoExamen/311.c
I[11:30:14.943] ASTWorker building file /home/david/Documentos/prueba_OS/RepasoExamen/311.c version 420 with command clangd fallback
[/home/david/Documentos/prueba_OS/RepasoExamen]
/usr/bin/clang -resource-dir=/home/david/.vscode-oss/extensions/kylinideteam.kylin-clangd-0.4.0-linux-x64/res/clangd/lib/clang/21 -- /home/david/Documentos/prueba_OS/RepasoExamen/311.c
I[11:30:14.943] --> textDocument/clangd.fileStatus
I[11:30:14.947] --> textDocument/publishDiagnostics
I[11:30:14.947] --> textDocument/inactiveRegions
I[11:30:14.947] --> reply:textDocument/inlayHint(1727) 4 ms
I[11:30:14.947] --> textDocument/clangd.fileStatus
I[11:30:15.038] <-- textDocument/signatureHelp(1728)
I[11:30:15.041] --> reply:textDocument/signatureHelp(1728) 3 ms
I[11:30:15.085] <-- textDocument/didChange
I[11:30:15.085] --> textDocument/clangd.fileStatus
I[11:30:15.111] <-- textDocument/inlayHint(1729)
I[11:30:15.111] Failed to find compilation database for /home/david/Documentos/prueba_OS/RepasoExamen/311.c
I[11:30:15.111] ASTWorker building file /home/david/Documentos/prueba_OS/RepasoExamen/311.c version 421 with command clangd fallback
[/home/david/Documentos/prueba_OS/RepasoExamen]
/usr/bin/clang -resource-dir=/home/david/.vscode-oss/extensions/kylinideteam.kylin-clangd-0.4.0-linux-x64/res/clangd/lib/clang/21 -- /home/david/Documentos/prueba_OS/RepasoExamen/311.c
I[11:30:15.111] --> textDocument/clangd.fileStatus
I[11:30:15.115] --> textDocument/publishDiagnostics
I[11:30:15.115] --> textDocument/inactiveRegions
I[11:30:15.115] --> reply:textDocument/inlayHint(1729) 4 ms
I[11:30:15.115] --> textDocument/clangd.fileStatus
I[11:30:15.206] <-- textDocument/signatureHelp(1730)
I[11:30:15.210] --> reply:textDocument/signatureHelp(1730) 3 ms
I[11:30:15.285] <-- textDocument/foldingRange(1731)
I[11:30:15.286] --> reply:textDocument/foldingRange(1731) 0 ms
I[11:30:15.313] <-- textDocument/didChange
I[11:30:15.313] --> textDocument/clangd.fileStatus
I[11:30:15.339] <-- textDocument/inlayHint(1732)
I[11:30:15.339] Failed to find compilation database for /home/david/Documentos/prueba_OS/RepasoExamen/311.c
I[11:30:15.339] ASTWorker building file /home/david/Documentos/prueba_OS/RepasoExamen/311.c version 422 with command clangd fallback
[/home/david/Documentos/prueba_OS/RepasoExamen]
/usr/bin/clang -resource-dir=/home/david/.vscode-oss/extensions/kylinideteam.kylin-clangd-0.4.0-linux-x64/res/clangd/lib/clang/21 -- /home/david/Documentos/prueba_OS/RepasoExamen/311.c
I[11:30:15.339] --> textDocument/clangd.fileStatus
I[11:30:15.343] --> textDocument/publishDiagnostics
I[11:30:15.343] --> textDocument/inactiveRegions
I[11:30:15.343] --> reply:textDocument/inlayHint(1732) 4 ms
I[11:30:15.343] --> textDocument/clangd.fileStatus
I[11:30:15.419] <-- textDocument/didChange
I[11:30:15.419] --> textDocument/clangd.fileStatus
I[11:30:15.445] <-- textDocument/inlayHint(1733)
I[11:30:15.445] Failed to find compilation database for /home/david/Documentos/prueba_OS/RepasoExamen/311.c
I[11:30:15.445] ASTWorker building file /home/david/Documentos/prueba_OS/RepasoExamen/311.c version 423 with command clangd fallback
[/home/david/Documentos/prueba_OS/RepasoExamen]
/usr/bin/clang -resource-dir=/home/david/.vscode-oss/extensions/kylinideteam.kylin-clangd-0.4.0-linux-x64/res/clangd/lib/clang/21 -- /home/david/Documentos/prueba_OS/RepasoExamen/311.c
I[11:30:15.445] --> textDocument/clangd.fileStatus
I[11:30:15.449] --> textDocument/publishDiagnostics
I[11:30:15.449] --> textDocument/inactiveRegions
I[11:30:15.449] --> reply:textDocument/inlayHint(1733) 4 ms
I[11:30:15.449] --> textDocument/clangd.fileStatus
I[11:30:15.540] <-- textDocument/signatureHelp(1734)
I[11:30:15.544] --> reply:textDocument/signatureHelp(1734) 3 ms
I[11:30:15.620] <-- textDocument/foldingRange(1735)
I[11:30:15.620] --> reply:textDocument/foldingRange(1735) 0 ms
I[11:30:15.701] <-- textDocument/codeAction(1736)
I[11:30:15.702] --> reply:textDocument/codeAction(1736) 0 ms
I[11:30:15.702] --> textDocument/clangd.fileStatus
I[11:30:15.770] <-- textDocument/documentSymbol(1737)
I[11:30:15.770] <-- textDocument/documentSymbol(1738)
I[11:30:15.770] --> reply:textDocument/documentSymbol(1737) 0 ms
I[11:30:15.770] --> reply:textDocument/documentSymbol(1738) 0 ms
I[11:30:15.770] --> textDocument/clangd.fileStatus
I[11:30:16.220] <-- textDocument/inlayHint(1739)
I[11:30:16.220] --> reply:textDocument/inlayHint(1739) 0 ms
I[11:30:16.220] --> textDocument/clangd.fileStatus
I[11:30:16.420] <-- textDocument/documentLink(1740)
I[11:30:16.420] --> reply:textDocument/documentLink(1740) 0 ms
I[11:30:16.420] --> textDocument/clangd.fileStatus
I[11:30:16.764] <-- textDocument/didChange
I[11:30:16.764] --> textDocument/clangd.fileStatus
I[11:30:16.789] <-- textDocument/inlayHint(1741)
I[11:30:16.789] Failed to find compilation database for /home/david/Documentos/prueba_OS/RepasoExamen/311.c
I[11:30:16.789] ASTWorker building file /home/david/Documentos/prueba_OS/RepasoExamen/311.c version 424 with command clangd fallback
[/home/david/Documentos/prueba_OS/RepasoExamen]
/usr/bin/clang -resource-dir=/home/david/.vscode-oss/extensions/kylinideteam.kylin-clangd-0.4.0-linux-x64/res/clangd/lib/clang/21 -- /home/david/Documentos/prueba_OS/RepasoExamen/311.c
I[11:30:16.790] --> textDocument/clangd.fileStatus
I[11:30:16.793] --> textDocument/publishDiagnostics
I[11:30:16.793] --> textDocument/inactiveRegions
I[11:30:16.793] --> reply:textDocument/inlayHint(1741) 4 ms
I[11:30:16.793] --> textDocument/clangd.fileStatus
I[11:30:16.884] <-- textDocument/signatureHelp(1742)
I[11:30:16.887] --> reply:textDocument/signatureHelp(1742) 3 ms
I[11:30:16.964] <-- textDocument/foldingRange(1743)
I[11:30:16.964] --> reply:textDocument/foldingRange(1743) 0 ms
I[11:30:17.045] <-- textDocument/codeAction(1744)
I[11:30:17.045] --> reply:textDocument/codeAction(1744) 0 ms
I[11:30:17.045] --> textDocument/clangd.fileStatus
I[11:30:17.114] <-- textDocument/documentSymbol(1745)
I[11:30:17.114] --> reply:textDocument/documentSymbol(1745) 0 ms
I[11:30:17.114] --> textDocument/clangd.fileStatus
I[11:30:17.114] <-- textDocument/documentSymbol(1746)
I[11:30:17.114] --> reply:textDocument/documentSymbol(1746) 0 ms
I[11:30:17.114] --> textDocument/clangd.fileStatus
I[11:30:17.564] <-- textDocument/inlayHint(1747)
I[11:30:17.564] --> reply:textDocument/inlayHint(1747) 0 ms
I[11:30:17.565] --> textDocument/clangd.fileStatus
I[11:30:17.764] <-- textDocument/documentLink(1748)
I[11:30:17.764] --> reply:textDocument/documentLink(1748) 0 ms
I[11:30:17.764] --> textDocument/clangd.fileStatus
I[11:30:18.062] <-- textDocument/didChange
I[11:30:18.062] --> textDocument/clangd.fileStatus
I[11:30:18.087] <-- textDocument/inlayHint(1749)
I[11:30:18.087] Failed to find compilation database for /home/david/Documentos/prueba_OS/RepasoExamen/311.c
I[11:30:18.088] ASTWorker building file /home/david/Documentos/prueba_OS/RepasoExamen/311.c version 425 with command clangd fallback
[/home/david/Documentos/prueba_OS/RepasoExamen]
/usr/bin/clang -resource-dir=/home/david/.vscode-oss/extensions/kylinideteam.kylin-clangd-0.4.0-linux-x64/res/clangd/lib/clang/21 -- /home/david/Documentos/prueba_OS/RepasoExamen/311.c
I[11:30:18.088] --> textDocument/clangd.fileStatus
I[11:30:18.092] --> textDocument/publishDiagnostics
I[11:30:18.092] --> textDocument/inactiveRegions
I[11:30:18.092] --> reply:textDocument/inlayHint(1749) 4 ms
I[11:30:18.092] --> textDocument/clangd.fileStatus
I[11:30:18.182] <-- textDocument/signatureHelp(1750)
I[11:30:18.186] --> reply:textDocument/signatureHelp(1750) 3 ms
I[11:30:18.262] <-- textDocument/foldingRange(1751)
I[11:30:18.263] --> reply:textDocument/foldingRange(1751) 0 ms
I[11:30:18.345] <-- textDocument/codeAction(1752)
I[11:30:18.345] --> reply:textDocument/codeAction(1752) 0 ms
I[11:30:18.345] --> textDocument/clangd.fileStatus
I[11:30:18.412] <-- textDocument/documentSymbol(1753)
I[11:30:18.412] <-- textDocument/documentSymbol(1754)
I[11:30:18.413] --> reply:textDocument/documentSymbol(1753) 0 ms
I[11:30:18.413] --> reply:textDocument/documentSymbol(1754) 0 ms
I[11:30:18.413] --> textDocument/clangd.fileStatus
I[11:30:18.863] <-- textDocument/inlayHint(1755)
I[11:30:18.863] --> reply:textDocument/inlayHint(1755) 0 ms
I[11:30:18.863] --> textDocument/clangd.fileStatus
I[11:30:19.062] <-- textDocument/documentLink(1756)
I[11:30:19.062] --> reply:textDocument/documentLink(1756) 0 ms
I[11:30:19.063] --> textDocument/clangd.fileStatus
I[11:30:20.008] <-- textDocument/didChange
I[11:30:20.008] --> textDocument/clangd.fileStatus
I[11:30:20.034] <-- textDocument/inlayHint(1757)
I[11:30:20.034] Failed to find compilation database for /home/david/Documentos/prueba_OS/RepasoExamen/311.c
I[11:30:20.034] ASTWorker building file /home/david/Documentos/prueba_OS/RepasoExamen/311.c version 426 with command clangd fallback
[/home/david/Documentos/prueba_OS/RepasoExamen]
/usr/bin/clang -resource-dir=/home/david/.vscode-oss/extensions/kylinideteam.kylin-clangd-0.4.0-linux-x64/res/clangd/lib/clang/21 -- /home/david/Documentos/prueba_OS/RepasoExamen/311.c
I[11:30:20.035] --> textDocument/clangd.fileStatus
I[11:30:20.039] --> textDocument/publishDiagnostics
I[11:30:20.039] --> textDocument/inactiveRegions
I[11:30:20.039] --> reply:textDocument/inlayHint(1757) 5 ms
I[11:30:20.039] --> textDocument/clangd.fileStatus
I[11:30:20.129] <-- textDocument/signatureHelp(1758)
I[11:30:20.132] --> reply:textDocument/signatureHelp(1758) 3 ms
I[11:30:20.208] <-- textDocument/foldingRange(1759)
I[11:30:20.209] --> reply:textDocument/foldingRange(1759) 0 ms
I[11:30:20.291] <-- textDocument/codeAction(1760)
I[11:30:20.292] --> reply:textDocument/codeAction(1760) 0 ms
I[11:30:20.292] --> textDocument/clangd.fileStatus
I[11:30:20.359] <-- textDocument/documentSymbol(1761)
I[11:30:20.359] <-- textDocument/documentSymbol(1762)
I[11:30:20.359] --> reply:textDocument/documentSymbol(1761) 0 ms
I[11:30:20.359] --> reply:textDocument/documentSymbol(1762) 0 ms
I[11:30:20.359] --> textDocument/clangd.fileStatus
I[11:30:20.809] <-- textDocument/inlayHint(1763)
I[11:30:20.809] --> reply:textDocument/inlayHint(1763) 0 ms
I[11:30:20.809] --> textDocument/clangd.fileStatus
I[11:30:21.009] <-- textDocument/documentLink(1764)
I[11:30:21.009] --> reply:textDocument/documentLink(1764) 0 ms
I[11:30:21.009] --> textDocument/clangd.fileStatus
I[11:30:21.110] <-- textDocument/signatureHelp(1765)
I[11:30:21.113] --> reply:textDocument/signatureHelp(1765) 3 ms
I[11:30:21.239] <-- textDocument/codeAction(1766)
I[11:30:21.240] --> reply:textDocument/codeAction(1766) 0 ms
I[11:30:21.240] --> textDocument/clangd.fileStatus
I[11:30:21.559] <-- textDocument/documentHighlight(1767)
I[11:30:21.559] --> reply:textDocument/documentHighlight(1767) 0 ms
I[11:30:21.559] --> textDocument/clangd.fileStatus
I[11:30:21.629] <-- textDocument/signatureHelp(1768)
I[11:30:21.632] --> reply:textDocument/signatureHelp(1768) 3 ms
I[11:30:21.753] <-- textDocument/didChange
I[11:30:21.754] --> textDocument/clangd.fileStatus
I[11:30:21.779] <-- textDocument/inlayHint(1769)
I[11:30:21.779] Failed to find compilation database for /home/david/Documentos/prueba_OS/RepasoExamen/311.c
I[11:30:21.780] ASTWorker building file /home/david/Documentos/prueba_OS/RepasoExamen/311.c version 427 with command clangd fallback
[/home/david/Documentos/prueba_OS/RepasoExamen]
/usr/bin/clang -resource-dir=/home/david/.vscode-oss/extensions/kylinideteam.kylin-clangd-0.4.0-linux-x64/res/clangd/lib/clang/21 -- /home/david/Documentos/prueba_OS/RepasoExamen/311.c
I[11:30:21.780] --> textDocument/clangd.fileStatus
I[11:30:21.784] --> textDocument/publishDiagnostics
I[11:30:21.784] --> textDocument/inactiveRegions
I[11:30:21.784] --> reply:textDocument/inlayHint(1769) 4 ms
I[11:30:21.784] --> textDocument/clangd.fileStatus
I[11:30:21.875] <-- textDocument/signatureHelp(1770)
I[11:30:21.878] --> reply:textDocument/signatureHelp(1770) 3 ms
I[11:30:21.954] <-- textDocument/foldingRange(1771)
I[11:30:21.954] --> reply:textDocument/foldingRange(1771) 0 ms
I[11:30:22.036] <-- textDocument/codeAction(1772)
I[11:30:22.036] --> reply:textDocument/codeAction(1772) 0 ms
I[11:30:22.036] --> textDocument/clangd.fileStatus
I[11:30:22.104] <-- textDocument/documentSymbol(1773)
I[11:30:22.104] <-- textDocument/documentSymbol(1774)
I[11:30:22.104] --> reply:textDocument/documentSymbol(1773) 0 ms
I[11:30:22.104] --> reply:textDocument/documentSymbol(1774) 0 ms
I[11:30:22.104] --> textDocument/clangd.fileStatus
I[11:30:22.315] <-- textDocument/didChange
I[11:30:22.315] --> textDocument/clangd.fileStatus
I[11:30:22.340] <-- textDocument/inlayHint(1775)
I[11:30:22.340] Failed to find compilation database for /home/david/Documentos/prueba_OS/RepasoExamen/311.c
I[11:30:22.341] ASTWorker building file /home/david/Documentos/prueba_OS/RepasoExamen/311.c version 428 with command clangd fallback
[/home/david/Documentos/prueba_OS/RepasoExamen]
/usr/bin/clang -resource-dir=/home/david/.vscode-oss/extensions/kylinideteam.kylin-clangd-0.4.0-linux-x64/res/clangd/lib/clang/21 -- /home/david/Documentos/prueba_OS/RepasoExamen/311.c
I[11:30:22.341] --> textDocument/clangd.fileStatus
I[11:30:22.345] --> textDocument/publishDiagnostics
I[11:30:22.345] --> textDocument/inactiveRegions
I[11:30:22.345] --> reply:textDocument/inlayHint(1775) 4 ms
I[11:30:22.345] --> textDocument/clangd.fileStatus
I[11:30:22.410] <-- textDocument/didChange
I[11:30:22.410] --> textDocument/clangd.fileStatus
I[11:30:22.436] <-- textDocument/inlayHint(1776)
I[11:30:22.436] Failed to find compilation database for /home/david/Documentos/prueba_OS/RepasoExamen/311.c
I[11:30:22.436] ASTWorker building file /home/david/Documentos/prueba_OS/RepasoExamen/311.c version 429 with command clangd fallback
[/home/david/Documentos/prueba_OS/RepasoExamen]
/usr/bin/clang -resource-dir=/home/david/.vscode-oss/extensions/kylinideteam.kylin-clangd-0.4.0-linux-x64/res/clangd/lib/clang/21 -- /home/david/Documentos/prueba_OS/RepasoExamen/311.c
I[11:30:22.437] --> textDocument/clangd.fileStatus
I[11:30:22.441] --> textDocument/publishDiagnostics
I[11:30:22.441] --> textDocument/inactiveRegions
I[11:30:22.441] --> reply:textDocument/inlayHint(1776) 4 ms
I[11:30:22.441] --> textDocument/clangd.fileStatus
I[11:30:22.531] <-- textDocument/signatureHelp(1777)
I[11:30:22.534] --> reply:textDocument/signatureHelp(1777) 2 ms
I[11:30:22.554] <-- textDocument/didChange
I[11:30:22.555] --> textDocument/clangd.fileStatus
I[11:30:22.580] <-- textDocument/inlayHint(1778)
I[11:30:22.580] Failed to find compilation database for /home/david/Documentos/prueba_OS/RepasoExamen/311.c
I[11:30:22.580] ASTWorker building file /home/david/Documentos/prueba_OS/RepasoExamen/311.c version 430 with command clangd fallback
[/home/david/Documentos/prueba_OS/RepasoExamen]
/usr/bin/clang -resource-dir=/home/david/.vscode-oss/extensions/kylinideteam.kylin-clangd-0.4.0-linux-x64/res/clangd/lib/clang/21 -- /home/david/Documentos/prueba_OS/RepasoExamen/311.c
I[11:30:22.581] --> textDocument/clangd.fileStatus
I[11:30:22.584] --> textDocument/publishDiagnostics
I[11:30:22.584] --> textDocument/inactiveRegions
I[11:30:22.584] --> reply:textDocument/inlayHint(1778) 4 ms
I[11:30:22.584] --> textDocument/clangd.fileStatus
I[11:30:22.675] <-- textDocument/signatureHelp(1779)
I[11:30:22.678] <-- textDocument/didChange
I[11:30:22.678] --> textDocument/clangd.fileStatus
I[11:30:22.678] --> reply:textDocument/signatureHelp(1779) 3 ms
I[11:30:22.704] <-- textDocument/inlayHint(1780)
I[11:30:22.704] Failed to find compilation database for /home/david/Documentos/prueba_OS/RepasoExamen/311.c
I[11:30:22.704] ASTWorker building file /home/david/Documentos/prueba_OS/RepasoExamen/311.c version 431 with command clangd fallback
[/home/david/Documentos/prueba_OS/RepasoExamen]
/usr/bin/clang -resource-dir=/home/david/.vscode-oss/extensions/kylinideteam.kylin-clangd-0.4.0-linux-x64/res/clangd/lib/clang/21 -- /home/david/Documentos/prueba_OS/RepasoExamen/311.c
I[11:30:22.705] --> textDocument/clangd.fileStatus
I[11:30:22.709] --> textDocument/publishDiagnostics
I[11:30:22.709] --> textDocument/inactiveRegions
I[11:30:22.709] --> reply:textDocument/inlayHint(1780) 5 ms
I[11:30:22.709] --> textDocument/clangd.fileStatus
I[11:30:22.799] <-- textDocument/signatureHelp(1781)
I[11:30:22.802] --> reply:textDocument/signatureHelp(1781) 2 ms
I[11:30:22.844] <-- textDocument/didChange
I[11:30:22.844] --> textDocument/clangd.fileStatus
I[11:30:22.870] <-- textDocument/inlayHint(1782)
I[11:30:22.870] Failed to find compilation database for /home/david/Documentos/prueba_OS/RepasoExamen/311.c
I[11:30:22.870] ASTWorker building file /home/david/Documentos/prueba_OS/RepasoExamen/311.c version 432 with command clangd fallback
[/home/david/Documentos/prueba_OS/RepasoExamen]
/usr/bin/clang -resource-dir=/home/david/.vscode-oss/extensions/kylinideteam.kylin-clangd-0.4.0-linux-x64/res/clangd/lib/clang/21 -- /home/david/Documentos/prueba_OS/RepasoExamen/311.c
I[11:30:22.871] --> textDocument/clangd.fileStatus
I[11:30:22.874] --> textDocument/publishDiagnostics
I[11:30:22.874] --> textDocument/inactiveRegions
I[11:30:22.875] --> reply:textDocument/inlayHint(1782) 4 ms
I[11:30:22.875] --> textDocument/clangd.fileStatus
I[11:30:22.936] <-- textDocument/didChange
I[11:30:22.936] --> textDocument/clangd.fileStatus
I[11:30:22.962] <-- textDocument/inlayHint(1783)
I[11:30:22.962] Failed to find compilation database for /home/david/Documentos/prueba_OS/RepasoExamen/311.c
I[11:30:22.962] ASTWorker building file /home/david/Documentos/prueba_OS/RepasoExamen/311.c version 433 with command clangd fallback
[/home/david/Documentos/prueba_OS/RepasoExamen]
/usr/bin/clang -resource-dir=/home/david/.vscode-oss/extensions/kylinideteam.kylin-clangd-0.4.0-linux-x64/res/clangd/lib/clang/21 -- /home/david/Documentos/prueba_OS/RepasoExamen/311.c
I[11:30:22.963] --> textDocument/clangd.fileStatus
I[11:30:22.966] --> textDocument/publishDiagnostics
I[11:30:22.966] --> textDocument/inactiveRegions
I[11:30:22.966] --> reply:textDocument/inlayHint(1783) 4 ms
I[11:30:22.966] --> textDocument/clangd.fileStatus
I[11:30:23.052] <-- textDocument/didChange
I[11:30:23.052] --> textDocument/clangd.fileStatus
I[11:30:23.082] <-- textDocument/inlayHint(1784)
I[11:30:23.082] Failed to find compilation database for /home/david/Documentos/prueba_OS/RepasoExamen/311.c
I[11:30:23.082] ASTWorker building file /home/david/Documentos/prueba_OS/RepasoExamen/311.c version 434 with command clangd fallback
[/home/david/Documentos/prueba_OS/RepasoExamen]
/usr/bin/clang -resource-dir=/home/david/.vscode-oss/extensions/kylinideteam.kylin-clangd-0.4.0-linux-x64/res/clangd/lib/clang/21 -- /home/david/Documentos/prueba_OS/RepasoExamen/311.c
I[11:30:23.083] --> textDocument/clangd.fileStatus
I[11:30:23.089] --> textDocument/publishDiagnostics
I[11:30:23.089] --> textDocument/inactiveRegions
I[11:30:23.089] --> reply:textDocument/inlayHint(1784) 7 ms
I[11:30:23.089] --> textDocument/clangd.fileStatus
I[11:30:23.158] <-- textDocument/didChange
I[11:30:23.158] --> textDocument/clangd.fileStatus
I[11:30:23.184] <-- textDocument/inlayHint(1785)
I[11:30:23.184] Failed to find compilation database for /home/david/Documentos/prueba_OS/RepasoExamen/311.c
I[11:30:23.184] ASTWorker building file /home/david/Documentos/prueba_OS/RepasoExamen/311.c version 435 with command clangd fallback
[/home/david/Documentos/prueba_OS/RepasoExamen]
/usr/bin/clang -resource-dir=/home/david/.vscode-oss/extensions/kylinideteam.kylin-clangd-0.4.0-linux-x64/res/clangd/lib/clang/21 -- /home/david/Documentos/prueba_OS/RepasoExamen/311.c
I[11:30:23.184] --> textDocument/clangd.fileStatus
I[11:30:23.188] --> textDocument/publishDiagnostics
I[11:30:23.188] --> textDocument/inactiveRegions
I[11:30:23.188] --> reply:textDocument/inlayHint(1785) 4 ms
I[11:30:23.188] --> textDocument/clangd.fileStatus
I[11:30:23.279] <-- textDocument/signatureHelp(1786)
I[11:30:23.283] --> reply:textDocument/signatureHelp(1786) 3 ms
I[11:30:23.327] <-- textDocument/didChange
I[11:30:23.327] --> textDocument/clangd.fileStatus
I[11:30:23.353] <-- textDocument/inlayHint(1787)
I[11:30:23.353] Failed to find compilation database for /home/david/Documentos/prueba_OS/RepasoExamen/311.c
I[11:30:23.353] ASTWorker building file /home/david/Documentos/prueba_OS/RepasoExamen/311.c version 436 with command clangd fallback
[/home/david/Documentos/prueba_OS/RepasoExamen]
/usr/bin/clang -resource-dir=/home/david/.vscode-oss/extensions/kylinideteam.kylin-clangd-0.4.0-linux-x64/res/clangd/lib/clang/21 -- /home/david/Documentos/prueba_OS/RepasoExamen/311.c
I[11:30:23.354] --> textDocument/clangd.fileStatus
I[11:30:23.357] --> textDocument/publishDiagnostics
I[11:30:23.357] --> textDocument/inactiveRegions
I[11:30:23.357] --> reply:textDocument/inlayHint(1787) 4 ms
I[11:30:23.357] --> textDocument/clangd.fileStatus
I[11:30:23.407] <-- textDocument/didChange
I[11:30:23.407] --> textDocument/clangd.fileStatus
I[11:30:23.433] <-- textDocument/inlayHint(1788)
I[11:30:23.433] Failed to find compilation database for /home/david/Documentos/prueba_OS/RepasoExamen/311.c
I[11:30:23.433] ASTWorker building file /home/david/Documentos/prueba_OS/RepasoExamen/311.c version 437 with command clangd fallback
[/home/david/Documentos/prueba_OS/RepasoExamen]
/usr/bin/clang -resource-dir=/home/david/.vscode-oss/extensions/kylinideteam.kylin-clangd-0.4.0-linux-x64/res/clangd/lib/clang/21 -- /home/david/Documentos/prueba_OS/RepasoExamen/311.c
I[11:30:23.434] --> textDocument/clangd.fileStatus
I[11:30:23.437] --> textDocument/publishDiagnostics
I[11:30:23.437] --> textDocument/inactiveRegions
I[11:30:23.437] --> reply:textDocument/inlayHint(1788) 4 ms
I[11:30:23.437] --> textDocument/clangd.fileStatus
I[11:30:23.503] <-- textDocument/didChange
I[11:30:23.503] --> textDocument/clangd.fileStatus
I[11:30:23.529] <-- textDocument/inlayHint(1789)
I[11:30:23.529] Failed to find compilation database for /home/david/Documentos/prueba_OS/RepasoExamen/311.c
I[11:30:23.530] ASTWorker building file /home/david/Documentos/prueba_OS/RepasoExamen/311.c version 438 with command clangd fallback
[/home/david/Documentos/prueba_OS/RepasoExamen]
/usr/bin/clang -resource-dir=/home/david/.vscode-oss/extensions/kylinideteam.kylin-clangd-0.4.0-linux-x64/res/clangd/lib/clang/21 -- /home/david/Documentos/prueba_OS/RepasoExamen/311.c
I[11:30:23.530] --> textDocument/clangd.fileStatus
I[11:30:23.535] --> textDocument/publishDiagnostics
I[11:30:23.535] --> textDocument/inactiveRegions
I[11:30:23.535] --> reply:textDocument/inlayHint(1789) 6 ms
I[11:30:23.535] --> textDocument/clangd.fileStatus
I[11:30:23.624] <-- textDocument/signatureHelp(1790)
I[11:30:23.627] --> reply:textDocument/signatureHelp(1790) 2 ms
I[11:30:23.647] <-- textDocument/didChange
I[11:30:23.647] --> textDocument/clangd.fileStatus
I[11:30:23.672] <-- textDocument/inlayHint(1791)
I[11:30:23.672] Failed to find compilation database for /home/david/Documentos/prueba_OS/RepasoExamen/311.c
I[11:30:23.673] ASTWorker building file /home/david/Documentos/prueba_OS/RepasoExamen/311.c version 439 with command clangd fallback
[/home/david/Documentos/prueba_OS/RepasoExamen]
/usr/bin/clang -resource-dir=/home/david/.vscode-oss/extensions/kylinideteam.kylin-clangd-0.4.0-linux-x64/res/clangd/lib/clang/21 -- /home/david/Documentos/prueba_OS/RepasoExamen/311.c
I[11:30:23.673] --> textDocument/clangd.fileStatus
I[11:30:23.678] --> textDocument/publishDiagnostics
I[11:30:23.678] --> textDocument/inactiveRegions
I[11:30:23.678] --> reply:textDocument/inlayHint(1791) 5 ms
I[11:30:23.678] --> textDocument/clangd.fileStatus
I[11:30:23.767] <-- textDocument/signatureHelp(1792)
I[11:30:23.771] --> reply:textDocument/signatureHelp(1792) 3 ms
I[11:30:23.847] <-- textDocument/foldingRange(1793)
I[11:30:23.847] --> reply:textDocument/foldingRange(1793) 0 ms
I[11:30:23.930] <-- textDocument/codeAction(1794)
I[11:30:23.931] --> reply:textDocument/codeAction(1794) 0 ms
I[11:30:23.931] --> textDocument/clangd.fileStatus
I[11:30:23.997] <-- textDocument/documentSymbol(1795)
I[11:30:23.997] <-- textDocument/documentSymbol(1796)
I[11:30:23.997] --> reply:textDocument/documentSymbol(1795) 0 ms
I[11:30:23.997] --> reply:textDocument/documentSymbol(1796) 0 ms
I[11:30:23.997] --> textDocument/clangd.fileStatus
I[11:30:24.447] <-- textDocument/inlayHint(1797)
I[11:30:24.448] --> reply:textDocument/inlayHint(1797) 0 ms
I[11:30:24.448] --> textDocument/clangd.fileStatus
I[11:30:24.647] <-- textDocument/documentLink(1798)
I[11:30:24.647] --> reply:textDocument/documentLink(1798) 0 ms
I[11:30:24.647] --> textDocument/clangd.fileStatus
I[11:30:25.357] <-- textDocument/didChange
I[11:30:25.357] --> textDocument/clangd.fileStatus
I[11:30:25.382] <-- textDocument/inlayHint(1799)
I[11:30:25.383] Failed to find compilation database for /home/david/Documentos/prueba_OS/RepasoExamen/311.c
I[11:30:25.383] ASTWorker building file /home/david/Documentos/prueba_OS/RepasoExamen/311.c version 440 with command clangd fallback
[/home/david/Documentos/prueba_OS/RepasoExamen]
/usr/bin/clang -resource-dir=/home/david/.vscode-oss/extensions/kylinideteam.kylin-clangd-0.4.0-linux-x64/res/clangd/lib/clang/21 -- /home/david/Documentos/prueba_OS/RepasoExamen/311.c
I[11:30:25.384] --> textDocument/clangd.fileStatus
I[11:30:25.388] --> textDocument/publishDiagnostics
I[11:30:25.388] --> textDocument/inactiveRegions
I[11:30:25.388] --> reply:textDocument/inlayHint(1799) 5 ms
I[11:30:25.388] --> textDocument/clangd.fileStatus
I[11:30:25.477] <-- textDocument/signatureHelp(1800)
I[11:30:25.481] --> reply:textDocument/signatureHelp(1800) 4 ms
I[11:30:25.557] <-- textDocument/foldingRange(1801)
I[11:30:25.557] --> reply:textDocument/foldingRange(1801) 0 ms
I[11:30:25.640] <-- textDocument/codeAction(1802)
I[11:30:25.640] --> reply:textDocument/codeAction(1802) 0 ms
I[11:30:25.640] --> textDocument/clangd.fileStatus
I[11:30:25.707] <-- textDocument/documentSymbol(1803)
I[11:30:25.707] <-- textDocument/documentSymbol(1804)
I[11:30:25.707] --> reply:textDocument/documentSymbol(1803) 0 ms
I[11:30:25.707] --> reply:textDocument/documentSymbol(1804) 0 ms
I[11:30:25.707] --> textDocument/clangd.fileStatus
I[11:30:26.039] <-- textDocument/didChange
I[11:30:26.039] --> textDocument/clangd.fileStatus
I[11:30:26.064] <-- textDocument/inlayHint(1805)
I[11:30:26.064] Failed to find compilation database for /home/david/Documentos/prueba_OS/RepasoExamen/311.c
I[11:30:26.065] ASTWorker building file /home/david/Documentos/prueba_OS/RepasoExamen/311.c version 441 with command clangd fallback
[/home/david/Documentos/prueba_OS/RepasoExamen]
/usr/bin/clang -resource-dir=/home/david/.vscode-oss/extensions/kylinideteam.kylin-clangd-0.4.0-linux-x64/res/clangd/lib/clang/21 -- /home/david/Documentos/prueba_OS/RepasoExamen/311.c
I[11:30:26.065] --> textDocument/clangd.fileStatus
I[11:30:26.069] --> textDocument/publishDiagnostics
I[11:30:26.069] --> textDocument/inactiveRegions
I[11:30:26.069] --> reply:textDocument/inlayHint(1805) 4 ms
I[11:30:26.069] --> textDocument/clangd.fileStatus
I[11:30:26.160] <-- textDocument/signatureHelp(1806)
I[11:30:26.163] --> reply:textDocument/signatureHelp(1806) 3 ms
I[11:30:26.239] <-- textDocument/foldingRange(1807)
I[11:30:26.239] --> reply:textDocument/foldingRange(1807) 0 ms
I[11:30:26.298] <-- textDocument/didChange
I[11:30:26.298] --> textDocument/clangd.fileStatus
I[11:30:26.324] <-- textDocument/inlayHint(1808)
I[11:30:26.324] Failed to find compilation database for /home/david/Documentos/prueba_OS/RepasoExamen/311.c
I[11:30:26.324] ASTWorker building file /home/david/Documentos/prueba_OS/RepasoExamen/311.c version 442 with command clangd fallback
[/home/david/Documentos/prueba_OS/RepasoExamen]
/usr/bin/clang -resource-dir=/home/david/.vscode-oss/extensions/kylinideteam.kylin-clangd-0.4.0-linux-x64/res/clangd/lib/clang/21 -- /home/david/Documentos/prueba_OS/RepasoExamen/311.c
I[11:30:26.325] --> textDocument/clangd.fileStatus
I[11:30:26.328] --> textDocument/publishDiagnostics
I[11:30:26.328] --> textDocument/inactiveRegions
I[11:30:26.328] --> reply:textDocument/inlayHint(1808) 4 ms
I[11:30:26.328] --> textDocument/clangd.fileStatus
I[11:30:26.419] <-- textDocument/signatureHelp(1809)
I[11:30:26.422] --> reply:textDocument/signatureHelp(1809) 2 ms
I[11:30:26.499] <-- textDocument/foldingRange(1810)
I[11:30:26.499] --> reply:textDocument/foldingRange(1810) 0 ms
I[11:30:26.581] <-- textDocument/codeAction(1811)
I[11:30:26.582] --> reply:textDocument/codeAction(1811) 0 ms
I[11:30:26.582] --> textDocument/clangd.fileStatus
I[11:30:26.649] <-- textDocument/documentSymbol(1812)
I[11:30:26.649] <-- textDocument/documentSymbol(1813)
I[11:30:26.649] --> reply:textDocument/documentSymbol(1812) 0 ms
I[11:30:26.649] --> reply:textDocument/documentSymbol(1813) 0 ms
I[11:30:26.649] --> textDocument/clangd.fileStatus
I[11:30:26.941] <-- textDocument/signatureHelp(1814)
I[11:30:26.945] --> reply:textDocument/signatureHelp(1814) 3 ms
I[11:30:27.071] <-- textDocument/codeAction(1815)
I[11:30:27.071] --> reply:textDocument/codeAction(1815) 0 ms
I[11:30:27.072] --> textDocument/clangd.fileStatus
I[11:30:27.099] <-- textDocument/inlayHint(1816)
I[11:30:27.099] --> reply:textDocument/inlayHint(1816) 0 ms
I[11:30:27.100] --> textDocument/clangd.fileStatus
I[11:30:27.299] <-- textDocument/documentLink(1817)
I[11:30:27.299] --> reply:textDocument/documentLink(1817) 0 ms
I[11:30:27.299] --> textDocument/clangd.fileStatus
I[11:30:27.621] <-- textDocument/didChange
I[11:30:27.621] --> textDocument/clangd.fileStatus
I[11:30:27.647] <-- textDocument/inlayHint(1818)
I[11:30:27.647] Failed to find compilation database for /home/david/Documentos/prueba_OS/RepasoExamen/311.c
I[11:30:27.647] ASTWorker building file /home/david/Documentos/prueba_OS/RepasoExamen/311.c version 443 with command clangd fallback
[/home/david/Documentos/prueba_OS/RepasoExamen]
/usr/bin/clang -resource-dir=/home/david/.vscode-oss/extensions/kylinideteam.kylin-clangd-0.4.0-linux-x64/res/clangd/lib/clang/21 -- /home/david/Documentos/prueba_OS/RepasoExamen/311.c
I[11:30:27.648] --> textDocument/clangd.fileStatus
I[11:30:27.653] --> textDocument/publishDiagnostics
I[11:30:27.653] --> textDocument/inactiveRegions
I[11:30:27.653] --> reply:textDocument/inlayHint(1818) 6 ms
I[11:30:27.653] --> textDocument/clangd.fileStatus
I[11:30:27.742] <-- textDocument/signatureHelp(1819)
I[11:30:27.745] --> reply:textDocument/signatureHelp(1819) 3 ms
I[11:30:27.822] <-- textDocument/foldingRange(1820)
I[11:30:27.822] --> reply:textDocument/foldingRange(1820) 0 ms
I[11:30:27.905] <-- textDocument/codeAction(1821)
I[11:30:27.906] --> reply:textDocument/codeAction(1821) 0 ms
I[11:30:27.906] --> textDocument/clangd.fileStatus
I[11:30:27.972] <-- textDocument/documentSymbol(1822)
I[11:30:27.972] <-- textDocument/documentSymbol(1823)
I[11:30:27.972] --> reply:textDocument/documentSymbol(1822) 0 ms
I[11:30:27.972] --> reply:textDocument/documentSymbol(1823) 0 ms
I[11:30:27.972] --> textDocument/clangd.fileStatus
I[11:30:28.422] <-- textDocument/inlayHint(1824)
I[11:30:28.422] --> reply:textDocument/inlayHint(1824) 0 ms
I[11:30:28.422] --> textDocument/clangd.fileStatus
I[11:30:28.622] <-- textDocument/documentLink(1825)
I[11:30:28.622] --> reply:textDocument/documentLink(1825) 0 ms
I[11:30:28.622] --> textDocument/clangd.fileStatus
I[11:30:30.021] <-- textDocument/didChange
I[11:30:30.021] --> textDocument/clangd.fileStatus
I[11:30:30.032] <-- textDocument/completion(1826)
I[11:30:30.037] Code complete: sema context Expression, query scopes [] (AnyScope=true), expected type <none>
I[11:30:30.037] Code complete: 3 results from Sema, 100 from Index, 0 matched, 0 from identifiers, 100 returned (incomplete).
I[11:30:30.038] --> reply:textDocument/completion(1826) 6 ms
I[11:30:30.052] <-- textDocument/inlayHint(1827)
I[11:30:30.052] Failed to find compilation database for /home/david/Documentos/prueba_OS/RepasoExamen/311.c
I[11:30:30.053] ASTWorker building file /home/david/Documentos/prueba_OS/RepasoExamen/311.c version 444 with command clangd fallback
[/home/david/Documentos/prueba_OS/RepasoExamen]
/usr/bin/clang -resource-dir=/home/david/.vscode-oss/extensions/kylinideteam.kylin-clangd-0.4.0-linux-x64/res/clangd/lib/clang/21 -- /home/david/Documentos/prueba_OS/RepasoExamen/311.c
I[11:30:30.053] --> textDocument/clangd.fileStatus
I[11:30:30.057] --> textDocument/publishDiagnostics
I[11:30:30.057] --> textDocument/inactiveRegions
I[11:30:30.057] --> reply:textDocument/inlayHint(1827) 4 ms
I[11:30:30.057] --> textDocument/clangd.fileStatus
I[11:30:30.142] <-- textDocument/signatureHelp(1828)
I[11:30:30.146] --> reply:textDocument/signatureHelp(1828) 4 ms
I[11:30:30.221] <-- textDocument/foldingRange(1829)
I[11:30:30.222] --> reply:textDocument/foldingRange(1829) 0 ms
I[11:30:30.230] <-- textDocument/didChange
I[11:30:30.230] --> textDocument/clangd.fileStatus
I[11:30:30.230] <-- textDocument/completion(1830)
I[11:30:30.235] Code complete: sema context Expression, query scopes [] (AnyScope=true), expected type <none>
I[11:30:30.235] Code complete: 1 results from Sema, 8 from Index, 0 matched, 0 from identifiers, 9 returned (incomplete).
I[11:30:30.235] --> reply:textDocument/completion(1830) 4 ms
I[11:30:30.256] <-- textDocument/inlayHint(1831)
I[11:30:30.256] Failed to find compilation database for /home/david/Documentos/prueba_OS/RepasoExamen/311.c
I[11:30:30.256] ASTWorker building file /home/david/Documentos/prueba_OS/RepasoExamen/311.c version 445 with command clangd fallback
[/home/david/Documentos/prueba_OS/RepasoExamen]
/usr/bin/clang -resource-dir=/home/david/.vscode-oss/extensions/kylinideteam.kylin-clangd-0.4.0-linux-x64/res/clangd/lib/clang/21 -- /home/david/Documentos/prueba_OS/RepasoExamen/311.c
I[11:30:30.256] --> textDocument/clangd.fileStatus
I[11:30:30.260] --> textDocument/publishDiagnostics
I[11:30:30.260] --> textDocument/inactiveRegions
I[11:30:30.260] --> reply:textDocument/inlayHint(1831) 4 ms
I[11:30:30.260] --> textDocument/clangd.fileStatus
I[11:30:30.303] <-- textDocument/didChange
I[11:30:30.303] --> textDocument/clangd.fileStatus
I[11:30:30.304] <-- textDocument/completion(1832)
I[11:30:30.308] Code complete: sema context Expression, query scopes [] (AnyScope=true), expected type <none>
I[11:30:30.308] Code complete: 1 results from Sema, 3 from Index, 0 matched, 0 from identifiers, 4 returned.
I[11:30:30.308] --> reply:textDocument/completion(1832) 4 ms
I[11:30:30.329] <-- textDocument/inlayHint(1833)
I[11:30:30.329] Failed to find compilation database for /home/david/Documentos/prueba_OS/RepasoExamen/311.c
I[11:30:30.329] ASTWorker building file /home/david/Documentos/prueba_OS/RepasoExamen/311.c version 446 with command clangd fallback
[/home/david/Documentos/prueba_OS/RepasoExamen]
/usr/bin/clang -resource-dir=/home/david/.vscode-oss/extensions/kylinideteam.kylin-clangd-0.4.0-linux-x64/res/clangd/lib/clang/21 -- /home/david/Documentos/prueba_OS/RepasoExamen/311.c
I[11:30:30.330] --> textDocument/clangd.fileStatus
I[11:30:30.333] --> textDocument/publishDiagnostics
I[11:30:30.333] --> textDocument/inactiveRegions
I[11:30:30.333] --> reply:textDocument/inlayHint(1833) 4 ms
I[11:30:30.333] --> textDocument/clangd.fileStatus
I[11:30:30.424] <-- textDocument/signatureHelp(1834)
I[11:30:30.427] --> reply:textDocument/signatureHelp(1834) 2 ms
I[11:30:30.504] <-- textDocument/foldingRange(1835)
I[11:30:30.504] --> reply:textDocument/foldingRange(1835) 0 ms
I[11:30:30.585] <-- textDocument/codeAction(1836)
I[11:30:30.585] --> reply:textDocument/codeAction(1836) 0 ms
I[11:30:30.585] --> textDocument/clangd.fileStatus
I[11:30:30.654] <-- textDocument/documentSymbol(1837)
I[11:30:30.654] <-- textDocument/documentSymbol(1838)
I[11:30:30.654] --> reply:textDocument/documentSymbol(1837) 0 ms
I[11:30:30.654] --> reply:textDocument/documentSymbol(1838) 0 ms
I[11:30:30.654] --> textDocument/clangd.fileStatus
I[11:30:30.689] <-- textDocument/didChange
I[11:30:30.689] --> textDocument/clangd.fileStatus
I[11:30:30.715] <-- textDocument/inlayHint(1839)
I[11:30:30.715] Failed to find compilation database for /home/david/Documentos/prueba_OS/RepasoExamen/311.c
I[11:30:30.716] ASTWorker building file /home/david/Documentos/prueba_OS/RepasoExamen/311.c version 447 with command clangd fallback
[/home/david/Documentos/prueba_OS/RepasoExamen]
/usr/bin/clang -resource-dir=/home/david/.vscode-oss/extensions/kylinideteam.kylin-clangd-0.4.0-linux-x64/res/clangd/lib/clang/21 -- /home/david/Documentos/prueba_OS/RepasoExamen/311.c
I[11:30:30.716] --> textDocument/clangd.fileStatus
I[11:30:30.716] --> reply:textDocument/inlayHint(1839) 0 ms
I[11:30:30.716] --> textDocument/clangd.fileStatus
I[11:30:30.716] --> textDocument/clangd.fileStatus
I[11:30:30.716] --> textDocument/clangd.fileStatus
I[11:30:30.810] <-- textDocument/signatureHelp(1840)
I[11:30:30.814] --> reply:textDocument/signatureHelp(1840) 3 ms
I[11:30:30.890] <-- textDocument/foldingRange(1841)
I[11:30:30.891] --> reply:textDocument/foldingRange(1841) 0 ms
I[11:30:31.040] <-- textDocument/documentSymbol(1842)
I[11:30:31.040] <-- textDocument/documentSymbol(1843)
I[11:30:31.040] --> reply:textDocument/documentSymbol(1842) 0 ms
I[11:30:31.040] --> reply:textDocument/documentSymbol(1843) 0 ms
I[11:30:31.040] --> textDocument/clangd.fileStatus
I[11:30:31.490] <-- textDocument/inlayHint(1844)
I[11:30:31.490] --> reply:textDocument/inlayHint(1844) 0 ms
I[11:30:31.491] --> textDocument/clangd.fileStatus
I[11:30:31.690] <-- textDocument/documentLink(1845)
I[11:30:31.690] --> reply:textDocument/documentLink(1845) 0 ms
I[11:30:31.690] --> textDocument/clangd.fileStatus
I[11:30:31.719] <-- textDocument/didChange
I[11:30:31.719] --> textDocument/clangd.fileStatus
I[11:30:31.744] <-- textDocument/inlayHint(1846)
I[11:30:31.744] Failed to find compilation database for /home/david/Documentos/prueba_OS/RepasoExamen/311.c
I[11:30:31.745] ASTWorker building file /home/david/Documentos/prueba_OS/RepasoExamen/311.c version 448 with command clangd fallback
[/home/david/Documentos/prueba_OS/RepasoExamen]
/usr/bin/clang -resource-dir=/home/david/.vscode-oss/extensions/kylinideteam.kylin-clangd-0.4.0-linux-x64/res/clangd/lib/clang/21 -- /home/david/Documentos/prueba_OS/RepasoExamen/311.c
I[11:30:31.745] --> textDocument/clangd.fileStatus
I[11:30:31.748] --> textDocument/publishDiagnostics
I[11:30:31.748] --> textDocument/inactiveRegions
I[11:30:31.749] --> reply:textDocument/inlayHint(1846) 4 ms
I[11:30:31.749] --> textDocument/clangd.fileStatus
I[11:30:31.840] <-- textDocument/signatureHelp(1847)
I[11:30:31.843] --> reply:textDocument/signatureHelp(1847) 3 ms
I[11:30:31.919] <-- textDocument/foldingRange(1848)
I[11:30:31.919] --> reply:textDocument/foldingRange(1848) 0 ms
I[11:30:32.002] <-- textDocument/codeAction(1849)
I[11:30:32.002] --> reply:textDocument/codeAction(1849) 0 ms
I[11:30:32.002] --> textDocument/clangd.fileStatus
I[11:30:32.069] <-- textDocument/documentSymbol(1850)
I[11:30:32.069] <-- textDocument/documentSymbol(1851)
I[11:30:32.069] --> reply:textDocument/documentSymbol(1850) 0 ms
I[11:30:32.069] --> reply:textDocument/documentSymbol(1851) 0 ms
I[11:30:32.070] --> textDocument/clangd.fileStatus
I[11:30:32.520] <-- textDocument/inlayHint(1852)
I[11:30:32.520] --> reply:textDocument/inlayHint(1852) 0 ms
I[11:30:32.520] --> textDocument/clangd.fileStatus
I[11:30:32.719] <-- textDocument/documentLink(1853)
I[11:30:32.719] --> reply:textDocument/documentLink(1853) 0 ms
I[11:30:32.719] --> textDocument/clangd.fileStatus
I[11:31:23.014] <-- textDocument/hover(1854)
I[11:31:23.014] --> reply:textDocument/hover(1854) 0 ms
I[11:31:23.014] --> textDocument/clangd.fileStatus
I[11:31:23.515] <-- textDocument/hover(1855)
I[11:31:23.516] --> reply:textDocument/hover(1855) 0 ms
I[11:31:23.516] --> textDocument/clangd.fileStatus
I[11:31:23.657] <-- textDocument/documentHighlight(1856)
I[11:31:23.658] --> reply:textDocument/documentHighlight(1856) 0 ms
I[11:31:23.658] --> textDocument/clangd.fileStatus
I[11:31:23.857] <-- textDocument/codeAction(1857)
I[11:31:23.857] --> reply:textDocument/codeAction(1857) 0 ms
I[11:31:23.858] --> textDocument/clangd.fileStatus
I[11:31:24.309] <-- textDocument/hover(1858)
I[11:31:24.309] --> reply:textDocument/hover(1858) 0 ms
I[11:31:24.309] --> textDocument/clangd.fileStatus
I[11:31:24.442] <-- textDocument/documentHighlight(1859)
I[11:31:24.442] --> reply:textDocument/documentHighlight(1859) 0 ms
I[11:31:24.442] --> textDocument/clangd.fileStatus
I[11:31:24.641] <-- textDocument/codeAction(1860)
I[11:31:24.641] --> reply:textDocument/codeAction(1860) 0 ms
I[11:31:24.641] --> textDocument/clangd.fileStatus
I[11:31:26.926] <-- textDocument/didChange
I[11:31:26.926] --> textDocument/clangd.fileStatus
I[11:31:26.937] <-- textDocument/completion(1861)
I[11:31:26.940] Code complete: sema context Statement, query scopes [] (AnyScope=true), expected type <none>
I[11:31:26.941] Code complete: 0 results from Sema, 1 from Index, 0 matched, 0 from identifiers, 1 returned.
I[11:31:26.941] --> reply:textDocument/completion(1861) 3 ms
I[11:31:26.953] <-- textDocument/inlayHint(1862)
I[11:31:26.953] Failed to find compilation database for /home/david/Documentos/prueba_OS/RepasoExamen/311.c
I[11:31:26.953] ASTWorker building file /home/david/Documentos/prueba_OS/RepasoExamen/311.c version 449 with command clangd fallback
[/home/david/Documentos/prueba_OS/RepasoExamen]
/usr/bin/clang -resource-dir=/home/david/.vscode-oss/extensions/kylinideteam.kylin-clangd-0.4.0-linux-x64/res/clangd/lib/clang/21 -- /home/david/Documentos/prueba_OS/RepasoExamen/311.c
I[11:31:26.953] --> textDocument/clangd.fileStatus
I[11:31:26.957] --> textDocument/publishDiagnostics
I[11:31:26.957] --> textDocument/inactiveRegions
I[11:31:26.957] --> reply:textDocument/inlayHint(1862) 4 ms
I[11:31:26.958] --> textDocument/clangd.fileStatus
I[11:31:27.127] <-- textDocument/foldingRange(1863)
I[11:31:27.127] --> reply:textDocument/foldingRange(1863) 0 ms
I[11:31:27.183] <-- textDocument/didChange
I[11:31:27.184] --> textDocument/clangd.fileStatus
I[11:31:27.184] <-- textDocument/completion(1864)
I[11:31:27.188] Code complete: sema context Statement, query scopes [] (AnyScope=true), expected type <none>
I[11:31:27.188] Code complete: 0 results from Sema, 1 from Index, 0 matched, 0 from identifiers, 1 returned.
I[11:31:27.188] --> reply:textDocument/completion(1864) 4 ms
I[11:31:27.209] <-- textDocument/inlayHint(1865)
I[11:31:27.209] Failed to find compilation database for /home/david/Documentos/prueba_OS/RepasoExamen/311.c
I[11:31:27.210] ASTWorker building file /home/david/Documentos/prueba_OS/RepasoExamen/311.c version 450 with command clangd fallback
[/home/david/Documentos/prueba_OS/RepasoExamen]
/usr/bin/clang -resource-dir=/home/david/.vscode-oss/extensions/kylinideteam.kylin-clangd-0.4.0-linux-x64/res/clangd/lib/clang/21 -- /home/david/Documentos/prueba_OS/RepasoExamen/311.c
I[11:31:27.210] --> textDocument/clangd.fileStatus
I[11:31:27.214] --> textDocument/publishDiagnostics
I[11:31:27.214] --> textDocument/inactiveRegions
I[11:31:27.214] --> reply:textDocument/inlayHint(1865) 4 ms
I[11:31:27.214] --> textDocument/clangd.fileStatus
I[11:31:27.384] <-- textDocument/foldingRange(1866)
I[11:31:27.384] --> reply:textDocument/foldingRange(1866) 0 ms
I[11:31:27.466] <-- textDocument/codeAction(1867)
I[11:31:27.466] --> reply:textDocument/codeAction(1867) 0 ms
I[11:31:27.466] --> textDocument/clangd.fileStatus
I[11:31:27.535] <-- textDocument/documentSymbol(1868)
I[11:31:27.535] <-- textDocument/documentSymbol(1869)
I[11:31:27.535] --> reply:textDocument/documentSymbol(1868) 0 ms
I[11:31:27.535] --> reply:textDocument/documentSymbol(1869) 0 ms
I[11:31:27.535] --> textDocument/clangd.fileStatus
I[11:31:27.985] <-- textDocument/inlayHint(1870)
I[11:31:27.985] --> reply:textDocument/inlayHint(1870) 0 ms
I[11:31:27.985] --> textDocument/clangd.fileStatus
I[11:31:28.184] <-- textDocument/documentLink(1871)
I[11:31:28.185] --> reply:textDocument/documentLink(1871) 0 ms
I[11:31:28.185] --> textDocument/clangd.fileStatus
I[11:31:28.399] <-- textDocument/didChange
I[11:31:28.399] --> textDocument/clangd.fileStatus
I[11:31:28.426] <-- textDocument/inlayHint(1872)
I[11:31:28.426] Failed to find compilation database for /home/david/Documentos/prueba_OS/RepasoExamen/311.c
I[11:31:28.426] ASTWorker building file /home/david/Documentos/prueba_OS/RepasoExamen/311.c version 451 with command clangd fallback
[/home/david/Documentos/prueba_OS/RepasoExamen]
/usr/bin/clang -resource-dir=/home/david/.vscode-oss/extensions/kylinideteam.kylin-clangd-0.4.0-linux-x64/res/clangd/lib/clang/21 -- /home/david/Documentos/prueba_OS/RepasoExamen/311.c
I[11:31:28.427] --> textDocument/clangd.fileStatus
I[11:31:28.430] --> textDocument/publishDiagnostics
I[11:31:28.430] --> textDocument/inactiveRegions
I[11:31:28.430] --> reply:textDocument/inlayHint(1872) 4 ms
I[11:31:28.430] --> textDocument/clangd.fileStatus
I[11:31:28.601] <-- textDocument/foldingRange(1873)
I[11:31:28.601] --> reply:textDocument/foldingRange(1873) 0 ms
I[11:31:28.682] <-- textDocument/codeAction(1874)
I[11:31:28.683] --> reply:textDocument/codeAction(1874) 0 ms
I[11:31:28.683] --> textDocument/clangd.fileStatus
I[11:31:28.751] <-- textDocument/documentSymbol(1875)
I[11:31:28.751] <-- textDocument/documentSymbol(1876)
I[11:31:28.751] --> reply:textDocument/documentSymbol(1875) 0 ms
I[11:31:28.751] --> reply:textDocument/documentSymbol(1876) 0 ms
I[11:31:28.751] --> textDocument/clangd.fileStatus
I[11:31:28.970] <-- textDocument/documentHighlight(1877)
I[11:31:28.970] --> reply:textDocument/documentHighlight(1877) 0 ms
I[11:31:28.970] --> textDocument/clangd.fileStatus
I[11:31:29.201] <-- textDocument/inlayHint(1878)
I[11:31:29.201] --> reply:textDocument/inlayHint(1878) 0 ms
I[11:31:29.201] --> textDocument/clangd.fileStatus
I[11:31:29.205] <-- textDocument/documentHighlight(1879)
I[11:31:29.205] --> reply:textDocument/documentHighlight(1879) 0 ms
I[11:31:29.205] --> textDocument/clangd.fileStatus
I[11:31:29.391] <-- textDocument/documentHighlight(1880)
I[11:31:29.391] --> reply:textDocument/documentHighlight(1880) 0 ms
I[11:31:29.391] --> textDocument/clangd.fileStatus
I[11:31:29.400] <-- textDocument/documentLink(1881)
I[11:31:29.401] --> reply:textDocument/documentLink(1881) 0 ms
I[11:31:29.401] --> textDocument/clangd.fileStatus
I[11:31:29.539] <-- textDocument/documentHighlight(1882)
I[11:31:29.539] --> reply:textDocument/documentHighlight(1882) 0 ms
I[11:31:29.539] --> textDocument/clangd.fileStatus
I[11:31:29.718] <-- textDocument/documentHighlight(1883)
I[11:31:29.718] --> reply:textDocument/documentHighlight(1883) 0 ms
I[11:31:29.718] --> textDocument/clangd.fileStatus
I[11:31:29.861] <-- textDocument/didChange
I[11:31:29.861] --> textDocument/clangd.fileStatus
I[11:31:29.887] <-- textDocument/inlayHint(1884)
I[11:31:29.887] Failed to find compilation database for /home/david/Documentos/prueba_OS/RepasoExamen/311.c
I[11:31:29.887] ASTWorker building file /home/david/Documentos/prueba_OS/RepasoExamen/311.c version 452 with command clangd fallback
[/home/david/Documentos/prueba_OS/RepasoExamen]
/usr/bin/clang -resource-dir=/home/david/.vscode-oss/extensions/kylinideteam.kylin-clangd-0.4.0-linux-x64/res/clangd/lib/clang/21 -- /home/david/Documentos/prueba_OS/RepasoExamen/311.c
I[11:31:29.888] --> textDocument/clangd.fileStatus
I[11:31:29.893] --> textDocument/publishDiagnostics
I[11:31:29.893] --> textDocument/inactiveRegions
I[11:31:29.893] --> reply:textDocument/inlayHint(1884) 6 ms
I[11:31:29.893] --> textDocument/clangd.fileStatus
I[11:31:30.023] <-- textDocument/didChange
I[11:31:30.023] --> textDocument/clangd.fileStatus
I[11:31:30.049] <-- textDocument/inlayHint(1885)
I[11:31:30.049] Failed to find compilation database for /home/david/Documentos/prueba_OS/RepasoExamen/311.c
I[11:31:30.049] ASTWorker building file /home/david/Documentos/prueba_OS/RepasoExamen/311.c version 453 with command clangd fallback
[/home/david/Documentos/prueba_OS/RepasoExamen]
/usr/bin/clang -resource-dir=/home/david/.vscode-oss/extensions/kylinideteam.kylin-clangd-0.4.0-linux-x64/res/clangd/lib/clang/21 -- /home/david/Documentos/prueba_OS/RepasoExamen/311.c
I[11:31:30.050] --> textDocument/clangd.fileStatus
I[11:31:30.055] --> textDocument/publishDiagnostics
I[11:31:30.055] --> textDocument/inactiveRegions
I[11:31:30.055] --> reply:textDocument/inlayHint(1885) 6 ms
I[11:31:30.055] --> textDocument/clangd.fileStatus
I[11:31:30.173] <-- textDocument/didChange
I[11:31:30.173] --> textDocument/clangd.fileStatus
I[11:31:30.199] <-- textDocument/inlayHint(1886)
I[11:31:30.199] Failed to find compilation database for /home/david/Documentos/prueba_OS/RepasoExamen/311.c
I[11:31:30.199] ASTWorker building file /home/david/Documentos/prueba_OS/RepasoExamen/311.c version 454 with command clangd fallback
[/home/david/Documentos/prueba_OS/RepasoExamen]
/usr/bin/clang -resource-dir=/home/david/.vscode-oss/extensions/kylinideteam.kylin-clangd-0.4.0-linux-x64/res/clangd/lib/clang/21 -- /home/david/Documentos/prueba_OS/RepasoExamen/311.c
I[11:31:30.200] --> textDocument/clangd.fileStatus
I[11:31:30.204] --> textDocument/publishDiagnostics
I[11:31:30.204] --> textDocument/inactiveRegions
I[11:31:30.204] --> reply:textDocument/inlayHint(1886) 4 ms
I[11:31:30.204] --> textDocument/clangd.fileStatus
I[11:31:30.374] <-- textDocument/foldingRange(1887)
I[11:31:30.374] --> reply:textDocument/foldingRange(1887) 0 ms
I[11:31:30.379] <-- textDocument/didChange
I[11:31:30.379] --> textDocument/clangd.fileStatus
I[11:31:30.404] <-- textDocument/inlayHint(1888)
I[11:31:30.404] Failed to find compilation database for /home/david/Documentos/prueba_OS/RepasoExamen/311.c
I[11:31:30.404] ASTWorker building file /home/david/Documentos/prueba_OS/RepasoExamen/311.c version 455 with command clangd fallback
[/home/david/Documentos/prueba_OS/RepasoExamen]
/usr/bin/clang -resource-dir=/home/david/.vscode-oss/extensions/kylinideteam.kylin-clangd-0.4.0-linux-x64/res/clangd/lib/clang/21 -- /home/david/Documentos/prueba_OS/RepasoExamen/311.c
I[11:31:30.405] --> textDocument/clangd.fileStatus
I[11:31:30.408] --> textDocument/publishDiagnostics
I[11:31:30.408] --> textDocument/inactiveRegions
I[11:31:30.409] --> reply:textDocument/inlayHint(1888) 4 ms
I[11:31:30.409] --> textDocument/clangd.fileStatus
I[11:31:30.579] <-- textDocument/foldingRange(1889)
I[11:31:30.580] --> reply:textDocument/foldingRange(1889) 0 ms
I[11:31:30.661] <-- textDocument/codeAction(1890)
I[11:31:30.661] --> reply:textDocument/codeAction(1890) 0 ms
I[11:31:30.661] --> textDocument/clangd.fileStatus
I[11:31:30.729] <-- textDocument/documentSymbol(1891)
I[11:31:30.729] <-- textDocument/documentSymbol(1892)
I[11:31:30.730] --> reply:textDocument/documentSymbol(1891) 0 ms
I[11:31:30.730] --> reply:textDocument/documentSymbol(1892) 0 ms
I[11:31:30.730] --> textDocument/clangd.fileStatus
I[11:31:31.125] <-- textDocument/didChange
I[11:31:31.125] --> textDocument/clangd.fileStatus
I[11:31:31.135] <-- textDocument/completion(1893)
I[11:31:31.140] Code complete: sema context Expression, query scopes [] (AnyScope=true), expected type <none>
I[11:31:31.140] Code complete: 3 results from Sema, 100 from Index, 0 matched, 0 from identifiers, 100 returned (incomplete).
I[11:31:31.142] --> reply:textDocument/completion(1893) 6 ms
I[11:31:31.155] <-- textDocument/inlayHint(1894)
I[11:31:31.155] Failed to find compilation database for /home/david/Documentos/prueba_OS/RepasoExamen/311.c
I[11:31:31.155] ASTWorker building file /home/david/Documentos/prueba_OS/RepasoExamen/311.c version 456 with command clangd fallback
[/home/david/Documentos/prueba_OS/RepasoExamen]
/usr/bin/clang -resource-dir=/home/david/.vscode-oss/extensions/kylinideteam.kylin-clangd-0.4.0-linux-x64/res/clangd/lib/clang/21 -- /home/david/Documentos/prueba_OS/RepasoExamen/311.c
I[11:31:31.156] --> textDocument/clangd.fileStatus
I[11:31:31.160] --> textDocument/publishDiagnostics
I[11:31:31.160] --> textDocument/inactiveRegions
I[11:31:31.160] --> reply:textDocument/inlayHint(1894) 5 ms
I[11:31:31.160] --> textDocument/clangd.fileStatus
I[11:31:31.325] <-- textDocument/foldingRange(1895)
I[11:31:31.325] --> reply:textDocument/foldingRange(1895) 0 ms
I[11:31:31.342] <-- textDocument/didChange
I[11:31:31.342] --> textDocument/clangd.fileStatus
I[11:31:31.342] <-- textDocument/completion(1896)
I[11:31:31.346] Code complete: sema context Expression, query scopes [] (AnyScope=true), expected type <none>
I[11:31:31.346] Code complete: 1 results from Sema, 8 from Index, 0 matched, 0 from identifiers, 9 returned (incomplete).
I[11:31:31.346] --> reply:textDocument/completion(1896) 4 ms
I[11:31:31.368] <-- textDocument/inlayHint(1897)
I[11:31:31.368] Failed to find compilation database for /home/david/Documentos/prueba_OS/RepasoExamen/311.c
I[11:31:31.368] ASTWorker building file /home/david/Documentos/prueba_OS/RepasoExamen/311.c version 457 with command clangd fallback
[/home/david/Documentos/prueba_OS/RepasoExamen]
/usr/bin/clang -resource-dir=/home/david/.vscode-oss/extensions/kylinideteam.kylin-clangd-0.4.0-linux-x64/res/clangd/lib/clang/21 -- /home/david/Documentos/prueba_OS/RepasoExamen/311.c
I[11:31:31.369] --> textDocument/clangd.fileStatus
I[11:31:31.372] --> textDocument/publishDiagnostics
I[11:31:31.372] --> textDocument/inactiveRegions
I[11:31:31.372] --> reply:textDocument/inlayHint(1897) 4 ms
I[11:31:31.372] --> textDocument/clangd.fileStatus
I[11:31:31.406] <-- textDocument/didChange
I[11:31:31.406] --> textDocument/clangd.fileStatus
I[11:31:31.406] <-- textDocument/completion(1898)
I[11:31:31.410] Code complete: sema context Expression, query scopes [] (AnyScope=true), expected type <none>
I[11:31:31.410] Code complete: 1 results from Sema, 3 from Index, 0 matched, 0 from identifiers, 4 returned.
I[11:31:31.410] --> reply:textDocument/completion(1898) 3 ms
I[11:31:31.432] <-- textDocument/inlayHint(1899)
I[11:31:31.432] Failed to find compilation database for /home/david/Documentos/prueba_OS/RepasoExamen/311.c
I[11:31:31.432] ASTWorker building file /home/david/Documentos/prueba_OS/RepasoExamen/311.c version 458 with command clangd fallback
[/home/david/Documentos/prueba_OS/RepasoExamen]
/usr/bin/clang -resource-dir=/home/david/.vscode-oss/extensions/kylinideteam.kylin-clangd-0.4.0-linux-x64/res/clangd/lib/clang/21 -- /home/david/Documentos/prueba_OS/RepasoExamen/311.c
I[11:31:31.433] --> textDocument/clangd.fileStatus
I[11:31:31.436] --> textDocument/publishDiagnostics
I[11:31:31.436] --> textDocument/inactiveRegions
I[11:31:31.436] --> reply:textDocument/inlayHint(1899) 4 ms
I[11:31:31.436] --> textDocument/clangd.fileStatus
I[11:31:31.606] <-- textDocument/foldingRange(1900)
I[11:31:31.607] --> reply:textDocument/foldingRange(1900) 0 ms
I[11:31:31.688] <-- textDocument/codeAction(1901)
I[11:31:31.688] --> reply:textDocument/codeAction(1901) 0 ms
I[11:31:31.688] --> textDocument/clangd.fileStatus
I[11:31:31.726] <-- textDocument/didChange
I[11:31:31.726] --> textDocument/clangd.fileStatus
I[11:31:31.753] <-- textDocument/inlayHint(1902)
I[11:31:31.753] Failed to find compilation database for /home/david/Documentos/prueba_OS/RepasoExamen/311.c
I[11:31:31.753] ASTWorker building file /home/david/Documentos/prueba_OS/RepasoExamen/311.c version 459 with command clangd fallback
[/home/david/Documentos/prueba_OS/RepasoExamen]
/usr/bin/clang -resource-dir=/home/david/.vscode-oss/extensions/kylinideteam.kylin-clangd-0.4.0-linux-x64/res/clangd/lib/clang/21 -- /home/david/Documentos/prueba_OS/RepasoExamen/311.c
I[11:31:31.753] --> reply:textDocument/inlayHint(1902) 0 ms
I[11:31:31.753] --> textDocument/clangd.fileStatus
I[11:31:31.753] --> textDocument/clangd.fileStatus
I[11:31:31.753] --> textDocument/clangd.fileStatus
I[11:31:31.754] --> textDocument/clangd.fileStatus
I[11:31:31.757] <-- textDocument/documentSymbol(1903)
I[11:31:31.757] --> reply:textDocument/documentSymbol(1903) 0 ms
I[11:31:31.757] --> textDocument/clangd.fileStatus
I[11:31:31.928] <-- textDocument/foldingRange(1904)
I[11:31:31.928] --> reply:textDocument/foldingRange(1904) 0 ms
I[11:31:32.077] <-- textDocument/documentSymbol(1905)
I[11:31:32.077] <-- textDocument/documentSymbol(1906)
I[11:31:32.078] --> reply:textDocument/documentSymbol(1905) 0 ms
I[11:31:32.078] --> reply:textDocument/documentSymbol(1906) 0 ms
I[11:31:32.078] --> textDocument/clangd.fileStatus
I[11:31:32.528] <-- textDocument/inlayHint(1907)
I[11:31:32.528] --> reply:textDocument/inlayHint(1907) 0 ms
I[11:31:32.528] --> textDocument/clangd.fileStatus
I[11:31:32.603] <-- textDocument/didChange
I[11:31:32.603] --> textDocument/clangd.fileStatus
I[11:31:32.629] <-- textDocument/inlayHint(1908)
I[11:31:32.629] Failed to find compilation database for /home/david/Documentos/prueba_OS/RepasoExamen/311.c
I[11:31:32.629] ASTWorker building file /home/david/Documentos/prueba_OS/RepasoExamen/311.c version 460 with command clangd fallback
[/home/david/Documentos/prueba_OS/RepasoExamen]
/usr/bin/clang -resource-dir=/home/david/.vscode-oss/extensions/kylinideteam.kylin-clangd-0.4.0-linux-x64/res/clangd/lib/clang/21 -- /home/david/Documentos/prueba_OS/RepasoExamen/311.c
I[11:31:32.629] --> textDocument/clangd.fileStatus
I[11:31:32.633] --> textDocument/publishDiagnostics
I[11:31:32.633] --> textDocument/inactiveRegions
I[11:31:32.633] --> reply:textDocument/inlayHint(1908) 4 ms
I[11:31:32.633] --> textDocument/clangd.fileStatus
I[11:31:32.724] <-- textDocument/signatureHelp(1909)
I[11:31:32.727] --> reply:textDocument/signatureHelp(1909) 3 ms
I[11:31:32.803] <-- textDocument/foldingRange(1910)
I[11:31:32.804] --> reply:textDocument/foldingRange(1910) 0 ms
I[11:31:32.887] <-- textDocument/codeAction(1911)
I[11:31:32.887] --> reply:textDocument/codeAction(1911) 0 ms
I[11:31:32.887] --> textDocument/clangd.fileStatus
I[11:31:32.953] <-- textDocument/documentSymbol(1912)
I[11:31:32.953] <-- textDocument/documentSymbol(1913)
I[11:31:32.954] --> reply:textDocument/documentSymbol(1912) 0 ms
I[11:31:32.954] --> reply:textDocument/documentSymbol(1913) 0 ms
I[11:31:32.954] --> textDocument/clangd.fileStatus
I[11:31:33.404] <-- textDocument/inlayHint(1914)
I[11:31:33.404] --> reply:textDocument/inlayHint(1914) 0 ms
I[11:31:33.404] --> textDocument/clangd.fileStatus
I[11:31:33.604] <-- textDocument/documentLink(1915)
I[11:31:33.604] --> reply:textDocument/documentLink(1915) 0 ms
I[11:31:33.604] --> textDocument/clangd.fileStatus
I[11:31:33.865] <-- textDocument/didChange
I[11:31:33.865] --> textDocument/clangd.fileStatus
I[11:31:33.876] <-- textDocument/completion(1916)
I[11:31:33.882] Code complete: sema context Expression, query scopes [] (AnyScope=true), expected type <none>
I[11:31:33.882] Code complete: 2 results from Sema, 100 from Index, 0 matched, 0 from identifiers, 100 returned (incomplete).
I[11:31:33.884] --> reply:textDocument/completion(1916) 7 ms
I[11:31:33.893] <-- textDocument/inlayHint(1917)
I[11:31:33.894] Failed to find compilation database for /home/david/Documentos/prueba_OS/RepasoExamen/311.c
I[11:31:33.894] ASTWorker building file /home/david/Documentos/prueba_OS/RepasoExamen/311.c version 461 with command clangd fallback
[/home/david/Documentos/prueba_OS/RepasoExamen]
/usr/bin/clang -resource-dir=/home/david/.vscode-oss/extensions/kylinideteam.kylin-clangd-0.4.0-linux-x64/res/clangd/lib/clang/21 -- /home/david/Documentos/prueba_OS/RepasoExamen/311.c
I[11:31:33.894] --> textDocument/clangd.fileStatus
I[11:31:33.898] --> textDocument/publishDiagnostics
I[11:31:33.898] --> textDocument/inactiveRegions
I[11:31:33.898] --> reply:textDocument/inlayHint(1917) 5 ms
I[11:31:33.898] --> textDocument/clangd.fileStatus
I[11:31:33.987] <-- textDocument/signatureHelp(1918)
I[11:31:33.990] --> reply:textDocument/signatureHelp(1918) 3 ms
I[11:31:34.066] <-- textDocument/foldingRange(1919)
I[11:31:34.066] --> reply:textDocument/foldingRange(1919) 0 ms
I[11:31:34.086] <-- textDocument/didChange
I[11:31:34.086] --> textDocument/clangd.fileStatus
I[11:31:34.087] <-- textDocument/completion(1920)
I[11:31:34.091] Code complete: sema context Expression, query scopes [] (AnyScope=true), expected type <none>
I[11:31:34.091] Code complete: 1 results from Sema, 80 from Index, 0 matched, 0 from identifiers, 81 returned (incomplete).
I[11:31:34.092] --> reply:textDocument/completion(1920) 5 ms
I[11:31:34.112] <-- textDocument/inlayHint(1921)
I[11:31:34.113] Failed to find compilation database for /home/david/Documentos/prueba_OS/RepasoExamen/311.c
I[11:31:34.113] ASTWorker building file /home/david/Documentos/prueba_OS/RepasoExamen/311.c version 462 with command clangd fallback
[/home/david/Documentos/prueba_OS/RepasoExamen]
/usr/bin/clang -resource-dir=/home/david/.vscode-oss/extensions/kylinideteam.kylin-clangd-0.4.0-linux-x64/res/clangd/lib/clang/21 -- /home/david/Documentos/prueba_OS/RepasoExamen/311.c
I[11:31:34.113] --> textDocument/clangd.fileStatus
I[11:31:34.117] --> textDocument/publishDiagnostics
I[11:31:34.117] --> textDocument/inactiveRegions
I[11:31:34.117] --> reply:textDocument/inlayHint(1921) 4 ms
I[11:31:34.117] --> textDocument/clangd.fileStatus
I[11:31:34.208] <-- textDocument/signatureHelp(1922)
I[11:31:34.210] --> reply:textDocument/signatureHelp(1922) 2 ms
I[11:31:34.231] <-- textDocument/didChange
I[11:31:34.231] --> textDocument/clangd.fileStatus
I[11:31:34.232] <-- textDocument/completion(1923)
I[11:31:34.236] Code complete: sema context Expression, query scopes [] (AnyScope=true), expected type <none>
I[11:31:34.236] Code complete: 1 results from Sema, 8 from Index, 0 matched, 0 from identifiers, 9 returned.
I[11:31:34.236] --> reply:textDocument/completion(1923) 4 ms
I[11:31:34.257] <-- textDocument/inlayHint(1924)
I[11:31:34.257] Failed to find compilation database for /home/david/Documentos/prueba_OS/RepasoExamen/311.c
I[11:31:34.257] ASTWorker building file /home/david/Documentos/prueba_OS/RepasoExamen/311.c version 463 with command clangd fallback
[/home/david/Documentos/prueba_OS/RepasoExamen]
/usr/bin/clang -resource-dir=/home/david/.vscode-oss/extensions/kylinideteam.kylin-clangd-0.4.0-linux-x64/res/clangd/lib/clang/21 -- /home/david/Documentos/prueba_OS/RepasoExamen/311.c
I[11:31:34.258] --> textDocument/clangd.fileStatus
I[11:31:34.262] --> textDocument/publishDiagnostics
I[11:31:34.262] --> textDocument/inactiveRegions
I[11:31:34.262] --> reply:textDocument/inlayHint(1924) 4 ms
I[11:31:34.262] --> textDocument/clangd.fileStatus
I[11:31:34.352] <-- textDocument/signatureHelp(1925)
I[11:31:34.355] --> reply:textDocument/signatureHelp(1925) 3 ms
I[11:31:34.432] <-- textDocument/foldingRange(1926)
I[11:31:34.432] --> reply:textDocument/foldingRange(1926) 0 ms
I[11:31:34.457] <-- textDocument/didChange
I[11:31:34.457] --> textDocument/clangd.fileStatus
I[11:31:34.458] <-- textDocument/completion(1927)
I[11:31:34.462] Code complete: sema context Expression, query scopes [] (AnyScope=true), expected type <none>
I[11:31:34.462] Code complete: 2 results from Sema, 6 from Index, 1 matched, 0 from identifiers, 7 returned.
I[11:31:34.462] --> reply:textDocument/completion(1927) 4 ms
I[11:31:34.483] <-- textDocument/inlayHint(1928)
I[11:31:34.483] Failed to find compilation database for /home/david/Documentos/prueba_OS/RepasoExamen/311.c
I[11:31:34.483] ASTWorker building file /home/david/Documentos/prueba_OS/RepasoExamen/311.c version 464 with command clangd fallback
[/home/david/Documentos/prueba_OS/RepasoExamen]
/usr/bin/clang -resource-dir=/home/david/.vscode-oss/extensions/kylinideteam.kylin-clangd-0.4.0-linux-x64/res/clangd/lib/clang/21 -- /home/david/Documentos/prueba_OS/RepasoExamen/311.c
I[11:31:34.484] --> textDocument/clangd.fileStatus
I[11:31:34.488] --> textDocument/publishDiagnostics
I[11:31:34.488] --> textDocument/inactiveRegions
I[11:31:34.488] --> reply:textDocument/inlayHint(1928) 4 ms
I[11:31:34.488] --> textDocument/clangd.fileStatus
I[11:31:34.578] <-- textDocument/signatureHelp(1929)
I[11:31:34.581] --> reply:textDocument/signatureHelp(1929) 2 ms
I[11:31:34.658] <-- textDocument/foldingRange(1930)
I[11:31:34.658] --> reply:textDocument/foldingRange(1930) 0 ms
I[11:31:34.742] <-- textDocument/codeAction(1931)
I[11:31:34.742] --> reply:textDocument/codeAction(1931) 0 ms
I[11:31:34.742] --> textDocument/clangd.fileStatus
I[11:31:34.808] <-- textDocument/documentSymbol(1932)
I[11:31:34.808] <-- textDocument/documentSymbol(1933)
I[11:31:34.808] --> reply:textDocument/documentSymbol(1932) 0 ms
I[11:31:34.808] --> reply:textDocument/documentSymbol(1933) 0 ms
I[11:31:34.808] --> textDocument/clangd.fileStatus
I[11:31:34.865] <-- textDocument/didChange
I[11:31:34.865] --> textDocument/clangd.fileStatus
I[11:31:34.891] <-- textDocument/inlayHint(1934)
I[11:31:34.891] Failed to find compilation database for /home/david/Documentos/prueba_OS/RepasoExamen/311.c
I[11:31:34.892] ASTWorker building file /home/david/Documentos/prueba_OS/RepasoExamen/311.c version 465 with command clangd fallback
[/home/david/Documentos/prueba_OS/RepasoExamen]
/usr/bin/clang -resource-dir=/home/david/.vscode-oss/extensions/kylinideteam.kylin-clangd-0.4.0-linux-x64/res/clangd/lib/clang/21 -- /home/david/Documentos/prueba_OS/RepasoExamen/311.c
I[11:31:34.892] --> textDocument/clangd.fileStatus
I[11:31:34.896] --> textDocument/publishDiagnostics
I[11:31:34.896] --> textDocument/inactiveRegions
I[11:31:34.896] --> reply:textDocument/inlayHint(1934) 4 ms
I[11:31:34.896] --> textDocument/clangd.fileStatus
I[11:31:34.986] <-- textDocument/signatureHelp(1935)
I[11:31:34.990] --> reply:textDocument/signatureHelp(1935) 3 ms
I[11:31:35.066] <-- textDocument/foldingRange(1936)
I[11:31:35.067] --> reply:textDocument/foldingRange(1936) 0 ms
I[11:31:35.148] <-- textDocument/codeAction(1937)
I[11:31:35.148] --> reply:textDocument/codeAction(1937) 0 ms
I[11:31:35.148] --> textDocument/clangd.fileStatus
I[11:31:35.216] <-- textDocument/documentSymbol(1938)
I[11:31:35.216] <-- textDocument/documentSymbol(1939)
I[11:31:35.216] --> reply:textDocument/documentSymbol(1938) 0 ms
I[11:31:35.216] --> reply:textDocument/documentSymbol(1939) 0 ms
I[11:31:35.216] --> textDocument/clangd.fileStatus
I[11:31:35.242] <-- textDocument/documentHighlight(1940)
I[11:31:35.243] --> reply:textDocument/documentHighlight(1940) 0 ms
I[11:31:35.243] --> textDocument/clangd.fileStatus
I[11:31:35.313] <-- textDocument/signatureHelp(1941)
I[11:31:35.315] --> reply:textDocument/signatureHelp(1941) 2 ms
I[11:31:35.442] <-- textDocument/codeAction(1942)
I[11:31:35.443] --> reply:textDocument/codeAction(1942) 0 ms
I[11:31:35.443] --> textDocument/clangd.fileStatus
I[11:31:35.666] <-- textDocument/inlayHint(1943)
I[11:31:35.667] --> reply:textDocument/inlayHint(1943) 0 ms
I[11:31:35.667] --> textDocument/clangd.fileStatus
I[11:31:35.780] <-- textDocument/signatureHelp(1944)
I[11:31:35.783] --> reply:textDocument/signatureHelp(1944) 2 ms
I[11:31:35.866] <-- textDocument/documentLink(1945)
I[11:31:35.866] --> reply:textDocument/documentLink(1945) 0 ms
I[11:31:35.866] --> textDocument/clangd.fileStatus
I[11:31:35.973] <-- textDocument/signatureHelp(1946)
I[11:31:35.977] --> reply:textDocument/signatureHelp(1946) 3 ms
I[11:31:36.142] <-- textDocument/signatureHelp(1947)
I[11:31:36.146] --> reply:textDocument/signatureHelp(1947) 3 ms
I[11:31:36.304] <-- textDocument/signatureHelp(1948)
I[11:31:36.307] --> reply:textDocument/signatureHelp(1948) 2 ms
I[11:31:36.490] <-- textDocument/signatureHelp(1949)
I[11:31:36.493] --> reply:textDocument/signatureHelp(1949) 2 ms
I[11:31:36.620] <-- textDocument/codeAction(1950)
I[11:31:36.620] --> reply:textDocument/codeAction(1950) 0 ms
I[11:31:36.620] --> textDocument/clangd.fileStatus
I[11:31:37.247] <-- textDocument/didChange
I[11:31:37.247] --> textDocument/clangd.fileStatus
I[11:31:37.272] <-- textDocument/inlayHint(1951)
I[11:31:37.273] Failed to find compilation database for /home/david/Documentos/prueba_OS/RepasoExamen/311.c
I[11:31:37.273] ASTWorker building file /home/david/Documentos/prueba_OS/RepasoExamen/311.c version 466 with command clangd fallback
[/home/david/Documentos/prueba_OS/RepasoExamen]
/usr/bin/clang -resource-dir=/home/david/.vscode-oss/extensions/kylinideteam.kylin-clangd-0.4.0-linux-x64/res/clangd/lib/clang/21 -- /home/david/Documentos/prueba_OS/RepasoExamen/311.c
I[11:31:37.273] --> textDocument/clangd.fileStatus
I[11:31:37.277] --> textDocument/publishDiagnostics
I[11:31:37.277] --> textDocument/inactiveRegions
I[11:31:37.277] --> reply:textDocument/inlayHint(1951) 4 ms
I[11:31:37.277] --> textDocument/clangd.fileStatus
I[11:31:37.368] <-- textDocument/signatureHelp(1952)
I[11:31:37.370] --> reply:textDocument/signatureHelp(1952) 2 ms
I[11:31:37.447] <-- textDocument/foldingRange(1953)
I[11:31:37.447] --> reply:textDocument/foldingRange(1953) 0 ms
I[11:31:37.529] <-- textDocument/codeAction(1954)
I[11:31:37.529] --> reply:textDocument/codeAction(1954) 0 ms
I[11:31:37.529] --> textDocument/clangd.fileStatus
I[11:31:37.597] <-- textDocument/documentSymbol(1955)
I[11:31:37.597] <-- textDocument/documentSymbol(1956)
I[11:31:37.598] --> reply:textDocument/documentSymbol(1955) 0 ms
I[11:31:37.598] --> reply:textDocument/documentSymbol(1956) 0 ms
I[11:31:37.598] --> textDocument/clangd.fileStatus
I[11:31:37.789] <-- textDocument/documentHighlight(1957)
I[11:31:37.789] --> reply:textDocument/documentHighlight(1957) 0 ms
I[11:31:37.789] --> textDocument/clangd.fileStatus
I[11:31:37.859] <-- textDocument/signatureHelp(1958)
I[11:31:37.862] --> reply:textDocument/signatureHelp(1958) 3 ms
I[11:31:38.020] <-- textDocument/signatureHelp(1959)
I[11:31:38.023] --> reply:textDocument/signatureHelp(1959) 2 ms
I[11:31:38.048] <-- textDocument/inlayHint(1960)
I[11:31:38.049] --> reply:textDocument/inlayHint(1960) 0 ms
I[11:31:38.049] --> textDocument/clangd.fileStatus
I[11:31:38.247] <-- textDocument/documentLink(1961)
I[11:31:38.247] --> reply:textDocument/documentLink(1961) 0 ms
I[11:31:38.247] --> textDocument/clangd.fileStatus
I[11:31:38.282] <-- textDocument/signatureHelp(1962)
I[11:31:38.286] --> reply:textDocument/signatureHelp(1962) 3 ms
I[11:31:38.609] <-- textDocument/signatureHelp(1963)
I[11:31:38.612] --> reply:textDocument/signatureHelp(1963) 3 ms
I[11:31:38.738] <-- textDocument/codeAction(1964)
I[11:31:38.739] --> reply:textDocument/codeAction(1964) 0 ms
I[11:31:38.739] --> textDocument/clangd.fileStatus
I[11:31:39.040] <-- textDocument/documentHighlight(1965)
I[11:31:39.040] --> reply:textDocument/documentHighlight(1965) 0 ms
I[11:31:39.040] --> textDocument/clangd.fileStatus
I[11:31:39.240] <-- textDocument/codeAction(1966)
I[11:31:39.240] --> reply:textDocument/codeAction(1966) 0 ms
I[11:31:39.240] --> textDocument/clangd.fileStatus
I[11:31:39.790] <-- textDocument/didChange
I[11:31:39.790] --> textDocument/clangd.fileStatus
I[11:31:39.815] <-- textDocument/inlayHint(1967)
I[11:31:39.815] Failed to find compilation database for /home/david/Documentos/prueba_OS/RepasoExamen/311.c
I[11:31:39.816] ASTWorker building file /home/david/Documentos/prueba_OS/RepasoExamen/311.c version 467 with command clangd fallback
[/home/david/Documentos/prueba_OS/RepasoExamen]
/usr/bin/clang -resource-dir=/home/david/.vscode-oss/extensions/kylinideteam.kylin-clangd-0.4.0-linux-x64/res/clangd/lib/clang/21 -- /home/david/Documentos/prueba_OS/RepasoExamen/311.c
I[11:31:39.816] --> textDocument/clangd.fileStatus
I[11:31:39.820] --> textDocument/publishDiagnostics
I[11:31:39.820] --> textDocument/inactiveRegions
I[11:31:39.820] --> reply:textDocument/inlayHint(1967) 5 ms
I[11:31:39.820] --> textDocument/clangd.fileStatus
I[11:31:39.911] <-- textDocument/signatureHelp(1968)
I[11:31:39.913] --> reply:textDocument/signatureHelp(1968) 2 ms
I[11:31:39.990] <-- textDocument/foldingRange(1969)
I[11:31:39.990] --> reply:textDocument/foldingRange(1969) 0 ms
I[11:31:40.075] <-- textDocument/codeAction(1970)
I[11:31:40.076] --> reply:textDocument/codeAction(1970) 0 ms
I[11:31:40.076] --> textDocument/clangd.fileStatus
I[11:31:40.106] <-- textDocument/didChange
I[11:31:40.106] --> textDocument/clangd.fileStatus
I[11:31:40.132] <-- textDocument/inlayHint(1971)
I[11:31:40.132] Failed to find compilation database for /home/david/Documentos/prueba_OS/RepasoExamen/311.c
I[11:31:40.132] ASTWorker building file /home/david/Documentos/prueba_OS/RepasoExamen/311.c version 468 with command clangd fallback
[/home/david/Documentos/prueba_OS/RepasoExamen]
/usr/bin/clang -resource-dir=/home/david/.vscode-oss/extensions/kylinideteam.kylin-clangd-0.4.0-linux-x64/res/clangd/lib/clang/21 -- /home/david/Documentos/prueba_OS/RepasoExamen/311.c
I[11:31:40.133] --> textDocument/clangd.fileStatus
I[11:31:40.136] --> textDocument/publishDiagnostics
I[11:31:40.136] --> textDocument/inactiveRegions
I[11:31:40.136] --> reply:textDocument/inlayHint(1971) 4 ms
I[11:31:40.137] --> textDocument/clangd.fileStatus
I[11:31:40.140] <-- textDocument/documentSymbol(1972)
I[11:31:40.140] --> reply:textDocument/documentSymbol(1972) 0 ms
I[11:31:40.140] --> textDocument/clangd.fileStatus
I[11:31:40.227] <-- textDocument/signatureHelp(1973)
I[11:31:40.230] --> reply:textDocument/signatureHelp(1973) 3 ms
I[11:31:40.307] <-- textDocument/foldingRange(1974)
I[11:31:40.307] --> reply:textDocument/foldingRange(1974) 0 ms
I[11:31:40.389] <-- textDocument/codeAction(1975)
I[11:31:40.389] --> reply:textDocument/codeAction(1975) 0 ms
I[11:31:40.389] --> textDocument/clangd.fileStatus
I[11:31:40.457] <-- textDocument/documentSymbol(1976)
I[11:31:40.457] <-- textDocument/documentSymbol(1977)
I[11:31:40.457] --> reply:textDocument/documentSymbol(1976) 0 ms
I[11:31:40.457] --> reply:textDocument/documentSymbol(1977) 0 ms
I[11:31:40.457] --> textDocument/clangd.fileStatus
I[11:31:40.907] <-- textDocument/inlayHint(1978)
I[11:31:40.907] --> reply:textDocument/inlayHint(1978) 0 ms
I[11:31:40.907] --> textDocument/clangd.fileStatus
I[11:31:41.108] <-- textDocument/documentLink(1979)
I[11:31:41.108] --> reply:textDocument/documentLink(1979) 0 ms
I[11:31:41.108] --> textDocument/clangd.fileStatus
I[11:31:41.412] <-- textDocument/hover(1980)
I[11:31:41.413] --> reply:textDocument/hover(1980) 0 ms
I[11:31:41.413] --> textDocument/clangd.fileStatus
I[11:31:41.570] <-- textDocument/documentHighlight(1981)
I[11:31:41.570] --> reply:textDocument/documentHighlight(1981) 0 ms
I[11:31:41.570] --> textDocument/clangd.fileStatus
I[11:31:41.770] <-- textDocument/codeAction(1982)
I[11:31:41.770] --> reply:textDocument/codeAction(1982) 0 ms
I[11:31:41.770] --> textDocument/clangd.fileStatus
I[11:31:42.306] <-- textDocument/hover(1983)
I[11:31:42.306] --> reply:textDocument/hover(1983) 0 ms
I[11:31:42.306] --> textDocument/clangd.fileStatus
I[11:31:42.588] <-- textDocument/codeAction(1984)
I[11:31:42.588] --> reply:textDocument/codeAction(1984) 0 ms
I[11:31:42.588] --> textDocument/clangd.fileStatus
I[11:31:46.641] <-- textDocument/didChange
I[11:31:46.641] --> textDocument/clangd.fileStatus
I[11:31:46.652] <-- textDocument/completion(1985)
I[11:31:46.657] Code complete: sema context Expression, query scopes [] (AnyScope=true), expected type <none>
I[11:31:46.658] Code complete: 1 results from Sema, 92 from Index, 1 matched, 0 from identifiers, 92 returned (incomplete).
I[11:31:46.659] --> reply:textDocument/completion(1985) 6 ms
I[11:31:46.673] <-- textDocument/inlayHint(1986)
I[11:31:46.673] Failed to find compilation database for /home/david/Documentos/prueba_OS/RepasoExamen/311.c
I[11:31:46.673] ASTWorker building file /home/david/Documentos/prueba_OS/RepasoExamen/311.c version 469 with command clangd fallback
[/home/david/Documentos/prueba_OS/RepasoExamen]
/usr/bin/clang -resource-dir=/home/david/.vscode-oss/extensions/kylinideteam.kylin-clangd-0.4.0-linux-x64/res/clangd/lib/clang/21 -- /home/david/Documentos/prueba_OS/RepasoExamen/311.c
I[11:31:46.673] --> textDocument/clangd.fileStatus
I[11:31:46.677] --> textDocument/publishDiagnostics
I[11:31:46.677] --> textDocument/inactiveRegions
I[11:31:46.677] --> reply:textDocument/inlayHint(1986) 4 ms
I[11:31:46.677] --> textDocument/clangd.fileStatus
I[11:31:46.841] <-- textDocument/foldingRange(1987)
I[11:31:46.842] --> reply:textDocument/foldingRange(1987) 0 ms
I[11:31:46.929] <-- textDocument/codeAction(1988)
I[11:31:46.930] --> reply:textDocument/codeAction(1988) 0 ms
I[11:31:46.930] --> textDocument/clangd.fileStatus
I[11:31:46.992] <-- textDocument/documentSymbol(1989)
I[11:31:46.992] <-- textDocument/documentSymbol(1990)
I[11:31:46.992] --> reply:textDocument/documentSymbol(1989) 0 ms
I[11:31:46.992] --> reply:textDocument/documentSymbol(1990) 0 ms
I[11:31:46.992] --> textDocument/clangd.fileStatus
I[11:31:47.216] <-- textDocument/didChange
I[11:31:47.216] --> textDocument/clangd.fileStatus
I[11:31:47.243] <-- textDocument/inlayHint(1991)
I[11:31:47.243] Failed to find compilation database for /home/david/Documentos/prueba_OS/RepasoExamen/311.c
I[11:31:47.243] ASTWorker building file /home/david/Documentos/prueba_OS/RepasoExamen/311.c version 470 with command clangd fallback
[/home/david/Documentos/prueba_OS/RepasoExamen]
/usr/bin/clang -resource-dir=/home/david/.vscode-oss/extensions/kylinideteam.kylin-clangd-0.4.0-linux-x64/res/clangd/lib/clang/21 -- /home/david/Documentos/prueba_OS/RepasoExamen/311.c
I[11:31:47.244] --> textDocument/clangd.fileStatus
I[11:31:47.247] --> textDocument/publishDiagnostics
I[11:31:47.247] --> textDocument/inactiveRegions
I[11:31:47.247] --> reply:textDocument/inlayHint(1991) 4 ms
I[11:31:47.247] --> textDocument/clangd.fileStatus
I[11:31:47.418] <-- textDocument/foldingRange(1992)
I[11:31:47.418] --> reply:textDocument/foldingRange(1992) 0 ms
I[11:31:47.499] <-- textDocument/didChange
I[11:31:47.499] --> textDocument/clangd.fileStatus
I[11:31:47.510] <-- textDocument/completion(1993)
I[11:31:47.514] Code complete: sema context Expression, query scopes [] (AnyScope=true), expected type <none>
I[11:31:47.514] Code complete: 1 results from Sema, 92 from Index, 1 matched, 0 from identifiers, 92 returned (incomplete).
I[11:31:47.515] --> reply:textDocument/completion(1993) 5 ms
I[11:31:47.531] <-- textDocument/inlayHint(1994)
I[11:31:47.531] Failed to find compilation database for /home/david/Documentos/prueba_OS/RepasoExamen/311.c
I[11:31:47.532] ASTWorker building file /home/david/Documentos/prueba_OS/RepasoExamen/311.c version 471 with command clangd fallback
[/home/david/Documentos/prueba_OS/RepasoExamen]
/usr/bin/clang -resource-dir=/home/david/.vscode-oss/extensions/kylinideteam.kylin-clangd-0.4.0-linux-x64/res/clangd/lib/clang/21 -- /home/david/Documentos/prueba_OS/RepasoExamen/311.c
I[11:31:47.532] --> textDocument/clangd.fileStatus
I[11:31:47.537] --> textDocument/publishDiagnostics
I[11:31:47.537] --> textDocument/inactiveRegions
I[11:31:47.537] --> reply:textDocument/inlayHint(1994) 5 ms
I[11:31:47.537] --> textDocument/clangd.fileStatus
I[11:31:47.699] <-- textDocument/foldingRange(1995)
I[11:31:47.700] --> reply:textDocument/foldingRange(1995) 0 ms
I[11:31:47.791] <-- textDocument/codeAction(1996)
I[11:31:47.791] --> reply:textDocument/codeAction(1996) 0 ms
I[11:31:47.791] --> textDocument/clangd.fileStatus
I[11:31:47.849] <-- textDocument/documentSymbol(1997)
I[11:31:47.850] --> reply:textDocument/documentSymbol(1997) 0 ms
I[11:31:47.850] --> textDocument/clangd.fileStatus
I[11:31:47.853] <-- textDocument/documentSymbol(1998)
I[11:31:47.853] --> reply:textDocument/documentSymbol(1998) 0 ms
I[11:31:47.853] --> textDocument/clangd.fileStatus
I[11:31:48.299] <-- textDocument/inlayHint(1999)
I[11:31:48.299] --> reply:textDocument/inlayHint(1999) 0 ms
I[11:31:48.300] --> textDocument/clangd.fileStatus
I[11:31:48.499] <-- textDocument/documentLink(2000)
I[11:31:48.499] --> reply:textDocument/documentLink(2000) 0 ms
I[11:31:48.499] --> textDocument/clangd.fileStatus
I[11:31:49.087] <-- textDocument/didChange
I[11:31:49.087] --> textDocument/clangd.fileStatus
I[11:31:49.095] <-- textDocument/signatureHelp(2001)
I[11:31:49.099] --> reply:textDocument/signatureHelp(2001) 3 ms
I[11:31:49.114] <-- textDocument/inlayHint(2002)
I[11:31:49.114] Failed to find compilation database for /home/david/Documentos/prueba_OS/RepasoExamen/311.c
I[11:31:49.114] ASTWorker building file /home/david/Documentos/prueba_OS/RepasoExamen/311.c version 472 with command clangd fallback
[/home/david/Documentos/prueba_OS/RepasoExamen]
/usr/bin/clang -resource-dir=/home/david/.vscode-oss/extensions/kylinideteam.kylin-clangd-0.4.0-linux-x64/res/clangd/lib/clang/21 -- /home/david/Documentos/prueba_OS/RepasoExamen/311.c
I[11:31:49.115] --> textDocument/clangd.fileStatus
I[11:31:49.119] --> textDocument/publishDiagnostics
I[11:31:49.119] --> textDocument/inactiveRegions
I[11:31:49.119] --> reply:textDocument/inlayHint(2002) 5 ms
I[11:31:49.119] --> textDocument/clangd.fileStatus
I[11:31:49.289] <-- textDocument/foldingRange(2003)
I[11:31:49.289] --> reply:textDocument/foldingRange(2003) 0 ms
I[11:31:49.372] <-- textDocument/codeAction(2004)
I[11:31:49.372] --> reply:textDocument/codeAction(2004) 0 ms
I[11:31:49.372] --> textDocument/clangd.fileStatus
I[11:31:49.439] <-- textDocument/documentSymbol(2005)
I[11:31:49.439] <-- textDocument/documentSymbol(2006)
I[11:31:49.439] --> reply:textDocument/documentSymbol(2005) 0 ms
I[11:31:49.439] --> reply:textDocument/documentSymbol(2006) 0 ms
I[11:31:49.439] --> textDocument/clangd.fileStatus
I[11:31:49.889] <-- textDocument/inlayHint(2007)
I[11:31:49.889] --> reply:textDocument/inlayHint(2007) 0 ms
I[11:31:49.889] --> textDocument/clangd.fileStatus
I[11:31:50.088] <-- textDocument/documentLink(2008)
I[11:31:50.089] --> reply:textDocument/documentLink(2008) 0 ms
I[11:31:50.089] --> textDocument/clangd.fileStatus
I[11:31:50.093] <-- textDocument/didSave
I[11:31:50.093] File version went from 1 to 1
I[11:31:50.093] File version went from 472 to 472
I[11:31:50.093] --> textDocument/clangd.fileStatus
I[11:31:50.093] --> textDocument/clangd.fileStatus
I[11:31:50.143] Failed to find compilation database for /home/david/Documentos/prueba_OS/RepasoExamen/mistat.c
I[11:31:50.143] ASTWorker building file /home/david/Documentos/prueba_OS/RepasoExamen/mistat.c version 1 with command clangd fallback
[/home/david/Documentos/prueba_OS/RepasoExamen]
/usr/bin/clang -resource-dir=/home/david/.vscode-oss/extensions/kylinideteam.kylin-clangd-0.4.0-linux-x64/res/clangd/lib/clang/21 -- /home/david/Documentos/prueba_OS/RepasoExamen/mistat.c
I[11:31:50.143] Failed to find compilation database for /home/david/Documentos/prueba_OS/RepasoExamen/311.c
I[11:31:50.143] ASTWorker building file /home/david/Documentos/prueba_OS/RepasoExamen/311.c version 472 with command clangd fallback
[/home/david/Documentos/prueba_OS/RepasoExamen]
/usr/bin/clang -resource-dir=/home/david/.vscode-oss/extensions/kylinideteam.kylin-clangd-0.4.0-linux-x64/res/clangd/lib/clang/21 -- /home/david/Documentos/prueba_OS/RepasoExamen/311.c
I[11:31:50.144] --> textDocument/clangd.fileStatus
I[11:31:50.144] --> textDocument/clangd.fileStatus
I[11:31:50.144] --> textDocument/clangd.fileStatus
I[11:31:50.144] --> textDocument/clangd.fileStatus
I[11:31:50.144] --> textDocument/clangd.fileStatus
I[11:31:50.144] --> textDocument/clangd.fileStatus
I[11:31:50.144] --> textDocument/clangd.fileStatus
I[11:31:50.144] --> textDocument/clangd.fileStatus
I[11:31:51.139] <-- textDocument/documentHighlight(2009)
I[11:31:51.139] --> reply:textDocument/documentHighlight(2009) 0 ms
I[11:31:51.139] --> textDocument/clangd.fileStatus
I[11:31:51.209] <-- textDocument/signatureHelp(2010)
I[11:31:51.213] --> reply:textDocument/signatureHelp(2010) 3 ms
I[11:31:51.339] <-- textDocument/codeAction(2011)
I[11:31:51.339] --> reply:textDocument/codeAction(2011) 0 ms
I[11:31:51.340] --> textDocument/clangd.fileStatus
I[11:31:51.557] <-- textDocument/signatureHelp(2012)
I[11:31:51.561] --> reply:textDocument/signatureHelp(2012) 3 ms
I[11:31:51.718] <-- textDocument/signatureHelp(2013)
I[11:31:51.721] --> reply:textDocument/signatureHelp(2013) 2 ms
I[11:31:51.848] <-- textDocument/codeAction(2014)
I[11:31:51.848] --> reply:textDocument/codeAction(2014) 0 ms
I[11:31:51.848] --> textDocument/clangd.fileStatus
I[11:31:52.487] <-- textDocument/didChange
I[11:31:52.487] --> textDocument/clangd.fileStatus
I[11:31:52.513] <-- textDocument/inlayHint(2015)
I[11:31:52.513] Failed to find compilation database for /home/david/Documentos/prueba_OS/RepasoExamen/311.c
I[11:31:52.513] ASTWorker building file /home/david/Documentos/prueba_OS/RepasoExamen/311.c version 473 with command clangd fallback
[/home/david/Documentos/prueba_OS/RepasoExamen]
/usr/bin/clang -resource-dir=/home/david/.vscode-oss/extensions/kylinideteam.kylin-clangd-0.4.0-linux-x64/res/clangd/lib/clang/21 -- /home/david/Documentos/prueba_OS/RepasoExamen/311.c
I[11:31:52.514] --> textDocument/clangd.fileStatus
I[11:31:52.517] --> textDocument/publishDiagnostics
I[11:31:52.517] --> textDocument/inactiveRegions
I[11:31:52.518] --> reply:textDocument/inlayHint(2015) 4 ms
I[11:31:52.518] --> textDocument/clangd.fileStatus
I[11:31:52.688] <-- textDocument/foldingRange(2016)
I[11:31:52.688] --> reply:textDocument/foldingRange(2016) 0 ms
I[11:31:52.770] <-- textDocument/codeAction(2017)
I[11:31:52.770] --> reply:textDocument/codeAction(2017) 0 ms
I[11:31:52.771] --> textDocument/clangd.fileStatus
I[11:31:52.838] <-- textDocument/documentSymbol(2018)
I[11:31:52.838] <-- textDocument/documentSymbol(2019)
I[11:31:52.838] --> reply:textDocument/documentSymbol(2018) 0 ms
I[11:31:52.838] --> reply:textDocument/documentSymbol(2019) 0 ms
I[11:31:52.838] --> textDocument/clangd.fileStatus
I[11:31:52.979] <-- textDocument/didSave
I[11:31:52.979] File version went from 1 to 1
I[11:31:52.979] File version went from 473 to 473
I[11:31:52.979] --> textDocument/clangd.fileStatus
I[11:31:52.979] --> textDocument/clangd.fileStatus
I[11:31:53.029] Failed to find compilation database for /home/david/Documentos/prueba_OS/RepasoExamen/311.c
I[11:31:53.029] Failed to find compilation database for /home/david/Documentos/prueba_OS/RepasoExamen/mistat.c
I[11:31:53.029] ASTWorker building file /home/david/Documentos/prueba_OS/RepasoExamen/311.c version 473 with command clangd fallback
[/home/david/Documentos/prueba_OS/RepasoExamen]
/usr/bin/clang -resource-dir=/home/david/.vscode-oss/extensions/kylinideteam.kylin-clangd-0.4.0-linux-x64/res/clangd/lib/clang/21 -- /home/david/Documentos/prueba_OS/RepasoExamen/311.c
I[11:31:53.029] ASTWorker building file /home/david/Documentos/prueba_OS/RepasoExamen/mistat.c version 1 with command clangd fallback
[/home/david/Documentos/prueba_OS/RepasoExamen]
/usr/bin/clang -resource-dir=/home/david/.vscode-oss/extensions/kylinideteam.kylin-clangd-0.4.0-linux-x64/res/clangd/lib/clang/21 -- /home/david/Documentos/prueba_OS/RepasoExamen/mistat.c
I[11:31:53.030] --> textDocument/clangd.fileStatus
I[11:31:53.030] --> textDocument/clangd.fileStatus
I[11:31:53.030] --> textDocument/clangd.fileStatus
I[11:31:53.030] --> textDocument/clangd.fileStatus
I[11:31:53.030] --> textDocument/clangd.fileStatus
I[11:31:53.030] --> textDocument/clangd.fileStatus
I[11:31:53.030] --> textDocument/clangd.fileStatus
I[11:31:53.030] --> textDocument/clangd.fileStatus
I[11:31:53.288] <-- textDocument/inlayHint(2020)
I[11:31:53.288] --> reply:textDocument/inlayHint(2020) 0 ms
I[11:31:53.288] --> textDocument/clangd.fileStatus
I[11:31:53.488] <-- textDocument/documentLink(2021)
I[11:31:53.488] --> reply:textDocument/documentLink(2021) 0 ms
I[11:31:53.488] --> textDocument/clangd.fileStatus
I[11:31:54.230] <-- textDocument/hover(2022)
I[11:31:54.230] --> reply:textDocument/hover(2022) 0 ms
I[11:31:54.230] --> textDocument/clangd.fileStatus
I[11:31:55.892] <-- textDocument/codeAction(2023)
I[11:31:55.893] --> reply:textDocument/codeAction(2023) 0 ms
I[11:31:55.893] --> textDocument/clangd.fileStatus
I[11:31:56.333] <-- textDocument/documentHighlight(2024)
I[11:31:56.333] --> reply:textDocument/documentHighlight(2024) 0 ms
I[11:31:56.333] --> textDocument/clangd.fileStatus
I[11:31:56.533] <-- textDocument/codeAction(2025)
I[11:31:56.533] --> reply:textDocument/codeAction(2025) 0 ms
I[11:31:56.533] --> textDocument/clangd.fileStatus
I[11:31:57.014] <-- textDocument/codeAction(2026)
I[11:31:57.014] --> reply:textDocument/codeAction(2026) 0 ms
I[11:31:57.014] --> textDocument/clangd.fileStatus
I[11:31:57.604] <-- textDocument/didChange
I[11:31:57.604] --> textDocument/clangd.fileStatus
I[11:31:57.606] <-- textDocument/completion(2027)
I[11:31:57.606] --> reply:textDocument/completion(2027) 0 ms
I[11:31:57.630] <-- textDocument/inlayHint(2028)
I[11:31:57.631] Failed to find compilation database for /home/david/Documentos/prueba_OS/RepasoExamen/311.c
I[11:31:57.631] ASTWorker building file /home/david/Documentos/prueba_OS/RepasoExamen/311.c version 474 with command clangd fallback
[/home/david/Documentos/prueba_OS/RepasoExamen]
/usr/bin/clang -resource-dir=/home/david/.vscode-oss/extensions/kylinideteam.kylin-clangd-0.4.0-linux-x64/res/clangd/lib/clang/21 -- /home/david/Documentos/prueba_OS/RepasoExamen/311.c
I[11:31:57.632] --> textDocument/clangd.fileStatus
I[11:31:57.637] --> textDocument/publishDiagnostics
I[11:31:57.637] --> textDocument/inactiveRegions
I[11:31:57.637] --> reply:textDocument/inlayHint(2028) 6 ms
I[11:31:57.637] --> textDocument/clangd.fileStatus
I[11:31:57.766] <-- textDocument/didChange
I[11:31:57.766] --> textDocument/clangd.fileStatus
I[11:31:57.767] <-- textDocument/completion(2029)
I[11:31:57.767] --> reply:textDocument/completion(2029) 0 ms
I[11:31:57.792] <-- textDocument/inlayHint(2030)
I[11:31:57.792] Failed to find compilation database for /home/david/Documentos/prueba_OS/RepasoExamen/311.c
I[11:31:57.792] ASTWorker building file /home/david/Documentos/prueba_OS/RepasoExamen/311.c version 475 with command clangd fallback
[/home/david/Documentos/prueba_OS/RepasoExamen]
/usr/bin/clang -resource-dir=/home/david/.vscode-oss/extensions/kylinideteam.kylin-clangd-0.4.0-linux-x64/res/clangd/lib/clang/21 -- /home/david/Documentos/prueba_OS/RepasoExamen/311.c
I[11:31:57.793] --> textDocument/clangd.fileStatus
I[11:31:57.798] --> textDocument/publishDiagnostics
I[11:31:57.798] --> textDocument/inactiveRegions
I[11:31:57.798] --> reply:textDocument/inlayHint(2030) 6 ms
I[11:31:57.798] --> textDocument/clangd.fileStatus
I[11:31:57.967] <-- textDocument/foldingRange(2031)
I[11:31:57.967] --> reply:textDocument/foldingRange(2031) 0 ms
I[11:31:58.050] <-- textDocument/codeAction(2032)
I[11:31:58.050] --> reply:textDocument/codeAction(2032) 0 ms
I[11:31:58.050] --> textDocument/clangd.fileStatus
I[11:31:58.117] <-- textDocument/documentSymbol(2033)
I[11:31:58.117] <-- textDocument/documentSymbol(2034)
I[11:31:58.117] --> reply:textDocument/documentSymbol(2033) 0 ms
I[11:31:58.117] --> reply:textDocument/documentSymbol(2034) 0 ms
I[11:31:58.117] --> textDocument/clangd.fileStatus
I[11:31:58.557] <-- textDocument/hover(2035)
I[11:31:58.558] --> reply:textDocument/hover(2035) 0 ms
I[11:31:58.558] --> textDocument/clangd.fileStatus
I[11:31:58.566] <-- textDocument/inlayHint(2036)
I[11:31:58.567] --> reply:textDocument/inlayHint(2036) 0 ms
I[11:31:58.567] --> textDocument/clangd.fileStatus
I[11:31:58.767] <-- textDocument/documentLink(2037)
I[11:31:58.767] --> reply:textDocument/documentLink(2037) 0 ms
I[11:31:58.767] --> textDocument/clangd.fileStatus
I[11:31:59.025] <-- textDocument/hover(2038)
I[11:31:59.026] --> reply:textDocument/hover(2038) 0 ms
I[11:31:59.026] --> textDocument/clangd.fileStatus
I[11:31:59.184] <-- textDocument/hover(2039)
I[11:31:59.185] --> reply:textDocument/hover(2039) 0 ms
I[11:31:59.185] --> textDocument/clangd.fileStatus
I[11:31:59.283] <-- textDocument/documentHighlight(2040)
I[11:31:59.283] --> reply:textDocument/documentHighlight(2040) 0 ms
I[11:31:59.283] --> textDocument/clangd.fileStatus
I[11:31:59.483] <-- textDocument/codeAction(2041)
I[11:31:59.483] --> reply:textDocument/codeAction(2041) 0 ms
I[11:31:59.483] --> textDocument/clangd.fileStatus
I[11:32:00.480] <-- textDocument/hover(2042)
I[11:32:00.481] --> reply:textDocument/hover(2042) 0 ms
I[11:32:00.481] --> textDocument/clangd.fileStatus
I[11:32:00.713] <-- textDocument/hover(2043)
I[11:32:00.713] --> reply:textDocument/hover(2043) 0 ms
I[11:32:00.713] --> textDocument/clangd.fileStatus
I[11:32:01.185] <-- textDocument/codeAction(2044)
I[11:32:01.185] --> reply:textDocument/codeAction(2044) 0 ms
I[11:32:01.185] --> textDocument/clangd.fileStatus
I[11:32:01.743] <-- textDocument/hover(2045)
I[11:32:01.744] --> reply:textDocument/hover(2045) 0 ms
I[11:32:01.744] --> textDocument/clangd.fileStatus
I[11:32:03.239] <-- textDocument/hover(2046)
I[11:32:03.240] --> reply:textDocument/hover(2046) 0 ms
I[11:32:03.240] --> textDocument/clangd.fileStatus
I[11:32:04.628] <-- textDocument/didChange
I[11:32:04.628] --> textDocument/clangd.fileStatus
I[11:32:04.629] <-- textDocument/completion(2047)
I[11:32:04.629] --> reply:textDocument/completion(2047) 0 ms
I[11:32:04.654] <-- textDocument/inlayHint(2048)
I[11:32:04.654] Failed to find compilation database for /home/david/Documentos/prueba_OS/RepasoExamen/311.c
I[11:32:04.655] ASTWorker building file /home/david/Documentos/prueba_OS/RepasoExamen/311.c version 476 with command clangd fallback
[/home/david/Documentos/prueba_OS/RepasoExamen]
/usr/bin/clang -resource-dir=/home/david/.vscode-oss/extensions/kylinideteam.kylin-clangd-0.4.0-linux-x64/res/clangd/lib/clang/21 -- /home/david/Documentos/prueba_OS/RepasoExamen/311.c
I[11:32:04.655] --> textDocument/clangd.fileStatus
I[11:32:04.658] --> textDocument/publishDiagnostics
I[11:32:04.658] --> textDocument/inactiveRegions
I[11:32:04.658] --> reply:textDocument/inlayHint(2048) 4 ms
I[11:32:04.659] --> textDocument/clangd.fileStatus
I[11:32:04.790] <-- textDocument/didChange
I[11:32:04.790] --> textDocument/clangd.fileStatus
I[11:32:04.790] <-- textDocument/completion(2049)
I[11:32:04.790] --> reply:textDocument/completion(2049) 0 ms
I[11:32:04.815] <-- textDocument/inlayHint(2050)
I[11:32:04.815] Failed to find compilation database for /home/david/Documentos/prueba_OS/RepasoExamen/311.c
I[11:32:04.816] ASTWorker building file /home/david/Documentos/prueba_OS/RepasoExamen/311.c version 477 with command clangd fallback
[/home/david/Documentos/prueba_OS/RepasoExamen]
/usr/bin/clang -resource-dir=/home/david/.vscode-oss/extensions/kylinideteam.kylin-clangd-0.4.0-linux-x64/res/clangd/lib/clang/21 -- /home/david/Documentos/prueba_OS/RepasoExamen/311.c
I[11:32:04.816] --> textDocument/clangd.fileStatus
I[11:32:04.819] --> textDocument/publishDiagnostics
I[11:32:04.819] --> textDocument/inactiveRegions
I[11:32:04.819] --> reply:textDocument/inlayHint(2050) 4 ms
I[11:32:04.820] --> textDocument/clangd.fileStatus
I[11:32:04.990] <-- textDocument/foldingRange(2051)
I[11:32:04.991] --> reply:textDocument/foldingRange(2051) 0 ms
I[11:32:05.072] <-- textDocument/codeAction(2052)
I[11:32:05.072] --> reply:textDocument/codeAction(2052) 0 ms
I[11:32:05.072] --> textDocument/clangd.fileStatus
I[11:32:05.140] <-- textDocument/documentSymbol(2053)
I[11:32:05.140] <-- textDocument/documentSymbol(2054)
I[11:32:05.140] --> reply:textDocument/documentSymbol(2053) 0 ms
I[11:32:05.140] --> reply:textDocument/documentSymbol(2054) 0 ms
I[11:32:05.140] --> textDocument/clangd.fileStatus
I[11:32:05.543] <-- textDocument/didSave
I[11:32:05.543] File version went from 1 to 1
I[11:32:05.543] File version went from 477 to 477
I[11:32:05.543] --> textDocument/clangd.fileStatus
I[11:32:05.543] --> textDocument/clangd.fileStatus
I[11:32:05.590] <-- textDocument/inlayHint(2055)
I[11:32:05.590] Failed to find compilation database for /home/david/Documentos/prueba_OS/RepasoExamen/311.c
I[11:32:05.591] ASTWorker building file /home/david/Documentos/prueba_OS/RepasoExamen/311.c version 477 with command clangd fallback
[/home/david/Documentos/prueba_OS/RepasoExamen]
/usr/bin/clang -resource-dir=/home/david/.vscode-oss/extensions/kylinideteam.kylin-clangd-0.4.0-linux-x64/res/clangd/lib/clang/21 -- /home/david/Documentos/prueba_OS/RepasoExamen/311.c
I[11:32:05.591] --> textDocument/clangd.fileStatus
I[11:32:05.591] --> textDocument/clangd.fileStatus
I[11:32:05.591] --> reply:textDocument/inlayHint(2055) 0 ms
I[11:32:05.591] --> textDocument/clangd.fileStatus
I[11:32:05.591] --> textDocument/clangd.fileStatus
I[11:32:05.591] --> textDocument/clangd.fileStatus
I[11:32:05.593] Failed to find compilation database for /home/david/Documentos/prueba_OS/RepasoExamen/mistat.c
I[11:32:05.593] ASTWorker building file /home/david/Documentos/prueba_OS/RepasoExamen/mistat.c version 1 with command clangd fallback
[/home/david/Documentos/prueba_OS/RepasoExamen]
/usr/bin/clang -resource-dir=/home/david/.vscode-oss/extensions/kylinideteam.kylin-clangd-0.4.0-linux-x64/res/clangd/lib/clang/21 -- /home/david/Documentos/prueba_OS/RepasoExamen/mistat.c
I[11:32:05.593] --> textDocument/clangd.fileStatus
I[11:32:05.593] --> textDocument/clangd.fileStatus
I[11:32:05.593] --> textDocument/clangd.fileStatus
I[11:32:05.593] --> textDocument/clangd.fileStatus
I[11:32:05.790] <-- textDocument/documentLink(2056)
I[11:32:05.791] --> reply:textDocument/documentLink(2056) 0 ms
I[11:32:05.791] --> textDocument/clangd.fileStatus
I[11:32:17.132] <-- textDocument/hover(2057)
I[11:32:17.132] --> reply:textDocument/hover(2057) 0 ms
I[11:32:17.132] --> textDocument/clangd.fileStatus
I[11:32:17.949] <-- textDocument/documentHighlight(2058)
I[11:32:17.949] --> reply:textDocument/documentHighlight(2058) 0 ms
I[11:32:17.949] --> textDocument/clangd.fileStatus
I[11:32:18.149] <-- textDocument/codeAction(2059)
I[11:32:18.149] --> reply:textDocument/codeAction(2059) 0 ms
I[11:32:18.149] --> textDocument/clangd.fileStatus
I[11:32:18.839] <-- textDocument/didChange
I[11:32:18.839] --> textDocument/clangd.fileStatus
I[11:32:18.866] <-- textDocument/inlayHint(2060)
I[11:32:18.866] Failed to find compilation database for /home/david/Documentos/prueba_OS/RepasoExamen/311.c
I[11:32:18.866] ASTWorker building file /home/david/Documentos/prueba_OS/RepasoExamen/311.c version 478 with command clangd fallback
[/home/david/Documentos/prueba_OS/RepasoExamen]
/usr/bin/clang -resource-dir=/home/david/.vscode-oss/extensions/kylinideteam.kylin-clangd-0.4.0-linux-x64/res/clangd/lib/clang/21 -- /home/david/Documentos/prueba_OS/RepasoExamen/311.c
I[11:32:18.867] --> textDocument/clangd.fileStatus
I[11:32:18.870] --> textDocument/publishDiagnostics
I[11:32:18.870] --> textDocument/inactiveRegions
I[11:32:18.870] --> reply:textDocument/inlayHint(2060) 4 ms
I[11:32:18.870] --> textDocument/clangd.fileStatus
I[11:32:18.935] <-- textDocument/didChange
I[11:32:18.935] --> textDocument/clangd.fileStatus
I[11:32:18.960] <-- textDocument/inlayHint(2061)
I[11:32:18.960] Failed to find compilation database for /home/david/Documentos/prueba_OS/RepasoExamen/311.c
I[11:32:18.961] ASTWorker building file /home/david/Documentos/prueba_OS/RepasoExamen/311.c version 479 with command clangd fallback
[/home/david/Documentos/prueba_OS/RepasoExamen]
/usr/bin/clang -resource-dir=/home/david/.vscode-oss/extensions/kylinideteam.kylin-clangd-0.4.0-linux-x64/res/clangd/lib/clang/21 -- /home/david/Documentos/prueba_OS/RepasoExamen/311.c
I[11:32:18.961] --> textDocument/clangd.fileStatus
I[11:32:18.965] --> textDocument/publishDiagnostics
I[11:32:18.965] --> textDocument/inactiveRegions
I[11:32:18.965] --> reply:textDocument/inlayHint(2061) 4 ms
I[11:32:18.965] --> textDocument/clangd.fileStatus
I[11:32:19.136] <-- textDocument/foldingRange(2062)
I[11:32:19.136] --> reply:textDocument/foldingRange(2062) 0 ms
I[11:32:19.219] <-- textDocument/codeAction(2063)
I[11:32:19.219] --> reply:textDocument/codeAction(2063) 0 ms
I[11:32:19.219] --> textDocument/clangd.fileStatus
I[11:32:19.286] <-- textDocument/documentSymbol(2064)
I[11:32:19.286] <-- textDocument/documentSymbol(2065)
I[11:32:19.286] --> reply:textDocument/documentSymbol(2064) 0 ms
I[11:32:19.286] --> reply:textDocument/documentSymbol(2065) 0 ms
I[11:32:19.286] --> textDocument/clangd.fileStatus
I[11:32:19.632] <-- textDocument/didSave
I[11:32:19.632] File version went from 1 to 1
I[11:32:19.632] File version went from 479 to 479
I[11:32:19.632] --> textDocument/clangd.fileStatus
I[11:32:19.632] --> textDocument/clangd.fileStatus
I[11:32:19.682] Failed to find compilation database for /home/david/Documentos/prueba_OS/RepasoExamen/mistat.c
I[11:32:19.682] Failed to find compilation database for /home/david/Documentos/prueba_OS/RepasoExamen/311.c
I[11:32:19.682] ASTWorker building file /home/david/Documentos/prueba_OS/RepasoExamen/mistat.c version 1 with command clangd fallback
[/home/david/Documentos/prueba_OS/RepasoExamen]
/usr/bin/clang -resource-dir=/home/david/.vscode-oss/extensions/kylinideteam.kylin-clangd-0.4.0-linux-x64/res/clangd/lib/clang/21 -- /home/david/Documentos/prueba_OS/RepasoExamen/mistat.c
I[11:32:19.683] ASTWorker building file /home/david/Documentos/prueba_OS/RepasoExamen/311.c version 479 with command clangd fallback
[/home/david/Documentos/prueba_OS/RepasoExamen]
/usr/bin/clang -resource-dir=/home/david/.vscode-oss/extensions/kylinideteam.kylin-clangd-0.4.0-linux-x64/res/clangd/lib/clang/21 -- /home/david/Documentos/prueba_OS/RepasoExamen/311.c
I[11:32:19.683] --> textDocument/clangd.fileStatus
I[11:32:19.683] --> textDocument/clangd.fileStatus
I[11:32:19.683] --> textDocument/clangd.fileStatus
I[11:32:19.683] --> textDocument/clangd.fileStatus
I[11:32:19.683] --> textDocument/clangd.fileStatus
I[11:32:19.683] --> textDocument/clangd.fileStatus
I[11:32:19.683] --> textDocument/clangd.fileStatus
I[11:32:19.683] --> textDocument/clangd.fileStatus
I[11:32:19.735] <-- textDocument/inlayHint(2066)
I[11:32:19.736] --> reply:textDocument/inlayHint(2066) 0 ms
I[11:32:19.736] --> textDocument/clangd.fileStatus
I[11:32:19.936] <-- textDocument/documentLink(2067)
I[11:32:19.936] --> reply:textDocument/documentLink(2067) 0 ms
I[11:32:19.936] --> textDocument/clangd.fileStatus
I[11:32:34.354] <-- textDocument/hover(2068)
I[11:32:34.354] --> reply:textDocument/hover(2068) 0 ms
I[11:32:34.354] --> textDocument/clangd.fileStatus
I[11:33:13.727] <-- textDocument/hover(2069)
I[11:33:13.727] --> reply:textDocument/hover(2069) 0 ms
I[11:33:13.727] --> textDocument/clangd.fileStatus
I[11:33:16.019] <-- textDocument/hover(2070)
I[11:33:16.020] --> reply:textDocument/hover(2070) 0 ms
I[11:33:16.020] --> textDocument/clangd.fileStatus
I[11:33:18.658] <-- textDocument/hover(2071)
I[11:33:18.658] --> reply:textDocument/hover(2071) 0 ms
I[11:33:18.658] --> textDocument/clangd.fileStatus
I[11:33:21.091] <-- textDocument/codeAction(2072)
I[11:33:21.091] --> reply:textDocument/codeAction(2072) 0 ms
I[11:33:21.092] --> textDocument/clangd.fileStatus
I[11:33:21.719] <-- textDocument/didChange
I[11:33:21.719] --> textDocument/clangd.fileStatus
I[11:33:21.746] <-- textDocument/inlayHint(2073)
I[11:33:21.746] Failed to find compilation database for /home/david/Documentos/prueba_OS/RepasoExamen/311.c
I[11:33:21.746] ASTWorker building file /home/david/Documentos/prueba_OS/RepasoExamen/311.c version 480 with command clangd fallback
[/home/david/Documentos/prueba_OS/RepasoExamen]
/usr/bin/clang -resource-dir=/home/david/.vscode-oss/extensions/kylinideteam.kylin-clangd-0.4.0-linux-x64/res/clangd/lib/clang/21 -- /home/david/Documentos/prueba_OS/RepasoExamen/311.c
I[11:33:21.747] --> textDocument/clangd.fileStatus
I[11:33:21.751] --> textDocument/publishDiagnostics
I[11:33:21.751] --> textDocument/inactiveRegions
I[11:33:21.751] --> reply:textDocument/inlayHint(2073) 5 ms
I[11:33:21.751] --> textDocument/clangd.fileStatus
I[11:33:21.921] <-- textDocument/foldingRange(2074)
I[11:33:21.921] --> reply:textDocument/foldingRange(2074) 0 ms
I[11:33:22.071] <-- textDocument/documentSymbol(2075)
I[11:33:22.071] <-- textDocument/documentSymbol(2076)
I[11:33:22.071] --> reply:textDocument/documentSymbol(2075) 0 ms
I[11:33:22.071] --> reply:textDocument/documentSymbol(2076) 0 ms
I[11:33:22.071] --> textDocument/clangd.fileStatus
I[11:33:22.214] <-- textDocument/hover(2077)
I[11:33:22.214] --> reply:textDocument/hover(2077) 0 ms
I[11:33:22.214] --> textDocument/clangd.fileStatus
I[11:33:22.457] <-- textDocument/hover(2078)
I[11:33:22.457] --> reply:textDocument/hover(2078) 0 ms
I[11:33:22.457] --> textDocument/clangd.fileStatus
I[11:33:22.521] <-- textDocument/inlayHint(2079)
I[11:33:22.521] --> reply:textDocument/inlayHint(2079) 0 ms
I[11:33:22.521] --> textDocument/clangd.fileStatus
I[11:33:22.721] <-- textDocument/documentLink(2080)
I[11:33:22.721] --> reply:textDocument/documentLink(2080) 0 ms
I[11:33:22.721] --> textDocument/clangd.fileStatus
I[11:33:22.895] <-- textDocument/didChange
I[11:33:22.895] --> textDocument/clangd.fileStatus
I[11:33:22.921] <-- textDocument/inlayHint(2081)
I[11:33:22.921] Failed to find compilation database for /home/david/Documentos/prueba_OS/RepasoExamen/311.c
I[11:33:22.921] ASTWorker building file /home/david/Documentos/prueba_OS/RepasoExamen/311.c version 481 with command clangd fallback
[/home/david/Documentos/prueba_OS/RepasoExamen]
/usr/bin/clang -resource-dir=/home/david/.vscode-oss/extensions/kylinideteam.kylin-clangd-0.4.0-linux-x64/res/clangd/lib/clang/21 -- /home/david/Documentos/prueba_OS/RepasoExamen/311.c
I[11:33:22.922] --> textDocument/clangd.fileStatus
I[11:33:22.926] --> textDocument/publishDiagnostics
I[11:33:22.926] --> textDocument/inactiveRegions
I[11:33:22.926] --> reply:textDocument/inlayHint(2081) 5 ms
I[11:33:22.926] --> textDocument/clangd.fileStatus
I[11:33:23.095] <-- textDocument/foldingRange(2082)
I[11:33:23.096] --> reply:textDocument/foldingRange(2082) 0 ms
I[11:33:23.145] <-- textDocument/codeAction(2083)
I[11:33:23.145] --> reply:textDocument/codeAction(2083) 0 ms
I[11:33:23.145] --> textDocument/clangd.fileStatus
I[11:33:23.246] <-- textDocument/documentSymbol(2084)
I[11:33:23.246] <-- textDocument/documentSymbol(2085)
I[11:33:23.246] --> reply:textDocument/documentSymbol(2084) 0 ms
I[11:33:23.246] --> reply:textDocument/documentSymbol(2085) 0 ms
I[11:33:23.246] --> textDocument/clangd.fileStatus
I[11:33:23.412] <-- textDocument/didSave
I[11:33:23.412] File version went from 1 to 1
I[11:33:23.412] File version went from 481 to 481
I[11:33:23.412] --> textDocument/clangd.fileStatus
I[11:33:23.412] --> textDocument/clangd.fileStatus
I[11:33:23.463] Failed to find compilation database for /home/david/Documentos/prueba_OS/RepasoExamen/mistat.c
I[11:33:23.463] Failed to find compilation database for /home/david/Documentos/prueba_OS/RepasoExamen/311.c
I[11:33:23.463] ASTWorker building file /home/david/Documentos/prueba_OS/RepasoExamen/mistat.c version 1 with command clangd fallback
[/home/david/Documentos/prueba_OS/RepasoExamen]
/usr/bin/clang -resource-dir=/home/david/.vscode-oss/extensions/kylinideteam.kylin-clangd-0.4.0-linux-x64/res/clangd/lib/clang/21 -- /home/david/Documentos/prueba_OS/RepasoExamen/mistat.c
I[11:33:23.463] ASTWorker building file /home/david/Documentos/prueba_OS/RepasoExamen/311.c version 481 with command clangd fallback
[/home/david/Documentos/prueba_OS/RepasoExamen]
/usr/bin/clang -resource-dir=/home/david/.vscode-oss/extensions/kylinideteam.kylin-clangd-0.4.0-linux-x64/res/clangd/lib/clang/21 -- /home/david/Documentos/prueba_OS/RepasoExamen/311.c
I[11:33:23.463] --> textDocument/clangd.fileStatus
I[11:33:23.463] --> textDocument/clangd.fileStatus
I[11:33:23.463] --> textDocument/clangd.fileStatus
I[11:33:23.463] --> textDocument/clangd.fileStatus
I[11:33:23.464] --> textDocument/clangd.fileStatus
I[11:33:23.464] --> textDocument/clangd.fileStatus
I[11:33:23.464] --> textDocument/clangd.fileStatus
I[11:33:23.464] --> textDocument/clangd.fileStatus
I[11:33:23.695] <-- textDocument/inlayHint(2086)
I[11:33:23.696] --> reply:textDocument/inlayHint(2086) 0 ms
I[11:33:23.696] --> textDocument/clangd.fileStatus
I[11:33:23.895] <-- textDocument/documentLink(2087)
I[11:33:23.895] --> reply:textDocument/documentLink(2087) 0 ms
I[11:33:23.896] --> textDocument/clangd.fileStatus
I[11:33:24.748] <-- textDocument/inlayHint(2088)
I[11:33:24.749] --> reply:textDocument/inlayHint(2088) 0 ms
I[11:33:24.749] --> textDocument/clangd.fileStatus
I[11:33:25.728] <-- textDocument/hover(2089)
I[11:33:25.728] --> reply:textDocument/hover(2089) 0 ms
I[11:33:25.728] --> textDocument/clangd.fileStatus
I[11:33:26.103] <-- textDocument/hover(2090)
I[11:33:26.103] --> reply:textDocument/hover(2090) 0 ms
I[11:33:26.103] --> textDocument/clangd.fileStatus
I[11:33:26.353] <-- textDocument/hover(2091)
I[11:33:26.353] --> reply:textDocument/hover(2091) 0 ms
I[11:33:26.353] --> textDocument/clangd.fileStatus
I[11:33:30.241] <-- textDocument/hover(2092)
I[11:33:30.241] --> reply:textDocument/hover(2092) 0 ms
I[11:33:30.241] --> textDocument/clangd.fileStatus
I[11:33:31.563] <-- textDocument/codeAction(2093)
I[11:33:31.563] --> reply:textDocument/codeAction(2093) 0 ms
I[11:33:31.564] --> textDocument/clangd.fileStatus
I[11:33:32.502] <-- textDocument/documentHighlight(2094)
I[11:33:32.502] --> reply:textDocument/documentHighlight(2094) 0 ms
I[11:33:32.502] --> textDocument/clangd.fileStatus
I[11:33:32.701] <-- textDocument/codeAction(2095)
I[11:33:32.702] --> reply:textDocument/codeAction(2095) 0 ms
I[11:33:32.702] --> textDocument/clangd.fileStatus
I[11:33:33.539] <-- textDocument/inlayHint(2096)
I[11:33:33.539] --> reply:textDocument/inlayHint(2096) 0 ms
I[11:33:33.539] --> textDocument/clangd.fileStatus
I[11:33:33.581] <-- textDocument/inlayHint(2097)
I[11:33:33.581] --> reply:textDocument/inlayHint(2097) 0 ms
I[11:33:33.581] --> textDocument/clangd.fileStatus
I[11:33:33.956] <-- textDocument/inlayHint(2098)
I[11:33:33.956] --> reply:textDocument/inlayHint(2098) 0 ms
I[11:33:33.956] --> textDocument/clangd.fileStatus
I[11:33:33.984] <-- textDocument/inlayHint(2099)
I[11:33:33.984] --> reply:textDocument/inlayHint(2099) 0 ms
I[11:33:33.984] --> textDocument/clangd.fileStatus
I[11:33:35.955] <-- textDocument/didSave
I[11:33:35.955] File version went from 1 to 1
I[11:33:35.955] File version went from 481 to 481
I[11:33:35.955] --> textDocument/clangd.fileStatus
I[11:33:35.955] --> textDocument/clangd.fileStatus
I[11:33:36.005] Failed to find compilation database for /home/david/Documentos/prueba_OS/RepasoExamen/mistat.c
I[11:33:36.005] ASTWorker building file /home/david/Documentos/prueba_OS/RepasoExamen/mistat.c version 1 with command clangd fallback
[/home/david/Documentos/prueba_OS/RepasoExamen]
/usr/bin/clang -resource-dir=/home/david/.vscode-oss/extensions/kylinideteam.kylin-clangd-0.4.0-linux-x64/res/clangd/lib/clang/21 -- /home/david/Documentos/prueba_OS/RepasoExamen/mistat.c
I[11:33:36.005] Failed to find compilation database for /home/david/Documentos/prueba_OS/RepasoExamen/311.c
I[11:33:36.005] ASTWorker building file /home/david/Documentos/prueba_OS/RepasoExamen/311.c version 481 with command clangd fallback
[/home/david/Documentos/prueba_OS/RepasoExamen]
/usr/bin/clang -resource-dir=/home/david/.vscode-oss/extensions/kylinideteam.kylin-clangd-0.4.0-linux-x64/res/clangd/lib/clang/21 -- /home/david/Documentos/prueba_OS/RepasoExamen/311.c
I[11:33:36.006] --> textDocument/clangd.fileStatus
I[11:33:36.006] --> textDocument/clangd.fileStatus
I[11:33:36.006] --> textDocument/clangd.fileStatus
I[11:33:36.006] --> textDocument/clangd.fileStatus
I[11:33:36.006] --> textDocument/clangd.fileStatus
I[11:33:36.006] --> textDocument/clangd.fileStatus
I[11:33:36.006] --> textDocument/clangd.fileStatus
I[11:33:36.006] --> textDocument/clangd.fileStatus
I[11:33:48.775] <-- textDocument/hover(2100)
I[11:33:48.776] --> reply:textDocument/hover(2100) 0 ms
I[11:33:48.776] --> textDocument/clangd.fileStatus
I[11:33:49.055] <-- textDocument/documentHighlight(2101)
I[11:33:49.055] --> reply:textDocument/documentHighlight(2101) 0 ms
I[11:33:49.055] --> textDocument/clangd.fileStatus
I[11:33:49.254] <-- textDocument/codeAction(2102)
I[11:33:49.254] --> reply:textDocument/codeAction(2102) 0 ms
I[11:33:49.254] --> textDocument/clangd.fileStatus
I[11:33:49.820] <-- textDocument/didChange
I[11:33:49.820] --> textDocument/clangd.fileStatus
I[11:33:49.822] <-- textDocument/completion(2103)
I[11:33:49.822] --> reply:textDocument/completion(2103) 0 ms
I[11:33:49.847] <-- textDocument/inlayHint(2104)
I[11:33:49.847] Failed to find compilation database for /home/david/Documentos/prueba_OS/RepasoExamen/311.c
I[11:33:49.847] ASTWorker building file /home/david/Documentos/prueba_OS/RepasoExamen/311.c version 482 with command clangd fallback
[/home/david/Documentos/prueba_OS/RepasoExamen]
/usr/bin/clang -resource-dir=/home/david/.vscode-oss/extensions/kylinideteam.kylin-clangd-0.4.0-linux-x64/res/clangd/lib/clang/21 -- /home/david/Documentos/prueba_OS/RepasoExamen/311.c
I[11:33:49.848] --> textDocument/clangd.fileStatus
I[11:33:49.851] --> textDocument/publishDiagnostics
I[11:33:49.851] --> textDocument/inactiveRegions
I[11:33:49.851] --> reply:textDocument/inlayHint(2104) 4 ms
I[11:33:49.851] --> textDocument/clangd.fileStatus
I[11:33:50.022] <-- textDocument/foldingRange(2105)
I[11:33:50.022] --> reply:textDocument/foldingRange(2105) 0 ms
I[11:33:50.039] <-- textDocument/didChange
I[11:33:50.039] --> textDocument/clangd.fileStatus
I[11:33:50.039] <-- textDocument/completion(2106)
I[11:33:50.039] --> reply:textDocument/completion(2106) 0 ms
I[11:33:50.064] <-- textDocument/inlayHint(2107)
I[11:33:50.065] Failed to find compilation database for /home/david/Documentos/prueba_OS/RepasoExamen/311.c
I[11:33:50.065] ASTWorker building file /home/david/Documentos/prueba_OS/RepasoExamen/311.c version 483 with command clangd fallback
[/home/david/Documentos/prueba_OS/RepasoExamen]
/usr/bin/clang -resource-dir=/home/david/.vscode-oss/extensions/kylinideteam.kylin-clangd-0.4.0-linux-x64/res/clangd/lib/clang/21 -- /home/david/Documentos/prueba_OS/RepasoExamen/311.c
I[11:33:50.065] --> textDocument/clangd.fileStatus
I[11:33:50.069] --> textDocument/publishDiagnostics
I[11:33:50.069] --> textDocument/inactiveRegions
I[11:33:50.069] --> reply:textDocument/inlayHint(2107) 4 ms
I[11:33:50.069] --> textDocument/clangd.fileStatus
I[11:33:50.239] <-- textDocument/foldingRange(2108)
I[11:33:50.240] --> reply:textDocument/foldingRange(2108) 0 ms
I[11:33:50.322] <-- textDocument/codeAction(2109)
I[11:33:50.322] --> reply:textDocument/codeAction(2109) 0 ms
I[11:33:50.322] --> textDocument/clangd.fileStatus
I[11:33:50.389] <-- textDocument/documentSymbol(2110)
I[11:33:50.389] <-- textDocument/documentSymbol(2111)
I[11:33:50.390] --> reply:textDocument/documentSymbol(2110) 0 ms
I[11:33:50.390] --> reply:textDocument/documentSymbol(2111) 0 ms
I[11:33:50.390] --> textDocument/clangd.fileStatus
I[11:33:50.839] <-- textDocument/inlayHint(2112)
I[11:33:50.839] --> reply:textDocument/inlayHint(2112) 0 ms
I[11:33:50.839] --> textDocument/clangd.fileStatus
I[11:33:51.039] <-- textDocument/documentLink(2113)
I[11:33:51.039] --> reply:textDocument/documentLink(2113) 0 ms
I[11:33:51.039] --> textDocument/clangd.fileStatus
I[11:33:51.198] <-- textDocument/didSave
I[11:33:51.198] File version went from 1 to 1
I[11:33:51.198] File version went from 483 to 483
I[11:33:51.198] --> textDocument/clangd.fileStatus
I[11:33:51.198] --> textDocument/clangd.fileStatus
I[11:33:51.248] Failed to find compilation database for /home/david/Documentos/prueba_OS/RepasoExamen/mistat.c
I[11:33:51.248] ASTWorker building file /home/david/Documentos/prueba_OS/RepasoExamen/mistat.c version 1 with command clangd fallback
[/home/david/Documentos/prueba_OS/RepasoExamen]
/usr/bin/clang -resource-dir=/home/david/.vscode-oss/extensions/kylinideteam.kylin-clangd-0.4.0-linux-x64/res/clangd/lib/clang/21 -- /home/david/Documentos/prueba_OS/RepasoExamen/mistat.c
I[11:33:51.248] Failed to find compilation database for /home/david/Documentos/prueba_OS/RepasoExamen/311.c
I[11:33:51.248] ASTWorker building file /home/david/Documentos/prueba_OS/RepasoExamen/311.c version 483 with command clangd fallback
[/home/david/Documentos/prueba_OS/RepasoExamen]
/usr/bin/clang -resource-dir=/home/david/.vscode-oss/extensions/kylinideteam.kylin-clangd-0.4.0-linux-x64/res/clangd/lib/clang/21 -- /home/david/Documentos/prueba_OS/RepasoExamen/311.c
I[11:33:51.249] --> textDocument/clangd.fileStatus
I[11:33:51.249] --> textDocument/clangd.fileStatus
I[11:33:51.249] --> textDocument/clangd.fileStatus
I[11:33:51.249] --> textDocument/clangd.fileStatus
I[11:33:51.249] --> textDocument/clangd.fileStatus
I[11:33:51.249] --> textDocument/clangd.fileStatus
I[11:33:51.249] --> textDocument/clangd.fileStatus
I[11:33:51.249] --> textDocument/clangd.fileStatus
I[11:33:55.523] <-- textDocument/codeAction(2114)
I[11:33:55.523] --> reply:textDocument/codeAction(2114) 0 ms
I[11:33:55.523] --> textDocument/clangd.fileStatus
I[11:33:57.051] <-- textDocument/codeAction(2115)
I[11:33:57.051] --> reply:textDocument/codeAction(2115) 0 ms
I[11:33:57.051] --> textDocument/clangd.fileStatus
I[11:34:00.260] <-- textDocument/didChange
I[11:34:00.260] --> textDocument/clangd.fileStatus
I[11:34:00.287] <-- textDocument/inlayHint(2116)
I[11:34:00.287] Failed to find compilation database for /home/david/Documentos/prueba_OS/RepasoExamen/311.c
I[11:34:00.287] ASTWorker building file /home/david/Documentos/prueba_OS/RepasoExamen/311.c version 484 with command clangd fallback
[/home/david/Documentos/prueba_OS/RepasoExamen]
/usr/bin/clang -resource-dir=/home/david/.vscode-oss/extensions/kylinideteam.kylin-clangd-0.4.0-linux-x64/res/clangd/lib/clang/21 -- /home/david/Documentos/prueba_OS/RepasoExamen/311.c
I[11:34:00.288] --> textDocument/clangd.fileStatus
I[11:34:00.291] --> textDocument/publishDiagnostics
I[11:34:00.291] --> textDocument/inactiveRegions
I[11:34:00.291] --> reply:textDocument/inlayHint(2116) 4 ms
I[11:34:00.292] --> textDocument/clangd.fileStatus
I[11:34:00.462] <-- textDocument/foldingRange(2117)
I[11:34:00.462] --> reply:textDocument/foldingRange(2117) 0 ms
I[11:34:00.612] <-- textDocument/documentSymbol(2118)
I[11:34:00.612] <-- textDocument/documentSymbol(2119)
I[11:34:00.612] --> reply:textDocument/documentSymbol(2118) 0 ms
I[11:34:00.612] --> reply:textDocument/documentSymbol(2119) 0 ms
I[11:34:00.612] --> textDocument/clangd.fileStatus
I[11:34:01.061] <-- textDocument/inlayHint(2120)
I[11:34:01.062] --> reply:textDocument/inlayHint(2120) 0 ms
I[11:34:01.062] --> textDocument/clangd.fileStatus
I[11:34:01.262] <-- textDocument/documentLink(2121)
I[11:34:01.262] --> reply:textDocument/documentLink(2121) 0 ms
I[11:34:01.262] --> textDocument/clangd.fileStatus
I[11:34:04.521] <-- textDocument/didChange
I[11:34:04.521] --> textDocument/clangd.fileStatus
I[11:34:04.545] <-- textDocument/inlayHint(2122)
I[11:34:04.546] Failed to find compilation database for /home/david/Documentos/prueba_OS/RepasoExamen/311.c
I[11:34:04.546] ASTWorker building file /home/david/Documentos/prueba_OS/RepasoExamen/311.c version 485 with command clangd fallback
[/home/david/Documentos/prueba_OS/RepasoExamen]
/usr/bin/clang -resource-dir=/home/david/.vscode-oss/extensions/kylinideteam.kylin-clangd-0.4.0-linux-x64/res/clangd/lib/clang/21 -- /home/david/Documentos/prueba_OS/RepasoExamen/311.c
I[11:34:04.547] --> textDocument/clangd.fileStatus
I[11:34:04.550] --> textDocument/publishDiagnostics
I[11:34:04.550] --> textDocument/inactiveRegions
I[11:34:04.551] --> reply:textDocument/inlayHint(2122) 5 ms
I[11:34:04.551] --> textDocument/clangd.fileStatus
I[11:34:04.720] <-- textDocument/foldingRange(2123)
I[11:34:04.721] --> reply:textDocument/foldingRange(2123) 0 ms
I[11:34:04.771] <-- textDocument/codeAction(2124)
I[11:34:04.771] --> reply:textDocument/codeAction(2124) 0 ms
I[11:34:04.771] --> textDocument/clangd.fileStatus
I[11:34:04.871] <-- textDocument/documentSymbol(2125)
I[11:34:04.871] <-- textDocument/documentSymbol(2126)
I[11:34:04.871] --> reply:textDocument/documentSymbol(2125) 0 ms
I[11:34:04.871] --> reply:textDocument/documentSymbol(2126) 0 ms
I[11:34:04.871] --> textDocument/clangd.fileStatus
I[11:34:05.321] <-- textDocument/inlayHint(2127)
I[11:34:05.321] --> reply:textDocument/inlayHint(2127) 0 ms
I[11:34:05.321] --> textDocument/clangd.fileStatus
I[11:34:05.521] <-- textDocument/documentLink(2128)
I[11:34:05.521] --> reply:textDocument/documentLink(2128) 0 ms
I[11:34:05.521] --> textDocument/clangd.fileStatus
I[11:34:05.617] <-- textDocument/didChange
I[11:34:05.617] --> textDocument/clangd.fileStatus
I[11:34:05.644] <-- textDocument/inlayHint(2129)
I[11:34:05.644] Failed to find compilation database for /home/david/Documentos/prueba_OS/RepasoExamen/311.c
I[11:34:05.644] ASTWorker building file /home/david/Documentos/prueba_OS/RepasoExamen/311.c version 486 with command clangd fallback
[/home/david/Documentos/prueba_OS/RepasoExamen]
/usr/bin/clang -resource-dir=/home/david/.vscode-oss/extensions/kylinideteam.kylin-clangd-0.4.0-linux-x64/res/clangd/lib/clang/21 -- /home/david/Documentos/prueba_OS/RepasoExamen/311.c
I[11:34:05.645] --> textDocument/clangd.fileStatus
I[11:34:05.649] --> textDocument/publishDiagnostics
I[11:34:05.649] --> textDocument/inactiveRegions
I[11:34:05.649] --> reply:textDocument/inlayHint(2129) 5 ms
I[11:34:05.649] --> textDocument/clangd.fileStatus
I[11:34:05.818] <-- textDocument/foldingRange(2130)
I[11:34:05.819] --> reply:textDocument/foldingRange(2130) 0 ms
I[11:34:05.968] <-- textDocument/documentSymbol(2131)
I[11:34:05.968] --> reply:textDocument/documentSymbol(2131) 0 ms
I[11:34:05.968] --> textDocument/clangd.fileStatus
I[11:34:05.968] <-- textDocument/documentSymbol(2132)
I[11:34:05.969] --> reply:textDocument/documentSymbol(2132) 0 ms
I[11:34:05.969] --> textDocument/clangd.fileStatus
I[11:34:06.419] <-- textDocument/inlayHint(2133)
I[11:34:06.419] --> reply:textDocument/inlayHint(2133) 0 ms
I[11:34:06.419] --> textDocument/clangd.fileStatus
I[11:34:06.465] <-- textDocument/codeAction(2134)
I[11:34:06.465] --> reply:textDocument/codeAction(2134) 0 ms
I[11:34:06.465] --> textDocument/clangd.fileStatus
I[11:34:06.535] <-- textDocument/didChange
I[11:34:06.535] --> textDocument/clangd.fileStatus
I[11:34:06.561] <-- textDocument/inlayHint(2135)
I[11:34:06.561] Failed to find compilation database for /home/david/Documentos/prueba_OS/RepasoExamen/311.c
I[11:34:06.561] ASTWorker building file /home/david/Documentos/prueba_OS/RepasoExamen/311.c version 487 with command clangd fallback
[/home/david/Documentos/prueba_OS/RepasoExamen]
/usr/bin/clang -resource-dir=/home/david/.vscode-oss/extensions/kylinideteam.kylin-clangd-0.4.0-linux-x64/res/clangd/lib/clang/21 -- /home/david/Documentos/prueba_OS/RepasoExamen/311.c
I[11:34:06.562] --> textDocument/clangd.fileStatus
I[11:34:06.565] --> textDocument/publishDiagnostics
I[11:34:06.565] --> textDocument/inactiveRegions
I[11:34:06.565] --> reply:textDocument/inlayHint(2135) 4 ms
I[11:34:06.565] --> textDocument/clangd.fileStatus
I[11:34:06.736] <-- textDocument/foldingRange(2136)
I[11:34:06.736] --> reply:textDocument/foldingRange(2136) 0 ms
I[11:34:06.856] <-- textDocument/didChange
I[11:34:06.856] --> textDocument/clangd.fileStatus
I[11:34:06.881] <-- textDocument/inlayHint(2137)
I[11:34:06.882] Failed to find compilation database for /home/david/Documentos/prueba_OS/RepasoExamen/311.c
I[11:34:06.882] ASTWorker building file /home/david/Documentos/prueba_OS/RepasoExamen/311.c version 488 with command clangd fallback
[/home/david/Documentos/prueba_OS/RepasoExamen]
/usr/bin/clang -resource-dir=/home/david/.vscode-oss/extensions/kylinideteam.kylin-clangd-0.4.0-linux-x64/res/clangd/lib/clang/21 -- /home/david/Documentos/prueba_OS/RepasoExamen/311.c
I[11:34:06.882] --> textDocument/clangd.fileStatus
I[11:34:06.886] --> textDocument/publishDiagnostics
I[11:34:06.886] --> textDocument/inactiveRegions
I[11:34:06.886] --> reply:textDocument/inlayHint(2137) 4 ms
I[11:34:06.886] --> textDocument/clangd.fileStatus
I[11:34:06.886] <-- textDocument/documentSymbol(2138)
I[11:34:06.887] --> reply:textDocument/documentSymbol(2138) 0 ms
I[11:34:06.887] --> textDocument/clangd.fileStatus
I[11:34:07.056] <-- textDocument/foldingRange(2139)
I[11:34:07.056] --> reply:textDocument/foldingRange(2139) 0 ms
I[11:34:07.206] <-- textDocument/documentSymbol(2140)
I[11:34:07.206] <-- textDocument/documentSymbol(2141)
I[11:34:07.206] --> reply:textDocument/documentSymbol(2140) 0 ms
I[11:34:07.206] --> reply:textDocument/documentSymbol(2141) 0 ms
I[11:34:07.206] --> textDocument/clangd.fileStatus
I[11:34:07.657] <-- textDocument/inlayHint(2142)
I[11:34:07.657] --> reply:textDocument/inlayHint(2142) 0 ms
I[11:34:07.657] --> textDocument/clangd.fileStatus
I[11:34:07.856] <-- textDocument/documentLink(2143)
I[11:34:07.856] --> reply:textDocument/documentLink(2143) 0 ms
I[11:34:07.856] --> textDocument/clangd.fileStatus
I[11:34:07.908] <-- textDocument/hover(2144)
I[11:34:07.908] --> reply:textDocument/hover(2144) 0 ms
I[11:34:07.908] --> textDocument/clangd.fileStatus
I[11:34:08.086] <-- textDocument/documentHighlight(2145)
I[11:34:08.086] --> reply:textDocument/documentHighlight(2145) 0 ms
I[11:34:08.086] --> textDocument/clangd.fileStatus
I[11:34:08.286] <-- textDocument/codeAction(2146)
I[11:34:08.286] --> reply:textDocument/codeAction(2146) 0 ms
I[11:34:08.286] --> textDocument/clangd.fileStatus
I[11:34:08.499] <-- textDocument/documentHighlight(2147)
I[11:34:08.499] --> reply:textDocument/documentHighlight(2147) 0 ms
I[11:34:08.499] --> textDocument/clangd.fileStatus
I[11:34:08.665] <-- textDocument/didChange
I[11:34:08.665] --> textDocument/clangd.fileStatus
I[11:34:08.690] <-- textDocument/inlayHint(2148)
I[11:34:08.691] Failed to find compilation database for /home/david/Documentos/prueba_OS/RepasoExamen/311.c
I[11:34:08.691] ASTWorker building file /home/david/Documentos/prueba_OS/RepasoExamen/311.c version 489 with command clangd fallback
[/home/david/Documentos/prueba_OS/RepasoExamen]
/usr/bin/clang -resource-dir=/home/david/.vscode-oss/extensions/kylinideteam.kylin-clangd-0.4.0-linux-x64/res/clangd/lib/clang/21 -- /home/david/Documentos/prueba_OS/RepasoExamen/311.c
I[11:34:08.692] --> textDocument/clangd.fileStatus
I[11:34:08.696] --> textDocument/publishDiagnostics
I[11:34:08.696] --> textDocument/inactiveRegions
I[11:34:08.696] --> reply:textDocument/inlayHint(2148) 5 ms
I[11:34:08.696] --> textDocument/clangd.fileStatus
I[11:34:08.866] <-- textDocument/didChange
I[11:34:08.866] --> textDocument/clangd.fileStatus
I[11:34:08.892] <-- textDocument/inlayHint(2149)
I[11:34:08.892] Failed to find compilation database for /home/david/Documentos/prueba_OS/RepasoExamen/311.c
I[11:34:08.892] ASTWorker building file /home/david/Documentos/prueba_OS/RepasoExamen/311.c version 490 with command clangd fallback
[/home/david/Documentos/prueba_OS/RepasoExamen]
/usr/bin/clang -resource-dir=/home/david/.vscode-oss/extensions/kylinideteam.kylin-clangd-0.4.0-linux-x64/res/clangd/lib/clang/21 -- /home/david/Documentos/prueba_OS/RepasoExamen/311.c
I[11:34:08.892] --> textDocument/clangd.fileStatus
I[11:34:08.897] --> textDocument/publishDiagnostics
I[11:34:08.897] --> textDocument/inactiveRegions
I[11:34:08.897] --> reply:textDocument/inlayHint(2149) 5 ms
I[11:34:08.897] --> textDocument/clangd.fileStatus
I[11:34:09.066] <-- textDocument/foldingRange(2150)
I[11:34:09.067] --> reply:textDocument/foldingRange(2150) 0 ms
I[11:34:09.150] <-- textDocument/codeAction(2151)
I[11:34:09.150] --> reply:textDocument/codeAction(2151) 0 ms
I[11:34:09.150] --> textDocument/clangd.fileStatus
I[11:34:09.217] <-- textDocument/documentSymbol(2152)
I[11:34:09.217] <-- textDocument/documentSymbol(2153)
I[11:34:09.217] --> reply:textDocument/documentSymbol(2152) 0 ms
I[11:34:09.217] --> reply:textDocument/documentSymbol(2153) 0 ms
I[11:34:09.217] --> textDocument/clangd.fileStatus
I[11:34:09.522] <-- textDocument/didChange
I[11:34:09.522] --> textDocument/clangd.fileStatus
I[11:34:09.548] <-- textDocument/inlayHint(2154)
I[11:34:09.548] Failed to find compilation database for /home/david/Documentos/prueba_OS/RepasoExamen/311.c
I[11:34:09.548] ASTWorker building file /home/david/Documentos/prueba_OS/RepasoExamen/311.c version 491 with command clangd fallback
[/home/david/Documentos/prueba_OS/RepasoExamen]
/usr/bin/clang -resource-dir=/home/david/.vscode-oss/extensions/kylinideteam.kylin-clangd-0.4.0-linux-x64/res/clangd/lib/clang/21 -- /home/david/Documentos/prueba_OS/RepasoExamen/311.c
I[11:34:09.549] --> textDocument/clangd.fileStatus
I[11:34:09.552] --> textDocument/publishDiagnostics
I[11:34:09.552] --> textDocument/inactiveRegions
I[11:34:09.552] --> reply:textDocument/inlayHint(2154) 4 ms
I[11:34:09.552] --> textDocument/clangd.fileStatus
I[11:34:09.723] <-- textDocument/foldingRange(2155)
I[11:34:09.723] --> reply:textDocument/foldingRange(2155) 0 ms
I[11:34:09.772] <-- textDocument/codeAction(2156)
I[11:34:09.773] --> reply:textDocument/codeAction(2156) 0 ms
I[11:34:09.773] --> textDocument/clangd.fileStatus
I[11:34:09.872] <-- textDocument/documentSymbol(2157)
I[11:34:09.872] <-- textDocument/documentSymbol(2158)
I[11:34:09.873] --> reply:textDocument/documentSymbol(2157) 0 ms
I[11:34:09.873] --> reply:textDocument/documentSymbol(2158) 0 ms
I[11:34:09.873] --> textDocument/clangd.fileStatus
I[11:34:10.323] <-- textDocument/inlayHint(2159)
I[11:34:10.323] --> reply:textDocument/inlayHint(2159) 0 ms
I[11:34:10.323] --> textDocument/clangd.fileStatus
I[11:34:10.477] <-- textDocument/documentHighlight(2160)
I[11:34:10.478] --> reply:textDocument/documentHighlight(2160) 0 ms
I[11:34:10.478] --> textDocument/clangd.fileStatus
I[11:34:10.523] <-- textDocument/documentLink(2161)
I[11:34:10.523] --> reply:textDocument/documentLink(2161) 0 ms
I[11:34:10.523] --> textDocument/clangd.fileStatus
I[11:34:10.677] <-- textDocument/codeAction(2162)
I[11:34:10.677] --> reply:textDocument/codeAction(2162) 0 ms
I[11:34:10.677] --> textDocument/clangd.fileStatus
I[11:34:11.580] <-- textDocument/hover(2163)
I[11:34:11.580] --> reply:textDocument/hover(2163) 0 ms
I[11:34:11.580] --> textDocument/clangd.fileStatus
I[11:34:12.584] <-- textDocument/codeAction(2164)
I[11:34:12.584] --> reply:textDocument/codeAction(2164) 0 ms
I[11:34:12.584] --> textDocument/clangd.fileStatus
I[11:34:12.918] <-- textDocument/didChange
I[11:34:12.919] --> textDocument/clangd.fileStatus
I[11:34:12.944] <-- textDocument/inlayHint(2165)
I[11:34:12.944] Failed to find compilation database for /home/david/Documentos/prueba_OS/RepasoExamen/311.c
I[11:34:12.944] ASTWorker building file /home/david/Documentos/prueba_OS/RepasoExamen/311.c version 492 with command clangd fallback
[/home/david/Documentos/prueba_OS/RepasoExamen]
/usr/bin/clang -resource-dir=/home/david/.vscode-oss/extensions/kylinideteam.kylin-clangd-0.4.0-linux-x64/res/clangd/lib/clang/21 -- /home/david/Documentos/prueba_OS/RepasoExamen/311.c
I[11:34:12.945] --> textDocument/clangd.fileStatus
I[11:34:12.948] --> textDocument/publishDiagnostics
I[11:34:12.948] --> textDocument/inactiveRegions
I[11:34:12.948] --> reply:textDocument/inlayHint(2165) 4 ms
I[11:34:12.948] --> textDocument/clangd.fileStatus
I[11:34:13.119] <-- textDocument/foldingRange(2166)
I[11:34:13.119] --> reply:textDocument/foldingRange(2166) 0 ms
I[11:34:13.269] <-- textDocument/documentSymbol(2167)
I[11:34:13.269] <-- textDocument/documentSymbol(2168)
I[11:34:13.269] --> reply:textDocument/documentSymbol(2167) 0 ms
I[11:34:13.269] --> reply:textDocument/documentSymbol(2168) 0 ms
I[11:34:13.269] --> textDocument/clangd.fileStatus
I[11:34:13.520] <-- textDocument/didChange
I[11:34:13.520] --> textDocument/clangd.fileStatus
I[11:34:13.546] <-- textDocument/inlayHint(2169)
I[11:34:13.546] Failed to find compilation database for /home/david/Documentos/prueba_OS/RepasoExamen/311.c
I[11:34:13.546] ASTWorker building file /home/david/Documentos/prueba_OS/RepasoExamen/311.c version 493 with command clangd fallback
[/home/david/Documentos/prueba_OS/RepasoExamen]
/usr/bin/clang -resource-dir=/home/david/.vscode-oss/extensions/kylinideteam.kylin-clangd-0.4.0-linux-x64/res/clangd/lib/clang/21 -- /home/david/Documentos/prueba_OS/RepasoExamen/311.c
I[11:34:13.547] --> textDocument/clangd.fileStatus
I[11:34:13.552] --> textDocument/publishDiagnostics
I[11:34:13.552] --> textDocument/inactiveRegions
I[11:34:13.552] --> reply:textDocument/inlayHint(2169) 5 ms
I[11:34:13.552] --> textDocument/clangd.fileStatus
I[11:34:13.721] <-- textDocument/foldingRange(2170)
I[11:34:13.721] --> reply:textDocument/foldingRange(2170) 0 ms
I[11:34:13.776] <-- textDocument/didChange
I[11:34:13.776] --> textDocument/clangd.fileStatus
I[11:34:13.802] <-- textDocument/inlayHint(2171)
I[11:34:13.802] Failed to find compilation database for /home/david/Documentos/prueba_OS/RepasoExamen/311.c
I[11:34:13.802] ASTWorker building file /home/david/Documentos/prueba_OS/RepasoExamen/311.c version 494 with command clangd fallback
[/home/david/Documentos/prueba_OS/RepasoExamen]
/usr/bin/clang -resource-dir=/home/david/.vscode-oss/extensions/kylinideteam.kylin-clangd-0.4.0-linux-x64/res/clangd/lib/clang/21 -- /home/david/Documentos/prueba_OS/RepasoExamen/311.c
I[11:34:13.803] --> textDocument/clangd.fileStatus
I[11:34:13.807] --> textDocument/publishDiagnostics
I[11:34:13.807] --> textDocument/inactiveRegions
I[11:34:13.808] --> reply:textDocument/inlayHint(2171) 5 ms
I[11:34:13.808] --> textDocument/clangd.fileStatus
I[11:34:13.977] <-- textDocument/foldingRange(2172)
I[11:34:13.977] --> reply:textDocument/foldingRange(2172) 0 ms
I[11:34:14.040] <-- textDocument/didChange
I[11:34:14.040] --> textDocument/clangd.fileStatus
I[11:34:14.066] <-- textDocument/inlayHint(2173)
I[11:34:14.066] Failed to find compilation database for /home/david/Documentos/prueba_OS/RepasoExamen/311.c
I[11:34:14.067] ASTWorker building file /home/david/Documentos/prueba_OS/RepasoExamen/311.c version 495 with command clangd fallback
[/home/david/Documentos/prueba_OS/RepasoExamen]
/usr/bin/clang -resource-dir=/home/david/.vscode-oss/extensions/kylinideteam.kylin-clangd-0.4.0-linux-x64/res/clangd/lib/clang/21 -- /home/david/Documentos/prueba_OS/RepasoExamen/311.c
I[11:34:14.067] --> textDocument/clangd.fileStatus
I[11:34:14.071] --> textDocument/publishDiagnostics
I[11:34:14.071] --> textDocument/inactiveRegions
I[11:34:14.071] --> reply:textDocument/inlayHint(2173) 4 ms
I[11:34:14.071] --> textDocument/clangd.fileStatus
I[11:34:14.241] <-- textDocument/foldingRange(2174)
I[11:34:14.241] --> reply:textDocument/foldingRange(2174) 0 ms
I[11:34:14.351] <-- textDocument/didChange
I[11:34:14.351] --> textDocument/clangd.fileStatus
I[11:34:14.377] <-- textDocument/inlayHint(2175)
I[11:34:14.377] Failed to find compilation database for /home/david/Documentos/prueba_OS/RepasoExamen/311.c
I[11:34:14.377] ASTWorker building file /home/david/Documentos/prueba_OS/RepasoExamen/311.c version 496 with command clangd fallback
[/home/david/Documentos/prueba_OS/RepasoExamen]
/usr/bin/clang -resource-dir=/home/david/.vscode-oss/extensions/kylinideteam.kylin-clangd-0.4.0-linux-x64/res/clangd/lib/clang/21 -- /home/david/Documentos/prueba_OS/RepasoExamen/311.c
I[11:34:14.378] --> textDocument/clangd.fileStatus
I[11:34:14.381] --> textDocument/publishDiagnostics
I[11:34:14.381] --> textDocument/inactiveRegions
I[11:34:14.381] --> reply:textDocument/inlayHint(2175) 4 ms
I[11:34:14.381] --> textDocument/clangd.fileStatus
I[11:34:14.392] <-- textDocument/documentSymbol(2176)
I[11:34:14.392] --> reply:textDocument/documentSymbol(2176) 0 ms
I[11:34:14.392] --> textDocument/clangd.fileStatus
I[11:34:14.552] <-- textDocument/foldingRange(2177)
I[11:34:14.552] --> reply:textDocument/foldingRange(2177) 0 ms
I[11:34:14.602] <-- textDocument/codeAction(2178)
I[11:34:14.602] --> reply:textDocument/codeAction(2178) 0 ms
I[11:34:14.602] --> textDocument/clangd.fileStatus
I[11:34:14.701] <-- textDocument/documentSymbol(2179)
I[11:34:14.701] --> reply:textDocument/documentSymbol(2179) 0 ms
I[11:34:14.701] --> textDocument/clangd.fileStatus
I[11:34:14.701] <-- textDocument/documentSymbol(2180)
I[11:34:14.701] --> reply:textDocument/documentSymbol(2180) 0 ms
I[11:34:14.701] --> textDocument/clangd.fileStatus
I[11:34:14.708] <-- textDocument/didSave
I[11:34:14.708] File version went from 1 to 1
I[11:34:14.708] File version went from 496 to 496
I[11:34:14.708] --> textDocument/clangd.fileStatus
I[11:34:14.708] --> textDocument/clangd.fileStatus
I[11:34:14.758] Failed to find compilation database for /home/david/Documentos/prueba_OS/RepasoExamen/mistat.c
I[11:34:14.758] ASTWorker building file /home/david/Documentos/prueba_OS/RepasoExamen/mistat.c version 1 with command clangd fallback
[/home/david/Documentos/prueba_OS/RepasoExamen]
/usr/bin/clang -resource-dir=/home/david/.vscode-oss/extensions/kylinideteam.kylin-clangd-0.4.0-linux-x64/res/clangd/lib/clang/21 -- /home/david/Documentos/prueba_OS/RepasoExamen/mistat.c
I[11:34:14.758] Failed to find compilation database for /home/david/Documentos/prueba_OS/RepasoExamen/311.c
I[11:34:14.758] ASTWorker building file /home/david/Documentos/prueba_OS/RepasoExamen/311.c version 496 with command clangd fallback
[/home/david/Documentos/prueba_OS/RepasoExamen]
/usr/bin/clang -resource-dir=/home/david/.vscode-oss/extensions/kylinideteam.kylin-clangd-0.4.0-linux-x64/res/clangd/lib/clang/21 -- /home/david/Documentos/prueba_OS/RepasoExamen/311.c
I[11:34:14.759] --> textDocument/clangd.fileStatus
I[11:34:14.759] --> textDocument/clangd.fileStatus
I[11:34:14.759] --> textDocument/clangd.fileStatus
I[11:34:14.759] --> textDocument/clangd.fileStatus
I[11:34:14.759] --> textDocument/clangd.fileStatus
I[11:34:14.759] --> textDocument/clangd.fileStatus
I[11:34:14.759] --> textDocument/clangd.fileStatus
I[11:34:14.759] --> textDocument/clangd.fileStatus
I[11:34:15.151] <-- textDocument/inlayHint(2181)
I[11:34:15.152] --> reply:textDocument/inlayHint(2181) 0 ms
I[11:34:15.152] --> textDocument/clangd.fileStatus
I[11:34:15.352] <-- textDocument/documentLink(2182)
I[11:34:15.352] --> reply:textDocument/documentLink(2182) 0 ms
I[11:34:15.352] --> textDocument/clangd.fileStatus
I[11:34:26.614] <-- textDocument/hover(2183)
I[11:34:26.614] --> reply:textDocument/hover(2183) 0 ms
I[11:34:26.614] --> textDocument/clangd.fileStatus
I[11:34:27.361] <-- textDocument/hover(2184)
I[11:34:27.362] --> reply:textDocument/hover(2184) 0 ms
I[11:34:27.362] --> textDocument/clangd.fileStatus
I[11:34:27.441] <-- textDocument/documentHighlight(2185)
I[11:34:27.441] --> reply:textDocument/documentHighlight(2185) 0 ms
I[11:34:27.441] --> textDocument/clangd.fileStatus
I[11:34:27.641] <-- textDocument/codeAction(2186)
I[11:34:27.641] --> reply:textDocument/codeAction(2186) 0 ms
I[11:34:27.641] --> textDocument/clangd.fileStatus
I[11:34:28.444] <-- textDocument/didChange
I[11:34:28.444] --> textDocument/clangd.fileStatus
I[11:34:28.445] <-- textDocument/completion(2187)
I[11:34:28.445] --> reply:textDocument/completion(2187) 0 ms
I[11:34:28.470] <-- textDocument/inlayHint(2188)
I[11:34:28.470] Failed to find compilation database for /home/david/Documentos/prueba_OS/RepasoExamen/311.c
I[11:34:28.471] ASTWorker building file /home/david/Documentos/prueba_OS/RepasoExamen/311.c version 497 with command clangd fallback
[/home/david/Documentos/prueba_OS/RepasoExamen]
/usr/bin/clang -resource-dir=/home/david/.vscode-oss/extensions/kylinideteam.kylin-clangd-0.4.0-linux-x64/res/clangd/lib/clang/21 -- /home/david/Documentos/prueba_OS/RepasoExamen/311.c
I[11:34:28.471] --> textDocument/clangd.fileStatus
I[11:34:28.475] --> textDocument/publishDiagnostics
I[11:34:28.475] --> textDocument/inactiveRegions
I[11:34:28.475] --> reply:textDocument/inlayHint(2188) 4 ms
I[11:34:28.475] --> textDocument/clangd.fileStatus
I[11:34:28.632] <-- textDocument/didChange
I[11:34:28.632] --> textDocument/clangd.fileStatus
I[11:34:28.632] <-- textDocument/completion(2189)
I[11:34:28.632] --> reply:textDocument/completion(2189) 0 ms
I[11:34:28.657] <-- textDocument/inlayHint(2190)
I[11:34:28.658] Failed to find compilation database for /home/david/Documentos/prueba_OS/RepasoExamen/311.c
I[11:34:28.658] ASTWorker building file /home/david/Documentos/prueba_OS/RepasoExamen/311.c version 498 with command clangd fallback
[/home/david/Documentos/prueba_OS/RepasoExamen]
/usr/bin/clang -resource-dir=/home/david/.vscode-oss/extensions/kylinideteam.kylin-clangd-0.4.0-linux-x64/res/clangd/lib/clang/21 -- /home/david/Documentos/prueba_OS/RepasoExamen/311.c
I[11:34:28.658] --> textDocument/clangd.fileStatus
I[11:34:28.661] --> textDocument/publishDiagnostics
I[11:34:28.661] --> textDocument/inactiveRegions
I[11:34:28.662] --> reply:textDocument/inlayHint(2190) 4 ms
I[11:34:28.662] --> textDocument/clangd.fileStatus
I[11:34:28.832] <-- textDocument/foldingRange(2191)
I[11:34:28.832] --> reply:textDocument/foldingRange(2191) 0 ms
I[11:34:28.914] <-- textDocument/codeAction(2192)
I[11:34:28.914] --> reply:textDocument/codeAction(2192) 0 ms
I[11:34:28.914] --> textDocument/clangd.fileStatus
I[11:34:28.964] <-- textDocument/didSave
I[11:34:28.964] File version went from 1 to 1
I[11:34:28.964] File version went from 498 to 498
I[11:34:28.964] --> textDocument/clangd.fileStatus
I[11:34:28.964] --> textDocument/clangd.fileStatus
I[11:34:28.982] <-- textDocument/documentSymbol(2193)
I[11:34:28.982] Failed to find compilation database for /home/david/Documentos/prueba_OS/RepasoExamen/311.c
I[11:34:28.982] ASTWorker building file /home/david/Documentos/prueba_OS/RepasoExamen/311.c version 498 with command clangd fallback
[/home/david/Documentos/prueba_OS/RepasoExamen]
/usr/bin/clang -resource-dir=/home/david/.vscode-oss/extensions/kylinideteam.kylin-clangd-0.4.0-linux-x64/res/clangd/lib/clang/21 -- /home/david/Documentos/prueba_OS/RepasoExamen/311.c
I[11:34:28.982] <-- textDocument/documentSymbol(2194)
I[11:34:28.983] --> reply:textDocument/documentSymbol(2193) 1 ms
I[11:34:28.983] --> reply:textDocument/documentSymbol(2194) 0 ms
I[11:34:28.983] --> textDocument/clangd.fileStatus
I[11:34:28.983] --> textDocument/clangd.fileStatus
I[11:34:28.983] --> textDocument/clangd.fileStatus
I[11:34:28.984] --> textDocument/clangd.fileStatus
I[11:34:29.014] Failed to find compilation database for /home/david/Documentos/prueba_OS/RepasoExamen/mistat.c
I[11:34:29.014] ASTWorker building file /home/david/Documentos/prueba_OS/RepasoExamen/mistat.c version 1 with command clangd fallback
[/home/david/Documentos/prueba_OS/RepasoExamen]
/usr/bin/clang -resource-dir=/home/david/.vscode-oss/extensions/kylinideteam.kylin-clangd-0.4.0-linux-x64/res/clangd/lib/clang/21 -- /home/david/Documentos/prueba_OS/RepasoExamen/mistat.c
I[11:34:29.015] --> textDocument/clangd.fileStatus
I[11:34:29.015] --> textDocument/clangd.fileStatus
I[11:34:29.015] --> textDocument/clangd.fileStatus
I[11:34:29.015] --> textDocument/clangd.fileStatus
I[11:34:29.433] <-- textDocument/inlayHint(2195)
I[11:34:29.433] --> reply:textDocument/inlayHint(2195) 0 ms
I[11:34:29.433] --> textDocument/clangd.fileStatus
I[11:34:29.632] <-- textDocument/documentLink(2196)
I[11:34:29.632] --> reply:textDocument/documentLink(2196) 0 ms
I[11:34:29.632] --> textDocument/clangd.fileStatus
I[11:34:31.142] <-- textDocument/inlayHint(2197)
I[11:34:31.142] --> reply:textDocument/inlayHint(2197) 0 ms
I[11:34:31.142] --> textDocument/clangd.fileStatus
I[11:34:32.879] <-- textDocument/hover(2198)
I[11:34:32.879] --> reply:textDocument/hover(2198) 0 ms
I[11:34:32.879] --> textDocument/clangd.fileStatus
I[11:34:33.753] <-- textDocument/hover(2199)
I[11:34:33.753] --> reply:textDocument/hover(2199) 0 ms
I[11:34:33.754] --> textDocument/clangd.fileStatus
I[11:34:35.414] <-- textDocument/didChange
I[11:34:35.414] --> textDocument/clangd.fileStatus
I[11:34:35.415] <-- textDocument/completion(2200)
I[11:34:35.415] --> reply:textDocument/completion(2200) 0 ms
I[11:34:35.440] <-- textDocument/inlayHint(2201)
I[11:34:35.440] Failed to find compilation database for /home/david/Documentos/prueba_OS/RepasoExamen/311.c
I[11:34:35.440] ASTWorker building file /home/david/Documentos/prueba_OS/RepasoExamen/311.c version 499 with command clangd fallback
[/home/david/Documentos/prueba_OS/RepasoExamen]
/usr/bin/clang -resource-dir=/home/david/.vscode-oss/extensions/kylinideteam.kylin-clangd-0.4.0-linux-x64/res/clangd/lib/clang/21 -- /home/david/Documentos/prueba_OS/RepasoExamen/311.c
I[11:34:35.441] --> textDocument/clangd.fileStatus
I[11:34:35.444] --> textDocument/publishDiagnostics
I[11:34:35.444] --> textDocument/inactiveRegions
I[11:34:35.445] --> reply:textDocument/inlayHint(2201) 4 ms
I[11:34:35.445] --> textDocument/clangd.fileStatus
I[11:34:35.539] <-- textDocument/didChange
I[11:34:35.539] --> textDocument/clangd.fileStatus
I[11:34:35.540] <-- textDocument/completion(2202)
I[11:34:35.540] --> reply:textDocument/completion(2202) 0 ms
I[11:34:35.565] <-- textDocument/inlayHint(2203)
I[11:34:35.565] Failed to find compilation database for /home/david/Documentos/prueba_OS/RepasoExamen/311.c
I[11:34:35.565] ASTWorker building file /home/david/Documentos/prueba_OS/RepasoExamen/311.c version 500 with command clangd fallback
[/home/david/Documentos/prueba_OS/RepasoExamen]
/usr/bin/clang -resource-dir=/home/david/.vscode-oss/extensions/kylinideteam.kylin-clangd-0.4.0-linux-x64/res/clangd/lib/clang/21 -- /home/david/Documentos/prueba_OS/RepasoExamen/311.c
I[11:34:35.565] --> textDocument/clangd.fileStatus
I[11:34:35.569] --> textDocument/publishDiagnostics
I[11:34:35.569] --> textDocument/inactiveRegions
I[11:34:35.569] --> reply:textDocument/inlayHint(2203) 4 ms
I[11:34:35.569] --> textDocument/clangd.fileStatus
I[11:34:35.739] <-- textDocument/foldingRange(2204)
I[11:34:35.740] --> reply:textDocument/foldingRange(2204) 0 ms
I[11:34:35.821] <-- textDocument/codeAction(2205)
I[11:34:35.821] --> reply:textDocument/codeAction(2205) 0 ms
I[11:34:35.821] --> textDocument/clangd.fileStatus
I[11:34:35.880] <-- textDocument/didSave
I[11:34:35.880] File version went from 1 to 1
I[11:34:35.880] File version went from 500 to 500
I[11:34:35.880] --> textDocument/clangd.fileStatus
I[11:34:35.880] --> textDocument/clangd.fileStatus
I[11:34:35.891] <-- textDocument/documentSymbol(2206)
I[11:34:35.891] <-- textDocument/documentSymbol(2207)
I[11:34:35.891] Failed to find compilation database for /home/david/Documentos/prueba_OS/RepasoExamen/311.c
I[11:34:35.891] ASTWorker building file /home/david/Documentos/prueba_OS/RepasoExamen/311.c version 500 with command clangd fallback
[/home/david/Documentos/prueba_OS/RepasoExamen]
/usr/bin/clang -resource-dir=/home/david/.vscode-oss/extensions/kylinideteam.kylin-clangd-0.4.0-linux-x64/res/clangd/lib/clang/21 -- /home/david/Documentos/prueba_OS/RepasoExamen/311.c
I[11:34:35.892] --> reply:textDocument/documentSymbol(2206) 0 ms
I[11:34:35.892] --> reply:textDocument/documentSymbol(2207) 0 ms
I[11:34:35.892] --> textDocument/clangd.fileStatus
I[11:34:35.892] --> textDocument/clangd.fileStatus
I[11:34:35.892] --> textDocument/clangd.fileStatus
I[11:34:35.892] --> textDocument/clangd.fileStatus
I[11:34:35.930] Failed to find compilation database for /home/david/Documentos/prueba_OS/RepasoExamen/mistat.c
I[11:34:35.930] ASTWorker building file /home/david/Documentos/prueba_OS/RepasoExamen/mistat.c version 1 with command clangd fallback
[/home/david/Documentos/prueba_OS/RepasoExamen]
/usr/bin/clang -resource-dir=/home/david/.vscode-oss/extensions/kylinideteam.kylin-clangd-0.4.0-linux-x64/res/clangd/lib/clang/21 -- /home/david/Documentos/prueba_OS/RepasoExamen/mistat.c
I[11:34:35.930] --> textDocument/clangd.fileStatus
I[11:34:35.931] --> textDocument/clangd.fileStatus
I[11:34:35.931] --> textDocument/clangd.fileStatus
I[11:34:35.931] --> textDocument/clangd.fileStatus
I[11:34:36.339] <-- textDocument/inlayHint(2208)
I[11:34:36.340] --> reply:textDocument/inlayHint(2208) 0 ms
I[11:34:36.340] --> textDocument/clangd.fileStatus
I[11:34:36.539] <-- textDocument/documentLink(2209)
I[11:34:36.540] --> reply:textDocument/documentLink(2209) 0 ms
I[11:34:36.540] --> textDocument/clangd.fileStatus
I[11:35:05.136] <-- textDocument/didOpen
I[11:35:05.136] Failed to find compilation database for /home/david/Documentos/prueba_OS/RepasoExamen/35.c
I[11:35:05.136] ASTWorker building file /home/david/Documentos/prueba_OS/RepasoExamen/35.c version 1 with command clangd fallback
[/home/david/Documentos/prueba_OS/RepasoExamen]
/usr/bin/clang -resource-dir=/home/david/.vscode-oss/extensions/kylinideteam.kylin-clangd-0.4.0-linux-x64/res/clangd/lib/clang/21 -- /home/david/Documentos/prueba_OS/RepasoExamen/35.c
I[11:35:05.137] --> textDocument/clangd.fileStatus
I[11:35:05.144] <-- textDocument/codeAction(2210)
I[11:35:05.144] <-- textDocument/documentSymbol(2211)
I[11:35:05.151] Built preamble of size 580060 for file /home/david/Documentos/prueba_OS/RepasoExamen/35.c version 1 in 0.01 seconds
I[11:35:05.151] --> workspace/semanticTokens/refresh(3)
I[11:35:05.152] <-- reply(3)
I[11:35:05.156] --> textDocument/publishDiagnostics
I[11:35:05.156] --> textDocument/inactiveRegions
I[11:35:05.156] --> reply:textDocument/codeAction(2210) 12 ms
I[11:35:05.156] --> reply:textDocument/documentSymbol(2211) 12 ms
I[11:35:05.156] --> textDocument/clangd.fileStatus
I[11:35:05.193] <-- textDocument/inlayHint(2212)
I[11:35:05.193] <-- textDocument/documentLink(2213)
I[11:35:05.194] --> reply:textDocument/inlayHint(2212) 0 ms
I[11:35:05.194] --> reply:textDocument/documentLink(2213) 0 ms
I[11:35:05.194] --> textDocument/clangd.fileStatus
I[11:35:05.439] <-- textDocument/foldingRange(2214)
I[11:35:05.439] <-- textDocument/documentSymbol(2215)
I[11:35:05.439] --> reply:textDocument/documentSymbol(2215) 0 ms
I[11:35:05.439] --> textDocument/clangd.fileStatus
I[11:35:05.439] --> reply:textDocument/foldingRange(2214) 0 ms
I[11:35:07.792] <-- textDocument/didOpen
I[11:35:07.792] Failed to find compilation database for /home/david/Documentos/prueba_OS/RepasoExamen/29.c
I[11:35:07.792] ASTWorker building file /home/david/Documentos/prueba_OS/RepasoExamen/29.c version 1 with command clangd fallback
[/home/david/Documentos/prueba_OS/RepasoExamen]
/usr/bin/clang -resource-dir=/home/david/.vscode-oss/extensions/kylinideteam.kylin-clangd-0.4.0-linux-x64/res/clangd/lib/clang/21 -- /home/david/Documentos/prueba_OS/RepasoExamen/29.c
I[11:35:07.793] --> textDocument/clangd.fileStatus
I[11:35:07.798] <-- textDocument/codeAction(2216)
I[11:35:07.798] <-- textDocument/documentSymbol(2217)
I[11:35:07.803] <-- textDocument/documentLink(2218)
I[11:35:07.807] Built preamble of size 564828 for file /home/david/Documentos/prueba_OS/RepasoExamen/29.c version 1 in 0.01 seconds
I[11:35:07.807] --> workspace/semanticTokens/refresh(4)
I[11:35:07.807] <-- reply(4)
I[11:35:07.811] --> textDocument/publishDiagnostics
I[11:35:07.811] --> textDocument/inactiveRegions
I[11:35:07.811] --> reply:textDocument/codeAction(2216) 13 ms
I[11:35:07.811] --> reply:textDocument/documentSymbol(2217) 13 ms
I[11:35:07.811] --> reply:textDocument/documentLink(2218) 8 ms
I[11:35:07.811] --> textDocument/clangd.fileStatus
I[11:35:07.825] <-- textDocument/inlayHint(2219)
I[11:35:07.826] --> reply:textDocument/inlayHint(2219) 0 ms
I[11:35:07.826] --> textDocument/clangd.fileStatus
I[11:35:08.046] <-- textDocument/codeAction(2220)
I[11:35:08.046] --> reply:textDocument/codeAction(2220) 0 ms
I[11:35:08.046] --> textDocument/clangd.fileStatus
I[11:35:08.094] <-- textDocument/foldingRange(2221)
I[11:35:08.094] --> reply:textDocument/foldingRange(2221) 0 ms
I[11:35:08.094] <-- textDocument/documentSymbol(2222)
I[11:35:08.094] --> reply:textDocument/documentSymbol(2222) 0 ms
I[11:35:08.094] --> textDocument/clangd.fileStatus
I[11:35:10.277] <-- textDocument/didOpen
I[11:35:10.278] Failed to find compilation database for /home/david/Documentos/prueba_OS/RepasoExamen/28.c
I[11:35:10.278] ASTWorker building file /home/david/Documentos/prueba_OS/RepasoExamen/28.c version 1 with command clangd fallback
[/home/david/Documentos/prueba_OS/RepasoExamen]
/usr/bin/clang -resource-dir=/home/david/.vscode-oss/extensions/kylinideteam.kylin-clangd-0.4.0-linux-x64/res/clangd/lib/clang/21 -- /home/david/Documentos/prueba_OS/RepasoExamen/28.c
I[11:35:10.278] --> textDocument/clangd.fileStatus
I[11:35:10.283] <-- textDocument/codeAction(2223)
I[11:35:10.283] <-- textDocument/documentSymbol(2224)
I[11:35:10.293] Built preamble of size 584336 for file /home/david/Documentos/prueba_OS/RepasoExamen/28.c version 1 in 0.01 seconds
I[11:35:10.293] --> workspace/semanticTokens/refresh(5)
I[11:35:10.294] <-- reply(5)
I[11:35:10.294] <-- textDocument/documentLink(2225)
I[11:35:10.298] --> textDocument/publishDiagnostics
I[11:35:10.298] --> textDocument/inactiveRegions
I[11:35:10.299] --> reply:textDocument/codeAction(2223) 15 ms
I[11:35:10.299] --> reply:textDocument/documentSymbol(2224) 15 ms
I[11:35:10.299] --> reply:textDocument/documentLink(2225) 4 ms
I[11:35:10.299] --> textDocument/clangd.fileStatus
I[11:35:10.313] <-- textDocument/inlayHint(2226)
I[11:35:10.313] --> reply:textDocument/inlayHint(2226) 0 ms
I[11:35:10.313] --> textDocument/clangd.fileStatus
I[11:35:10.531] <-- textDocument/codeAction(2227)
I[11:35:10.531] --> reply:textDocument/codeAction(2227) 0 ms
I[11:35:10.531] --> textDocument/clangd.fileStatus
I[11:35:10.579] <-- textDocument/foldingRange(2228)
I[11:35:10.579] <-- textDocument/documentSymbol(2229)
I[11:35:10.579] --> reply:textDocument/documentSymbol(2229) 0 ms
I[11:35:10.579] --> textDocument/clangd.fileStatus
I[11:35:10.580] --> reply:textDocument/foldingRange(2228) 0 ms
I[11:35:11.587] <-- textDocument/codeAction(2230)
I[11:35:11.591] --> reply:textDocument/codeAction(2230) 4 ms
I[11:35:11.591] --> textDocument/clangd.fileStatus
I[11:35:11.606] <-- textDocument/documentLink(2231)
I[11:35:11.606] --> reply:textDocument/documentLink(2231) 0 ms
I[11:35:11.607] --> textDocument/clangd.fileStatus
I[11:35:11.614] <-- textDocument/inlayHint(2232)
I[11:35:11.614] --> reply:textDocument/inlayHint(2232) 0 ms
I[11:35:11.614] --> textDocument/clangd.fileStatus
I[11:35:11.783] <-- textDocument/foldingRange(2233)
I[11:35:11.783] --> reply:textDocument/foldingRange(2233) 0 ms
I[11:35:11.838] <-- textDocument/codeAction(2234)
I[11:35:11.838] --> reply:textDocument/codeAction(2234) 0 ms
I[11:35:11.838] --> textDocument/clangd.fileStatus
I[11:35:11.883] <-- textDocument/documentSymbol(2235)
I[11:35:11.883] --> reply:textDocument/documentSymbol(2235) 0 ms
I[11:35:11.883] --> textDocument/clangd.fileStatus
I[11:35:15.064] <-- textDocument/hover(2236)
I[11:35:15.064] --> reply:textDocument/hover(2236) 0 ms
I[11:35:15.064] --> textDocument/clangd.fileStatus
I[11:35:15.432] <-- textDocument/hover(2237)
I[11:35:15.433] --> reply:textDocument/hover(2237) 0 ms
I[11:35:15.433] --> textDocument/clangd.fileStatus
I[11:35:15.635] <-- textDocument/documentHighlight(2238)
I[11:35:15.635] --> reply:textDocument/documentHighlight(2238) 0 ms
I[11:35:15.635] --> textDocument/clangd.fileStatus
I[11:35:15.835] <-- textDocument/codeAction(2239)
I[11:35:15.835] --> reply:textDocument/codeAction(2239) 0 ms
I[11:35:15.835] --> textDocument/clangd.fileStatus
I[11:35:17.578] <-- textDocument/hover(2240)
I[11:35:17.578] --> reply:textDocument/hover(2240) 0 ms
I[11:35:17.578] --> textDocument/clangd.fileStatus
I[11:35:17.732] <-- textDocument/documentHighlight(2241)
I[11:35:17.732] --> reply:textDocument/documentHighlight(2241) 0 ms
I[11:35:17.732] --> textDocument/clangd.fileStatus
I[11:35:17.932] <-- textDocument/codeAction(2242)
I[11:35:17.932] --> reply:textDocument/codeAction(2242) 0 ms
I[11:35:17.932] --> textDocument/clangd.fileStatus
I[11:35:19.023] <-- textDocument/hover(2243)
I[11:35:19.023] --> reply:textDocument/hover(2243) 0 ms
I[11:35:19.023] --> textDocument/clangd.fileStatus
I[11:35:19.295] <-- textDocument/hover(2244)
I[11:35:19.295] --> reply:textDocument/hover(2244) 0 ms
I[11:35:19.295] --> textDocument/clangd.fileStatus
I[11:35:19.601] <-- textDocument/codeAction(2245)
I[11:35:19.601] --> reply:textDocument/codeAction(2245) 0 ms
I[11:35:19.601] --> textDocument/clangd.fileStatus
I[11:35:20.027] <-- textDocument/hover(2246)
I[11:35:20.027] --> reply:textDocument/hover(2246) 0 ms
I[11:35:20.027] --> textDocument/clangd.fileStatus
I[11:35:20.466] <-- textDocument/codeAction(2247)
I[11:35:20.466] --> reply:textDocument/codeAction(2247) 0 ms
I[11:35:20.466] --> textDocument/clangd.fileStatus
I[11:35:20.812] <-- textDocument/didChange
I[11:35:20.812] --> textDocument/clangd.fileStatus
I[11:35:20.838] <-- textDocument/inlayHint(2248)
I[11:35:20.838] Failed to find compilation database for /home/david/Documentos/prueba_OS/RepasoExamen/311.c
I[11:35:20.839] ASTWorker building file /home/david/Documentos/prueba_OS/RepasoExamen/311.c version 501 with command clangd fallback
[/home/david/Documentos/prueba_OS/RepasoExamen]
/usr/bin/clang -resource-dir=/home/david/.vscode-oss/extensions/kylinideteam.kylin-clangd-0.4.0-linux-x64/res/clangd/lib/clang/21 -- /home/david/Documentos/prueba_OS/RepasoExamen/311.c
I[11:35:20.839] --> textDocument/clangd.fileStatus
I[11:35:20.843] --> textDocument/publishDiagnostics
I[11:35:20.843] --> textDocument/inactiveRegions
I[11:35:20.843] --> reply:textDocument/inlayHint(2248) 4 ms
I[11:35:20.843] --> textDocument/clangd.fileStatus
I[11:35:21.013] <-- textDocument/didChange
I[11:35:21.013] --> textDocument/clangd.fileStatus
I[11:35:21.038] <-- textDocument/inlayHint(2249)
I[11:35:21.039] Failed to find compilation database for /home/david/Documentos/prueba_OS/RepasoExamen/311.c
I[11:35:21.039] ASTWorker building file /home/david/Documentos/prueba_OS/RepasoExamen/311.c version 502 with command clangd fallback
[/home/david/Documentos/prueba_OS/RepasoExamen]
/usr/bin/clang -resource-dir=/home/david/.vscode-oss/extensions/kylinideteam.kylin-clangd-0.4.0-linux-x64/res/clangd/lib/clang/21 -- /home/david/Documentos/prueba_OS/RepasoExamen/311.c
I[11:35:21.039] --> textDocument/clangd.fileStatus
I[11:35:21.043] --> textDocument/publishDiagnostics
I[11:35:21.043] --> textDocument/inactiveRegions
I[11:35:21.043] --> reply:textDocument/inlayHint(2249) 4 ms
I[11:35:21.043] --> textDocument/clangd.fileStatus
I[11:35:21.213] <-- textDocument/foldingRange(2250)
I[11:35:21.214] --> reply:textDocument/foldingRange(2250) 0 ms
I[11:35:21.364] <-- textDocument/documentSymbol(2251)
I[11:35:21.364] <-- textDocument/documentSymbol(2252)
I[11:35:21.364] --> reply:textDocument/documentSymbol(2251) 0 ms
I[11:35:21.364] --> reply:textDocument/documentSymbol(2252) 0 ms
I[11:35:21.364] --> textDocument/clangd.fileStatus
I[11:35:21.642] <-- textDocument/documentHighlight(2253)
I[11:35:21.642] --> reply:textDocument/documentHighlight(2253) 0 ms
I[11:35:21.642] --> textDocument/clangd.fileStatus
I[11:35:21.696] <-- textDocument/didChange
I[11:35:21.696] --> textDocument/clangd.fileStatus
I[11:35:21.722] <-- textDocument/inlayHint(2254)
I[11:35:21.723] Failed to find compilation database for /home/david/Documentos/prueba_OS/RepasoExamen/311.c
I[11:35:21.723] ASTWorker building file /home/david/Documentos/prueba_OS/RepasoExamen/311.c version 503 with command clangd fallback
[/home/david/Documentos/prueba_OS/RepasoExamen]
/usr/bin/clang -resource-dir=/home/david/.vscode-oss/extensions/kylinideteam.kylin-clangd-0.4.0-linux-x64/res/clangd/lib/clang/21 -- /home/david/Documentos/prueba_OS/RepasoExamen/311.c
I[11:35:21.723] --> textDocument/clangd.fileStatus
I[11:35:21.726] --> textDocument/publishDiagnostics
I[11:35:21.726] --> textDocument/inactiveRegions
I[11:35:21.727] --> reply:textDocument/inlayHint(2254) 4 ms
I[11:35:21.727] --> textDocument/clangd.fileStatus
I[11:35:21.897] <-- textDocument/foldingRange(2255)
I[11:35:21.897] --> reply:textDocument/foldingRange(2255) 0 ms
I[11:35:21.947] <-- textDocument/codeAction(2256)
I[11:35:21.947] --> reply:textDocument/codeAction(2256) 0 ms
I[11:35:21.947] --> textDocument/clangd.fileStatus
I[11:35:22.047] <-- textDocument/documentSymbol(2257)
I[11:35:22.047] <-- textDocument/documentSymbol(2258)
I[11:35:22.047] --> reply:textDocument/documentSymbol(2257) 0 ms
I[11:35:22.047] --> reply:textDocument/documentSymbol(2258) 0 ms
I[11:35:22.047] --> textDocument/clangd.fileStatus
I[11:35:22.497] <-- textDocument/inlayHint(2259)
I[11:35:22.498] --> reply:textDocument/inlayHint(2259) 0 ms
I[11:35:22.498] --> textDocument/clangd.fileStatus
I[11:35:22.697] <-- textDocument/documentLink(2260)
I[11:35:22.697] --> reply:textDocument/documentLink(2260) 0 ms
I[11:35:22.697] --> textDocument/clangd.fileStatus
I[11:36:24.358] <-- textDocument/documentHighlight(2261)
I[11:36:24.358] --> reply:textDocument/documentHighlight(2261) 0 ms
I[11:36:24.358] --> textDocument/clangd.fileStatus
I[11:36:25.653] <-- textDocument/hover(2262)
I[11:36:25.653] --> reply:textDocument/hover(2262) 0 ms
I[11:36:25.653] --> textDocument/clangd.fileStatus
I[11:36:26.827] <-- textDocument/hover(2263)
I[11:36:26.828] --> reply:textDocument/hover(2263) 0 ms
I[11:36:26.828] --> textDocument/clangd.fileStatus
I[11:36:26.935] <-- textDocument/documentHighlight(2264)
I[11:36:26.936] --> reply:textDocument/documentHighlight(2264) 0 ms
I[11:36:26.936] --> textDocument/clangd.fileStatus
I[11:36:27.135] <-- textDocument/codeAction(2265)
I[11:36:27.135] --> reply:textDocument/codeAction(2265) 0 ms
I[11:36:27.135] --> textDocument/clangd.fileStatus
I[11:36:27.752] <-- textDocument/didChange
I[11:36:27.752] --> textDocument/clangd.fileStatus
I[11:36:27.753] <-- textDocument/completion(2266)
I[11:36:27.753] --> reply:textDocument/completion(2266) 0 ms
I[11:36:27.777] <-- textDocument/inlayHint(2267)
I[11:36:27.778] Failed to find compilation database for /home/david/Documentos/prueba_OS/RepasoExamen/311.c
I[11:36:27.778] ASTWorker building file /home/david/Documentos/prueba_OS/RepasoExamen/311.c version 504 with command clangd fallback
[/home/david/Documentos/prueba_OS/RepasoExamen]
/usr/bin/clang -resource-dir=/home/david/.vscode-oss/extensions/kylinideteam.kylin-clangd-0.4.0-linux-x64/res/clangd/lib/clang/21 -- /home/david/Documentos/prueba_OS/RepasoExamen/311.c
I[11:36:27.778] --> textDocument/clangd.fileStatus
I[11:36:27.782] --> textDocument/publishDiagnostics
I[11:36:27.782] --> textDocument/inactiveRegions
I[11:36:27.782] --> reply:textDocument/inlayHint(2267) 4 ms
I[11:36:27.782] --> textDocument/clangd.fileStatus
I[11:36:27.857] <-- textDocument/didChange
I[11:36:27.857] --> textDocument/clangd.fileStatus
I[11:36:27.857] <-- textDocument/completion(2268)
I[11:36:27.857] --> reply:textDocument/completion(2268) 0 ms
I[11:36:27.883] <-- textDocument/inlayHint(2269)
I[11:36:27.883] Failed to find compilation database for /home/david/Documentos/prueba_OS/RepasoExamen/311.c
I[11:36:27.883] ASTWorker building file /home/david/Documentos/prueba_OS/RepasoExamen/311.c version 505 with command clangd fallback
[/home/david/Documentos/prueba_OS/RepasoExamen]
/usr/bin/clang -resource-dir=/home/david/.vscode-oss/extensions/kylinideteam.kylin-clangd-0.4.0-linux-x64/res/clangd/lib/clang/21 -- /home/david/Documentos/prueba_OS/RepasoExamen/311.c
I[11:36:27.884] --> textDocument/clangd.fileStatus
I[11:36:27.887] --> textDocument/publishDiagnostics
I[11:36:27.887] --> textDocument/inactiveRegions
I[11:36:27.887] --> reply:textDocument/inlayHint(2269) 4 ms
I[11:36:27.887] --> textDocument/clangd.fileStatus
I[11:36:28.058] <-- textDocument/foldingRange(2270)
I[11:36:28.058] --> reply:textDocument/foldingRange(2270) 0 ms
I[11:36:28.143] <-- textDocument/codeAction(2271)
I[11:36:28.143] --> reply:textDocument/codeAction(2271) 0 ms
I[11:36:28.143] --> textDocument/clangd.fileStatus
I[11:36:28.208] <-- textDocument/documentSymbol(2272)
I[11:36:28.208] <-- textDocument/documentSymbol(2273)
I[11:36:28.208] --> reply:textDocument/documentSymbol(2272) 0 ms
I[11:36:28.208] --> reply:textDocument/documentSymbol(2273) 0 ms
I[11:36:28.208] --> textDocument/clangd.fileStatus
I[11:36:28.342] <-- textDocument/didSave
I[11:36:28.342] File version went from 1 to 1
I[11:36:28.342] File version went from 505 to 505
I[11:36:28.342] File version went from 1 to 1
I[11:36:28.342] File version went from 1 to 1
I[11:36:28.342] File version went from 1 to 1
I[11:36:28.342] --> textDocument/clangd.fileStatus
I[11:36:28.342] --> textDocument/clangd.fileStatus
I[11:36:28.342] --> textDocument/clangd.fileStatus
I[11:36:28.342] --> textDocument/clangd.fileStatus
I[11:36:28.342] --> textDocument/clangd.fileStatus
I[11:36:28.392] Failed to find compilation database for /home/david/Documentos/prueba_OS/RepasoExamen/311.c
I[11:36:28.392] Failed to find compilation database for /home/david/Documentos/prueba_OS/RepasoExamen/29.c
I[11:36:28.393] ASTWorker building file /home/david/Documentos/prueba_OS/RepasoExamen/29.c version 1 with command clangd fallback
[/home/david/Documentos/prueba_OS/RepasoExamen]
/usr/bin/clang -resource-dir=/home/david/.vscode-oss/extensions/kylinideteam.kylin-clangd-0.4.0-linux-x64/res/clangd/lib/clang/21 -- /home/david/Documentos/prueba_OS/RepasoExamen/29.c
I[11:36:28.393] Failed to find compilation database for /home/david/Documentos/prueba_OS/RepasoExamen/28.c
I[11:36:28.393] Failed to find compilation database for /home/david/Documentos/prueba_OS/RepasoExamen/35.c
I[11:36:28.393] ASTWorker building file /home/david/Documentos/prueba_OS/RepasoExamen/28.c version 1 with command clangd fallback
[/home/david/Documentos/prueba_OS/RepasoExamen]
/usr/bin/clang -resource-dir=/home/david/.vscode-oss/extensions/kylinideteam.kylin-clangd-0.4.0-linux-x64/res/clangd/lib/clang/21 -- /home/david/Documentos/prueba_OS/RepasoExamen/28.c
I[11:36:28.392] Failed to find compilation database for /home/david/Documentos/prueba_OS/RepasoExamen/mistat.c
I[11:36:28.393] ASTWorker building file /home/david/Documentos/prueba_OS/RepasoExamen/311.c version 505 with command clangd fallback
[/home/david/Documentos/prueba_OS/RepasoExamen]
/usr/bin/clang -resource-dir=/home/david/.vscode-oss/extensions/kylinideteam.kylin-clangd-0.4.0-linux-x64/res/clangd/lib/clang/21 -- /home/david/Documentos/prueba_OS/RepasoExamen/311.c
I[11:36:28.393] ASTWorker building file /home/david/Documentos/prueba_OS/RepasoExamen/mistat.c version 1 with command clangd fallback
[/home/david/Documentos/prueba_OS/RepasoExamen]
/usr/bin/clang -resource-dir=/home/david/.vscode-oss/extensions/kylinideteam.kylin-clangd-0.4.0-linux-x64/res/clangd/lib/clang/21 -- /home/david/Documentos/prueba_OS/RepasoExamen/mistat.c
I[11:36:28.393] ASTWorker building file /home/david/Documentos/prueba_OS/RepasoExamen/35.c version 1 with command clangd fallback
[/home/david/Documentos/prueba_OS/RepasoExamen]
/usr/bin/clang -resource-dir=/home/david/.vscode-oss/extensions/kylinideteam.kylin-clangd-0.4.0-linux-x64/res/clangd/lib/clang/21 -- /home/david/Documentos/prueba_OS/RepasoExamen/35.c
I[11:36:28.393] --> textDocument/clangd.fileStatus
I[11:36:28.393] --> textDocument/clangd.fileStatus
I[11:36:28.393] --> textDocument/clangd.fileStatus
I[11:36:28.393] --> textDocument/clangd.fileStatus
I[11:36:28.393] --> textDocument/clangd.fileStatus
I[11:36:28.393] --> textDocument/clangd.fileStatus
I[11:36:28.393] --> textDocument/clangd.fileStatus
I[11:36:28.393] --> textDocument/clangd.fileStatus
I[11:36:28.393] --> textDocument/clangd.fileStatus
I[11:36:28.394] --> textDocument/clangd.fileStatus
I[11:36:28.394] --> textDocument/clangd.fileStatus
I[11:36:28.394] --> textDocument/clangd.fileStatus
I[11:36:28.394] --> textDocument/clangd.fileStatus
I[11:36:28.394] --> textDocument/clangd.fileStatus
I[11:36:28.394] --> textDocument/clangd.fileStatus
I[11:36:28.394] --> textDocument/clangd.fileStatus
I[11:36:28.394] --> textDocument/clangd.fileStatus
I[11:36:28.394] --> textDocument/clangd.fileStatus
I[11:36:28.394] --> textDocument/clangd.fileStatus
I[11:36:28.394] --> textDocument/clangd.fileStatus
I[11:36:28.658] <-- textDocument/inlayHint(2274)
I[11:36:28.658] --> reply:textDocument/inlayHint(2274) 0 ms
I[11:36:28.658] --> textDocument/clangd.fileStatus
I[11:36:28.858] <-- textDocument/documentLink(2275)
I[11:36:28.858] --> reply:textDocument/documentLink(2275) 0 ms
I[11:36:28.858] --> textDocument/clangd.fileStatus
I[11:36:41.161] <-- textDocument/codeAction(2276)
I[11:36:41.161] --> reply:textDocument/codeAction(2276) 0 ms
I[11:36:41.161] --> textDocument/clangd.fileStatus
I[11:36:41.186] <-- textDocument/documentLink(2277)
I[11:36:41.187] --> reply:textDocument/documentLink(2277) 0 ms
I[11:36:41.187] --> textDocument/clangd.fileStatus
I[11:36:41.191] <-- textDocument/inlayHint(2278)
I[11:36:41.191] --> reply:textDocument/inlayHint(2278) 0 ms
I[11:36:41.191] --> textDocument/clangd.fileStatus
I[11:36:41.354] <-- textDocument/foldingRange(2279)
I[11:36:41.354] --> reply:textDocument/foldingRange(2279) 0 ms
I[11:36:41.408] <-- textDocument/codeAction(2280)
I[11:36:41.408] --> reply:textDocument/codeAction(2280) 0 ms
I[11:36:41.408] --> textDocument/clangd.fileStatus
I[11:36:41.455] <-- textDocument/documentSymbol(2281)
I[11:36:41.455] --> reply:textDocument/documentSymbol(2281) 0 ms
I[11:36:41.456] --> textDocument/clangd.fileStatus
I[11:36:56.352] <-- textDocument/codeAction(2282)
I[11:36:56.353] --> reply:textDocument/codeAction(2282) 0 ms
I[11:36:56.353] --> textDocument/clangd.fileStatus
I[11:36:56.370] <-- textDocument/documentLink(2283)
I[11:36:56.371] --> reply:textDocument/documentLink(2283) 0 ms
I[11:36:56.371] --> textDocument/clangd.fileStatus
I[11:36:56.378] <-- textDocument/inlayHint(2284)
I[11:36:56.378] --> reply:textDocument/inlayHint(2284) 0 ms
I[11:36:56.378] --> textDocument/clangd.fileStatus
I[11:36:56.547] <-- textDocument/foldingRange(2285)
I[11:36:56.547] --> reply:textDocument/foldingRange(2285) 0 ms
I[11:36:56.601] <-- textDocument/codeAction(2286)
I[11:36:56.601] --> reply:textDocument/codeAction(2286) 0 ms
I[11:36:56.601] --> textDocument/clangd.fileStatus
I[11:36:56.648] <-- textDocument/documentSymbol(2287)
I[11:36:56.648] --> reply:textDocument/documentSymbol(2287) 0 ms
I[11:36:56.648] --> textDocument/clangd.fileStatus
I[11:36:57.100] <-- textDocument/hover(2288)
I[11:36:57.100] --> reply:textDocument/hover(2288) 0 ms
I[11:36:57.101] --> textDocument/clangd.fileStatus
I[11:36:57.580] <-- textDocument/hover(2289)
I[11:36:57.580] --> reply:textDocument/hover(2289) 0 ms
I[11:36:57.580] --> textDocument/clangd.fileStatus
I[11:36:57.816] <-- textDocument/hover(2290)
I[11:36:57.816] --> reply:textDocument/hover(2290) 0 ms
I[11:36:57.816] --> textDocument/clangd.fileStatus
I[11:36:57.984] <-- textDocument/documentHighlight(2291)
I[11:36:57.984] --> reply:textDocument/documentHighlight(2291) 0 ms
I[11:36:57.984] --> textDocument/clangd.fileStatus
I[11:36:58.183] <-- textDocument/codeAction(2292)
I[11:36:58.184] --> reply:textDocument/codeAction(2292) 0 ms
I[11:36:58.184] --> textDocument/clangd.fileStatus
I[11:37:06.157] <-- textDocument/hover(2293)
I[11:37:06.158] --> reply:textDocument/hover(2293) 0 ms
I[11:37:06.158] --> textDocument/clangd.fileStatus
I[11:37:06.515] <-- textDocument/hover(2294)
I[11:37:06.515] --> reply:textDocument/hover(2294) 0 ms
I[11:37:06.515] --> textDocument/clangd.fileStatus
I[11:37:06.795] <-- textDocument/documentHighlight(2295)
I[11:37:06.795] --> reply:textDocument/documentHighlight(2295) 0 ms
I[11:37:06.795] --> textDocument/clangd.fileStatus
I[11:37:06.995] <-- textDocument/codeAction(2296)
I[11:37:06.995] --> reply:textDocument/codeAction(2296) 0 ms
I[11:37:06.995] --> textDocument/clangd.fileStatus
I[11:37:07.399] <-- textDocument/didChange
I[11:37:07.399] --> textDocument/clangd.fileStatus
I[11:37:07.425] <-- textDocument/inlayHint(2297)
I[11:37:07.425] Failed to find compilation database for /home/david/Documentos/prueba_OS/RepasoExamen/311.c
I[11:37:07.426] ASTWorker building file /home/david/Documentos/prueba_OS/RepasoExamen/311.c version 506 with command clangd fallback
[/home/david/Documentos/prueba_OS/RepasoExamen]
/usr/bin/clang -resource-dir=/home/david/.vscode-oss/extensions/kylinideteam.kylin-clangd-0.4.0-linux-x64/res/clangd/lib/clang/21 -- /home/david/Documentos/prueba_OS/RepasoExamen/311.c
I[11:37:07.426] --> textDocument/clangd.fileStatus
I[11:37:07.430] --> textDocument/publishDiagnostics
I[11:37:07.430] --> textDocument/inactiveRegions
I[11:37:07.430] --> reply:textDocument/inlayHint(2297) 4 ms
I[11:37:07.430] --> textDocument/clangd.fileStatus
I[11:37:07.552] <-- textDocument/didChange
I[11:37:07.552] --> textDocument/clangd.fileStatus
I[11:37:07.577] <-- textDocument/inlayHint(2298)
I[11:37:07.577] Failed to find compilation database for /home/david/Documentos/prueba_OS/RepasoExamen/311.c
I[11:37:07.577] ASTWorker building file /home/david/Documentos/prueba_OS/RepasoExamen/311.c version 507 with command clangd fallback
[/home/david/Documentos/prueba_OS/RepasoExamen]
/usr/bin/clang -resource-dir=/home/david/.vscode-oss/extensions/kylinideteam.kylin-clangd-0.4.0-linux-x64/res/clangd/lib/clang/21 -- /home/david/Documentos/prueba_OS/RepasoExamen/311.c
I[11:37:07.578] --> textDocument/clangd.fileStatus
I[11:37:07.581] --> textDocument/publishDiagnostics
I[11:37:07.581] --> textDocument/inactiveRegions
I[11:37:07.582] --> reply:textDocument/inlayHint(2298) 4 ms
I[11:37:07.582] --> textDocument/clangd.fileStatus
I[11:37:07.752] <-- textDocument/foldingRange(2299)
I[11:37:07.753] --> reply:textDocument/foldingRange(2299) 0 ms
I[11:37:07.834] <-- textDocument/codeAction(2300)
I[11:37:07.834] --> reply:textDocument/codeAction(2300) 0 ms
I[11:37:07.834] --> textDocument/clangd.fileStatus
I[11:37:07.902] <-- textDocument/documentSymbol(2301)
I[11:37:07.902] <-- textDocument/documentSymbol(2302)
I[11:37:07.902] --> reply:textDocument/documentSymbol(2301) 0 ms
I[11:37:07.902] --> reply:textDocument/documentSymbol(2302) 0 ms
I[11:37:07.902] --> textDocument/clangd.fileStatus
I[11:37:08.352] <-- textDocument/inlayHint(2303)
I[11:37:08.353] --> reply:textDocument/inlayHint(2303) 0 ms
I[11:37:08.353] --> textDocument/clangd.fileStatus
I[11:37:08.552] <-- textDocument/documentLink(2304)
I[11:37:08.553] --> reply:textDocument/documentLink(2304) 0 ms
I[11:37:08.553] --> textDocument/clangd.fileStatus
I[11:37:08.933] <-- textDocument/didSave
I[11:37:08.933] File version went from 1 to 1
I[11:37:08.933] File version went from 507 to 507
I[11:37:08.933] File version went from 1 to 1
I[11:37:08.933] File version went from 1 to 1
I[11:37:08.933] --> textDocument/clangd.fileStatus
I[11:37:08.933] File version went from 1 to 1
I[11:37:08.933] --> textDocument/clangd.fileStatus
I[11:37:08.933] --> textDocument/clangd.fileStatus
I[11:37:08.933] --> textDocument/clangd.fileStatus
I[11:37:08.933] --> textDocument/clangd.fileStatus
I[11:37:08.983] Failed to find compilation database for /home/david/Documentos/prueba_OS/RepasoExamen/311.c
I[11:37:08.983] ASTWorker building file /home/david/Documentos/prueba_OS/RepasoExamen/311.c version 507 with command clangd fallback
[/home/david/Documentos/prueba_OS/RepasoExamen]
/usr/bin/clang -resource-dir=/home/david/.vscode-oss/extensions/kylinideteam.kylin-clangd-0.4.0-linux-x64/res/clangd/lib/clang/21 -- /home/david/Documentos/prueba_OS/RepasoExamen/311.c
I[11:37:08.983] Failed to find compilation database for /home/david/Documentos/prueba_OS/RepasoExamen/mistat.c
I[11:37:08.983] ASTWorker building file /home/david/Documentos/prueba_OS/RepasoExamen/mistat.c version 1 with command clangd fallback
[/home/david/Documentos/prueba_OS/RepasoExamen]
/usr/bin/clang -resource-dir=/home/david/.vscode-oss/extensions/kylinideteam.kylin-clangd-0.4.0-linux-x64/res/clangd/lib/clang/21 -- /home/david/Documentos/prueba_OS/RepasoExamen/mistat.c
I[11:37:08.983] Failed to find compilation database for /home/david/Documentos/prueba_OS/RepasoExamen/29.c
I[11:37:08.983] Failed to find compilation database for /home/david/Documentos/prueba_OS/RepasoExamen/28.c
I[11:37:08.983] ASTWorker building file /home/david/Documentos/prueba_OS/RepasoExamen/29.c version 1 with command clangd fallback
[/home/david/Documentos/prueba_OS/RepasoExamen]
/usr/bin/clang -resource-dir=/home/david/.vscode-oss/extensions/kylinideteam.kylin-clangd-0.4.0-linux-x64/res/clangd/lib/clang/21 -- /home/david/Documentos/prueba_OS/RepasoExamen/29.c
I[11:37:08.983] Failed to find compilation database for /home/david/Documentos/prueba_OS/RepasoExamen/35.c
I[11:37:08.983] ASTWorker building file /home/david/Documentos/prueba_OS/RepasoExamen/35.c version 1 with command clangd fallback
[/home/david/Documentos/prueba_OS/RepasoExamen]
/usr/bin/clang -resource-dir=/home/david/.vscode-oss/extensions/kylinideteam.kylin-clangd-0.4.0-linux-x64/res/clangd/lib/clang/21 -- /home/david/Documentos/prueba_OS/RepasoExamen/35.c
I[11:37:08.983] ASTWorker building file /home/david/Documentos/prueba_OS/RepasoExamen/28.c version 1 with command clangd fallback
[/home/david/Documentos/prueba_OS/RepasoExamen]
/usr/bin/clang -resource-dir=/home/david/.vscode-oss/extensions/kylinideteam.kylin-clangd-0.4.0-linux-x64/res/clangd/lib/clang/21 -- /home/david/Documentos/prueba_OS/RepasoExamen/28.c
I[11:37:08.984] --> textDocument/clangd.fileStatus
I[11:37:08.984] --> textDocument/clangd.fileStatus
I[11:37:08.984] --> textDocument/clangd.fileStatus
I[11:37:08.984] --> textDocument/clangd.fileStatus
I[11:37:08.984] --> textDocument/clangd.fileStatus
I[11:37:08.984] --> textDocument/clangd.fileStatus
I[11:37:08.984] --> textDocument/clangd.fileStatus
I[11:37:08.984] --> textDocument/clangd.fileStatus
I[11:37:08.984] --> textDocument/clangd.fileStatus
I[11:37:08.984] --> textDocument/clangd.fileStatus
I[11:37:08.984] --> textDocument/clangd.fileStatus
I[11:37:08.984] --> textDocument/clangd.fileStatus
I[11:37:08.984] --> textDocument/clangd.fileStatus
I[11:37:08.984] --> textDocument/clangd.fileStatus
I[11:37:08.984] --> textDocument/clangd.fileStatus
I[11:37:08.984] --> textDocument/clangd.fileStatus
I[11:37:08.984] --> textDocument/clangd.fileStatus
I[11:37:08.984] --> textDocument/clangd.fileStatus
I[11:37:08.984] --> textDocument/clangd.fileStatus
I[11:37:08.984] --> textDocument/clangd.fileStatus
I[11:37:18.753] <-- textDocument/codeAction(2305)
I[11:37:18.753] --> reply:textDocument/codeAction(2305) 0 ms
I[11:37:18.753] --> textDocument/clangd.fileStatus
I[11:37:18.754] <-- textDocument/documentHighlight(2306)
I[11:37:18.754] --> reply:textDocument/documentHighlight(2306) 0 ms
I[11:37:18.754] --> textDocument/clangd.fileStatus
I[11:37:18.770] <-- textDocument/documentLink(2307)
I[11:37:18.770] --> reply:textDocument/documentLink(2307) 0 ms
I[11:37:18.771] --> textDocument/clangd.fileStatus
I[11:37:18.781] <-- textDocument/inlayHint(2308)
I[11:37:18.782] --> reply:textDocument/inlayHint(2308) 0 ms
I[11:37:18.782] --> textDocument/clangd.fileStatus
I[11:37:18.948] <-- textDocument/foldingRange(2309)
I[11:37:18.948] --> reply:textDocument/foldingRange(2309) 0 ms
I[11:37:19.000] <-- textDocument/codeAction(2310)
I[11:37:19.000] --> reply:textDocument/codeAction(2310) 0 ms
I[11:37:19.000] --> textDocument/clangd.fileStatus
I[11:37:19.048] <-- textDocument/documentSymbol(2311)
I[11:37:19.048] --> reply:textDocument/documentSymbol(2311) 0 ms
I[11:37:19.048] --> textDocument/clangd.fileStatus
I[11:37:21.972] <-- textDocument/hover(2312)
I[11:37:21.973] --> reply:textDocument/hover(2312) 0 ms
I[11:37:21.973] --> textDocument/clangd.fileStatus
I[11:37:22.456] <-- textDocument/documentHighlight(2313)
I[11:37:22.456] --> reply:textDocument/documentHighlight(2313) 0 ms
I[11:37:22.456] --> textDocument/clangd.fileStatus
I[11:37:22.584] <-- textDocument/hover(2314)
I[11:37:22.584] --> reply:textDocument/hover(2314) 0 ms
I[11:37:22.584] --> textDocument/clangd.fileStatus
I[11:37:22.655] <-- textDocument/codeAction(2315)
I[11:37:22.655] --> reply:textDocument/codeAction(2315) 0 ms
I[11:37:22.655] --> textDocument/clangd.fileStatus
I[11:37:22.839] <-- textDocument/didChange
I[11:37:22.839] --> textDocument/clangd.fileStatus
I[11:37:22.866] <-- textDocument/inlayHint(2316)
I[11:37:22.866] Failed to find compilation database for /home/david/Documentos/prueba_OS/RepasoExamen/311.c
I[11:37:22.867] ASTWorker building file /home/david/Documentos/prueba_OS/RepasoExamen/311.c version 508 with command clangd fallback
[/home/david/Documentos/prueba_OS/RepasoExamen]
/usr/bin/clang -resource-dir=/home/david/.vscode-oss/extensions/kylinideteam.kylin-clangd-0.4.0-linux-x64/res/clangd/lib/clang/21 -- /home/david/Documentos/prueba_OS/RepasoExamen/311.c
I[11:37:22.867] --> textDocument/clangd.fileStatus
I[11:37:22.871] --> textDocument/publishDiagnostics
I[11:37:22.871] --> textDocument/inactiveRegions
I[11:37:22.871] --> reply:textDocument/inlayHint(2316) 4 ms
I[11:37:22.871] --> textDocument/clangd.fileStatus
I[11:37:22.990] <-- textDocument/didChange
I[11:37:22.990] --> textDocument/clangd.fileStatus
I[11:37:23.015] <-- textDocument/inlayHint(2317)
I[11:37:23.015] Failed to find compilation database for /home/david/Documentos/prueba_OS/RepasoExamen/311.c
I[11:37:23.015] ASTWorker building file /home/david/Documentos/prueba_OS/RepasoExamen/311.c version 509 with command clangd fallback
[/home/david/Documentos/prueba_OS/RepasoExamen]
/usr/bin/clang -resource-dir=/home/david/.vscode-oss/extensions/kylinideteam.kylin-clangd-0.4.0-linux-x64/res/clangd/lib/clang/21 -- /home/david/Documentos/prueba_OS/RepasoExamen/311.c
I[11:37:23.016] --> textDocument/clangd.fileStatus
I[11:37:23.019] --> textDocument/publishDiagnostics
I[11:37:23.019] --> textDocument/inactiveRegions
I[11:37:23.019] --> reply:textDocument/inlayHint(2317) 4 ms
I[11:37:23.020] --> textDocument/clangd.fileStatus
I[11:37:23.190] <-- textDocument/foldingRange(2318)
I[11:37:23.191] --> reply:textDocument/foldingRange(2318) 0 ms
I[11:37:23.272] <-- textDocument/codeAction(2319)
I[11:37:23.272] --> reply:textDocument/codeAction(2319) 0 ms
I[11:37:23.272] --> textDocument/clangd.fileStatus
I[11:37:23.341] <-- textDocument/documentSymbol(2320)
I[11:37:23.341] <-- textDocument/documentSymbol(2321)
I[11:37:23.341] --> reply:textDocument/documentSymbol(2320) 0 ms
I[11:37:23.341] --> reply:textDocument/documentSymbol(2321) 0 ms
I[11:37:23.341] --> textDocument/clangd.fileStatus
I[11:37:23.791] <-- textDocument/inlayHint(2322)
I[11:37:23.791] --> reply:textDocument/inlayHint(2322) 0 ms
I[11:37:23.791] --> textDocument/clangd.fileStatus
I[11:37:23.990] <-- textDocument/documentLink(2323)
I[11:37:23.990] --> reply:textDocument/documentLink(2323) 0 ms
I[11:37:23.990] --> textDocument/clangd.fileStatus
I[11:37:24.076] <-- textDocument/didSave
I[11:37:24.076] File version went from 1 to 1
I[11:37:24.076] File version went from 509 to 509
I[11:37:24.076] File version went from 1 to 1
I[11:37:24.076] File version went from 1 to 1
I[11:37:24.076] File version went from 1 to 1
I[11:37:24.076] --> textDocument/clangd.fileStatus
I[11:37:24.076] --> textDocument/clangd.fileStatus
I[11:37:24.076] --> textDocument/clangd.fileStatus
I[11:37:24.076] --> textDocument/clangd.fileStatus
I[11:37:24.076] --> textDocument/clangd.fileStatus
I[11:37:24.126] Failed to find compilation database for /home/david/Documentos/prueba_OS/RepasoExamen/311.c
I[11:37:24.126] ASTWorker building file /home/david/Documentos/prueba_OS/RepasoExamen/311.c version 509 with command clangd fallback
[/home/david/Documentos/prueba_OS/RepasoExamen]
/usr/bin/clang -resource-dir=/home/david/.vscode-oss/extensions/kylinideteam.kylin-clangd-0.4.0-linux-x64/res/clangd/lib/clang/21 -- /home/david/Documentos/prueba_OS/RepasoExamen/311.c
I[11:37:24.126] Failed to find compilation database for /home/david/Documentos/prueba_OS/RepasoExamen/29.c
I[11:37:24.126] ASTWorker building file /home/david/Documentos/prueba_OS/RepasoExamen/29.c version 1 with command clangd fallback
[/home/david/Documentos/prueba_OS/RepasoExamen]
/usr/bin/clang -resource-dir=/home/david/.vscode-oss/extensions/kylinideteam.kylin-clangd-0.4.0-linux-x64/res/clangd/lib/clang/21 -- /home/david/Documentos/prueba_OS/RepasoExamen/29.c
I[11:37:24.126] Failed to find compilation database for /home/david/Documentos/prueba_OS/RepasoExamen/35.c
I[11:37:24.126] Failed to find compilation database for /home/david/Documentos/prueba_OS/RepasoExamen/28.c
I[11:37:24.126] ASTWorker building file /home/david/Documentos/prueba_OS/RepasoExamen/35.c version 1 with command clangd fallback
[/home/david/Documentos/prueba_OS/RepasoExamen]
/usr/bin/clang -resource-dir=/home/david/.vscode-oss/extensions/kylinideteam.kylin-clangd-0.4.0-linux-x64/res/clangd/lib/clang/21 -- /home/david/Documentos/prueba_OS/RepasoExamen/35.c
I[11:37:24.126] Failed to find compilation database for /home/david/Documentos/prueba_OS/RepasoExamen/mistat.c
I[11:37:24.126] ASTWorker building file /home/david/Documentos/prueba_OS/RepasoExamen/28.c version 1 with command clangd fallback
[/home/david/Documentos/prueba_OS/RepasoExamen]
/usr/bin/clang -resource-dir=/home/david/.vscode-oss/extensions/kylinideteam.kylin-clangd-0.4.0-linux-x64/res/clangd/lib/clang/21 -- /home/david/Documentos/prueba_OS/RepasoExamen/28.c
I[11:37:24.126] ASTWorker building file /home/david/Documentos/prueba_OS/RepasoExamen/mistat.c version 1 with command clangd fallback
[/home/david/Documentos/prueba_OS/RepasoExamen]
/usr/bin/clang -resource-dir=/home/david/.vscode-oss/extensions/kylinideteam.kylin-clangd-0.4.0-linux-x64/res/clangd/lib/clang/21 -- /home/david/Documentos/prueba_OS/RepasoExamen/mistat.c
I[11:37:24.127] --> textDocument/clangd.fileStatus
I[11:37:24.127] --> textDocument/clangd.fileStatus
I[11:37:24.127] --> textDocument/clangd.fileStatus
I[11:37:24.127] --> textDocument/clangd.fileStatus
I[11:37:24.127] --> textDocument/clangd.fileStatus
I[11:37:24.127] --> textDocument/clangd.fileStatus
I[11:37:24.127] --> textDocument/clangd.fileStatus
I[11:37:24.127] --> textDocument/clangd.fileStatus
I[11:37:24.127] --> textDocument/clangd.fileStatus
I[11:37:24.127] --> textDocument/clangd.fileStatus
I[11:37:24.127] --> textDocument/clangd.fileStatus
I[11:37:24.127] --> textDocument/clangd.fileStatus
I[11:37:24.127] --> textDocument/clangd.fileStatus
I[11:37:24.127] --> textDocument/clangd.fileStatus
I[11:37:24.127] --> textDocument/clangd.fileStatus
I[11:37:24.127] --> textDocument/clangd.fileStatus
I[11:37:24.127] --> textDocument/clangd.fileStatus
I[11:37:24.127] --> textDocument/clangd.fileStatus
I[11:37:24.127] --> textDocument/clangd.fileStatus
I[11:37:24.127] --> textDocument/clangd.fileStatus
I[11:37:35.811] <-- textDocument/codeAction(2324)
I[11:37:35.811] --> reply:textDocument/codeAction(2324) 0 ms
I[11:37:35.811] --> textDocument/clangd.fileStatus
I[11:37:35.828] <-- textDocument/documentLink(2325)
I[11:37:35.829] --> reply:textDocument/documentLink(2325) 0 ms
I[11:37:35.829] --> textDocument/clangd.fileStatus
I[11:37:35.841] <-- textDocument/inlayHint(2326)
I[11:37:35.841] --> reply:textDocument/inlayHint(2326) 0 ms
I[11:37:35.842] --> textDocument/clangd.fileStatus
I[11:37:36.007] <-- textDocument/foldingRange(2327)
I[11:37:36.007] --> reply:textDocument/foldingRange(2327) 0 ms
I[11:37:36.062] <-- textDocument/codeAction(2328)
I[11:37:36.062] --> reply:textDocument/codeAction(2328) 0 ms
I[11:37:36.062] --> textDocument/clangd.fileStatus
I[11:37:36.108] <-- textDocument/documentSymbol(2329)
I[11:37:36.108] --> reply:textDocument/documentSymbol(2329) 0 ms
I[11:37:36.108] --> textDocument/clangd.fileStatus
I[11:37:38.002] <-- textDocument/hover(2330)
I[11:37:38.002] --> reply:textDocument/hover(2330) 0 ms
I[11:37:38.002] --> textDocument/clangd.fileStatus
I[11:37:40.199] <-- textDocument/codeAction(2331)
I[11:37:40.199] --> reply:textDocument/codeAction(2331) 0 ms
I[11:37:40.199] --> textDocument/clangd.fileStatus
I[11:37:40.703] <-- textDocument/didChange
I[11:37:40.703] --> textDocument/clangd.fileStatus
I[11:37:40.729] <-- textDocument/inlayHint(2332)
I[11:37:40.729] Failed to find compilation database for /home/david/Documentos/prueba_OS/RepasoExamen/311.c
I[11:37:40.729] ASTWorker building file /home/david/Documentos/prueba_OS/RepasoExamen/311.c version 510 with command clangd fallback
[/home/david/Documentos/prueba_OS/RepasoExamen]
/usr/bin/clang -resource-dir=/home/david/.vscode-oss/extensions/kylinideteam.kylin-clangd-0.4.0-linux-x64/res/clangd/lib/clang/21 -- /home/david/Documentos/prueba_OS/RepasoExamen/311.c
I[11:37:40.730] --> textDocument/clangd.fileStatus
I[11:37:40.734] --> textDocument/publishDiagnostics
I[11:37:40.734] --> textDocument/inactiveRegions
I[11:37:40.734] --> reply:textDocument/inlayHint(2332) 5 ms
I[11:37:40.734] --> textDocument/clangd.fileStatus
I[11:37:40.904] <-- textDocument/foldingRange(2333)
I[11:37:40.904] --> reply:textDocument/foldingRange(2333) 0 ms
I[11:37:41.054] <-- textDocument/documentSymbol(2334)
I[11:37:41.054] <-- textDocument/documentSymbol(2335)
I[11:37:41.054] --> reply:textDocument/documentSymbol(2334) 0 ms
I[11:37:41.054] --> reply:textDocument/documentSymbol(2335) 0 ms
I[11:37:41.054] --> textDocument/clangd.fileStatus
I[11:37:41.504] <-- textDocument/inlayHint(2336)
I[11:37:41.504] --> reply:textDocument/inlayHint(2336) 0 ms
I[11:37:41.504] --> textDocument/clangd.fileStatus
I[11:37:41.650] <-- textDocument/didSave
I[11:37:41.650] File version went from 1 to 1
I[11:37:41.650] File version went from 510 to 510
I[11:37:41.650] File version went from 1 to 1
I[11:37:41.650] File version went from 1 to 1
I[11:37:41.650] File version went from 1 to 1
I[11:37:41.650] --> textDocument/clangd.fileStatus
I[11:37:41.650] --> textDocument/clangd.fileStatus
I[11:37:41.650] --> textDocument/clangd.fileStatus
I[11:37:41.650] --> textDocument/clangd.fileStatus
I[11:37:41.650] --> textDocument/clangd.fileStatus
I[11:37:41.700] Failed to find compilation database for /home/david/Documentos/prueba_OS/RepasoExamen/mistat.c
I[11:37:41.700] ASTWorker building file /home/david/Documentos/prueba_OS/RepasoExamen/mistat.c version 1 with command clangd fallback
[/home/david/Documentos/prueba_OS/RepasoExamen]
/usr/bin/clang -resource-dir=/home/david/.vscode-oss/extensions/kylinideteam.kylin-clangd-0.4.0-linux-x64/res/clangd/lib/clang/21 -- /home/david/Documentos/prueba_OS/RepasoExamen/mistat.c
I[11:37:41.700] Failed to find compilation database for /home/david/Documentos/prueba_OS/RepasoExamen/311.c
I[11:37:41.700] Failed to find compilation database for /home/david/Documentos/prueba_OS/RepasoExamen/35.c
I[11:37:41.700] ASTWorker building file /home/david/Documentos/prueba_OS/RepasoExamen/311.c version 510 with command clangd fallback
[/home/david/Documentos/prueba_OS/RepasoExamen]
/usr/bin/clang -resource-dir=/home/david/.vscode-oss/extensions/kylinideteam.kylin-clangd-0.4.0-linux-x64/res/clangd/lib/clang/21 -- /home/david/Documentos/prueba_OS/RepasoExamen/311.c
I[11:37:41.700] Failed to find compilation database for /home/david/Documentos/prueba_OS/RepasoExamen/28.c
I[11:37:41.700] ASTWorker building file /home/david/Documentos/prueba_OS/RepasoExamen/28.c version 1 with command clangd fallback
[/home/david/Documentos/prueba_OS/RepasoExamen]
/usr/bin/clang -resource-dir=/home/david/.vscode-oss/extensions/kylinideteam.kylin-clangd-0.4.0-linux-x64/res/clangd/lib/clang/21 -- /home/david/Documentos/prueba_OS/RepasoExamen/28.c
I[11:37:41.700] Failed to find compilation database for /home/david/Documentos/prueba_OS/RepasoExamen/29.c
I[11:37:41.700] ASTWorker building file /home/david/Documentos/prueba_OS/RepasoExamen/35.c version 1 with command clangd fallback
[/home/david/Documentos/prueba_OS/RepasoExamen]
/usr/bin/clang -resource-dir=/home/david/.vscode-oss/extensions/kylinideteam.kylin-clangd-0.4.0-linux-x64/res/clangd/lib/clang/21 -- /home/david/Documentos/prueba_OS/RepasoExamen/35.c
I[11:37:41.700] ASTWorker building file /home/david/Documentos/prueba_OS/RepasoExamen/29.c version 1 with command clangd fallback
[/home/david/Documentos/prueba_OS/RepasoExamen]
/usr/bin/clang -resource-dir=/home/david/.vscode-oss/extensions/kylinideteam.kylin-clangd-0.4.0-linux-x64/res/clangd/lib/clang/21 -- /home/david/Documentos/prueba_OS/RepasoExamen/29.c
I[11:37:41.701] --> textDocument/clangd.fileStatus
I[11:37:41.701] --> textDocument/clangd.fileStatus
I[11:37:41.701] --> textDocument/clangd.fileStatus
I[11:37:41.701] --> textDocument/clangd.fileStatus
I[11:37:41.701] --> textDocument/clangd.fileStatus
I[11:37:41.701] --> textDocument/clangd.fileStatus
I[11:37:41.701] --> textDocument/clangd.fileStatus
I[11:37:41.701] --> textDocument/clangd.fileStatus
I[11:37:41.701] --> textDocument/clangd.fileStatus
I[11:37:41.701] --> textDocument/clangd.fileStatus
I[11:37:41.701] --> textDocument/clangd.fileStatus
I[11:37:41.701] --> textDocument/clangd.fileStatus
I[11:37:41.701] --> textDocument/clangd.fileStatus
I[11:37:41.701] --> textDocument/clangd.fileStatus
I[11:37:41.701] --> textDocument/clangd.fileStatus
I[11:37:41.701] --> textDocument/clangd.fileStatus
I[11:37:41.701] --> textDocument/clangd.fileStatus
I[11:37:41.701] --> textDocument/clangd.fileStatus
I[11:37:41.701] --> textDocument/clangd.fileStatus
I[11:37:41.701] --> textDocument/clangd.fileStatus
I[11:37:41.703] <-- textDocument/documentLink(2337)
I[11:37:41.704] --> reply:textDocument/documentLink(2337) 0 ms
I[11:37:41.704] --> textDocument/clangd.fileStatus
I[11:37:51.496] <-- textDocument/codeAction(2338)
I[11:37:51.496] --> reply:textDocument/codeAction(2338) 0 ms
I[11:37:51.496] --> textDocument/clangd.fileStatus
I[11:37:51.518] <-- textDocument/documentLink(2339)
I[11:37:51.518] --> reply:textDocument/documentLink(2339) 0 ms
I[11:37:51.519] --> textDocument/clangd.fileStatus
I[11:37:51.527] <-- textDocument/inlayHint(2340)
I[11:37:51.527] --> reply:textDocument/inlayHint(2340) 0 ms
I[11:37:51.527] --> textDocument/clangd.fileStatus
I[11:37:51.691] <-- textDocument/foldingRange(2341)
I[11:37:51.691] --> reply:textDocument/foldingRange(2341) 0 ms
I[11:37:51.793] <-- textDocument/documentSymbol(2342)
I[11:37:51.793] --> reply:textDocument/documentSymbol(2342) 0 ms
I[11:37:51.793] --> textDocument/clangd.fileStatus
I[11:37:56.433] <-- textDocument/codeAction(2343)
I[11:37:56.434] --> reply:textDocument/codeAction(2343) 0 ms
I[11:37:56.434] --> textDocument/clangd.fileStatus
I[11:38:04.189] <-- textDocument/codeAction(2344)
I[11:38:04.189] --> reply:textDocument/codeAction(2344) 0 ms
I[11:38:04.189] --> textDocument/clangd.fileStatus
I[11:38:04.211] <-- textDocument/documentLink(2345)
I[11:38:04.211] --> reply:textDocument/documentLink(2345) 0 ms
I[11:38:04.211] --> textDocument/clangd.fileStatus
I[11:38:04.222] <-- textDocument/inlayHint(2346)
I[11:38:04.222] --> reply:textDocument/inlayHint(2346) 0 ms
I[11:38:04.222] --> textDocument/clangd.fileStatus
I[11:38:04.384] <-- textDocument/foldingRange(2347)
I[11:38:04.384] --> reply:textDocument/foldingRange(2347) 0 ms
I[11:38:04.442] <-- textDocument/codeAction(2348)
I[11:38:04.442] --> reply:textDocument/codeAction(2348) 0 ms
I[11:38:04.442] --> textDocument/clangd.fileStatus
I[11:38:04.485] <-- textDocument/documentSymbol(2349)
I[11:38:04.485] --> reply:textDocument/documentSymbol(2349) 0 ms
I[11:38:04.485] --> textDocument/clangd.fileStatus
I[11:38:05.144] <-- textDocument/documentHighlight(2350)
I[11:38:05.144] --> reply:textDocument/documentHighlight(2350) 0 ms
I[11:38:05.144] --> textDocument/clangd.fileStatus
I[11:38:05.343] <-- textDocument/codeAction(2351)
I[11:38:05.343] --> reply:textDocument/codeAction(2351) 0 ms
I[11:38:05.343] --> textDocument/clangd.fileStatus
I[11:38:06.100] <-- textDocument/hover(2352)
I[11:38:06.100] --> reply:textDocument/hover(2352) 0 ms
I[11:38:06.100] --> textDocument/clangd.fileStatus
I[11:38:06.400] <-- textDocument/codeAction(2353)
I[11:38:06.400] --> reply:textDocument/codeAction(2353) 0 ms
I[11:38:06.401] --> textDocument/clangd.fileStatus
I[11:38:08.296] <-- textDocument/codeAction(2354)
I[11:38:08.297] --> reply:textDocument/codeAction(2354) 0 ms
I[11:38:08.297] --> textDocument/clangd.fileStatus
I[11:38:09.306] <-- textDocument/codeAction(2355)
I[11:38:09.306] --> reply:textDocument/codeAction(2355) 0 ms
I[11:38:09.306] --> textDocument/clangd.fileStatus
I[11:38:11.371] <-- textDocument/codeAction(2356)
I[11:38:11.371] --> reply:textDocument/codeAction(2356) 0 ms
I[11:38:11.371] --> textDocument/clangd.fileStatus
I[11:38:11.585] <-- textDocument/didChange
I[11:38:11.585] --> textDocument/clangd.fileStatus
I[11:38:11.612] <-- textDocument/inlayHint(2357)
I[11:38:11.613] Failed to find compilation database for /home/david/Documentos/prueba_OS/RepasoExamen/311.c
I[11:38:11.613] ASTWorker building file /home/david/Documentos/prueba_OS/RepasoExamen/311.c version 511 with command clangd fallback
[/home/david/Documentos/prueba_OS/RepasoExamen]
/usr/bin/clang -resource-dir=/home/david/.vscode-oss/extensions/kylinideteam.kylin-clangd-0.4.0-linux-x64/res/clangd/lib/clang/21 -- /home/david/Documentos/prueba_OS/RepasoExamen/311.c
I[11:38:11.613] --> textDocument/clangd.fileStatus
I[11:38:11.617] --> textDocument/publishDiagnostics
I[11:38:11.617] --> textDocument/inactiveRegions
I[11:38:11.617] --> reply:textDocument/inlayHint(2357) 4 ms
I[11:38:11.617] --> textDocument/clangd.fileStatus
I[11:38:11.787] <-- textDocument/foldingRange(2358)
I[11:38:11.788] --> reply:textDocument/foldingRange(2358) 0 ms
I[11:38:11.849] <-- textDocument/didChange
I[11:38:11.849] --> textDocument/clangd.fileStatus
I[11:38:11.874] <-- textDocument/inlayHint(2359)
I[11:38:11.874] Failed to find compilation database for /home/david/Documentos/prueba_OS/RepasoExamen/311.c
I[11:38:11.874] ASTWorker building file /home/david/Documentos/prueba_OS/RepasoExamen/311.c version 512 with command clangd fallback
[/home/david/Documentos/prueba_OS/RepasoExamen]
/usr/bin/clang -resource-dir=/home/david/.vscode-oss/extensions/kylinideteam.kylin-clangd-0.4.0-linux-x64/res/clangd/lib/clang/21 -- /home/david/Documentos/prueba_OS/RepasoExamen/311.c
I[11:38:11.875] --> textDocument/clangd.fileStatus
I[11:38:11.878] --> textDocument/publishDiagnostics
I[11:38:11.879] --> textDocument/inactiveRegions
I[11:38:11.879] --> reply:textDocument/inlayHint(2359) 4 ms
I[11:38:11.879] --> textDocument/clangd.fileStatus
I[11:38:12.049] <-- textDocument/foldingRange(2360)
I[11:38:12.050] --> reply:textDocument/foldingRange(2360) 0 ms
I[11:38:12.200] <-- textDocument/documentSymbol(2361)
I[11:38:12.200] <-- textDocument/documentSymbol(2362)
I[11:38:12.200] --> reply:textDocument/documentSymbol(2361) 0 ms
I[11:38:12.200] --> reply:textDocument/documentSymbol(2362) 0 ms
I[11:38:12.200] --> textDocument/clangd.fileStatus
I[11:38:12.410] <-- textDocument/didChange
I[11:38:12.410] --> textDocument/clangd.fileStatus
I[11:38:12.435] <-- textDocument/inlayHint(2363)
I[11:38:12.435] Failed to find compilation database for /home/david/Documentos/prueba_OS/RepasoExamen/311.c
I[11:38:12.435] ASTWorker building file /home/david/Documentos/prueba_OS/RepasoExamen/311.c version 513 with command clangd fallback
[/home/david/Documentos/prueba_OS/RepasoExamen]
/usr/bin/clang -resource-dir=/home/david/.vscode-oss/extensions/kylinideteam.kylin-clangd-0.4.0-linux-x64/res/clangd/lib/clang/21 -- /home/david/Documentos/prueba_OS/RepasoExamen/311.c
I[11:38:12.436] --> textDocument/clangd.fileStatus
I[11:38:12.440] --> textDocument/publishDiagnostics
I[11:38:12.440] --> textDocument/inactiveRegions
I[11:38:12.440] --> reply:textDocument/inlayHint(2363) 4 ms
I[11:38:12.440] --> textDocument/clangd.fileStatus
I[11:38:12.610] <-- textDocument/foldingRange(2364)
I[11:38:12.610] --> reply:textDocument/foldingRange(2364) 0 ms
I[11:38:12.645] <-- textDocument/didChange
I[11:38:12.645] --> textDocument/clangd.fileStatus
I[11:38:12.671] <-- textDocument/inlayHint(2365)
I[11:38:12.671] Failed to find compilation database for /home/david/Documentos/prueba_OS/RepasoExamen/311.c
I[11:38:12.671] ASTWorker building file /home/david/Documentos/prueba_OS/RepasoExamen/311.c version 514 with command clangd fallback
[/home/david/Documentos/prueba_OS/RepasoExamen]
/usr/bin/clang -resource-dir=/home/david/.vscode-oss/extensions/kylinideteam.kylin-clangd-0.4.0-linux-x64/res/clangd/lib/clang/21 -- /home/david/Documentos/prueba_OS/RepasoExamen/311.c
I[11:38:12.672] --> textDocument/clangd.fileStatus
I[11:38:12.675] --> textDocument/publishDiagnostics
I[11:38:12.675] --> textDocument/inactiveRegions
I[11:38:12.675] --> reply:textDocument/inlayHint(2365) 4 ms
I[11:38:12.675] --> textDocument/clangd.fileStatus
I[11:38:12.845] <-- textDocument/foldingRange(2366)
I[11:38:12.846] --> reply:textDocument/foldingRange(2366) 0 ms
I[11:38:12.996] <-- textDocument/documentSymbol(2367)
I[11:38:12.996] <-- textDocument/documentSymbol(2368)
I[11:38:12.996] --> reply:textDocument/documentSymbol(2367) 0 ms
I[11:38:12.996] --> reply:textDocument/documentSymbol(2368) 0 ms
I[11:38:12.996] --> textDocument/clangd.fileStatus
I[11:38:13.146] <-- textDocument/didChange
I[11:38:13.146] --> textDocument/clangd.fileStatus
I[11:38:13.171] <-- textDocument/inlayHint(2369)
I[11:38:13.172] Failed to find compilation database for /home/david/Documentos/prueba_OS/RepasoExamen/311.c
I[11:38:13.172] ASTWorker building file /home/david/Documentos/prueba_OS/RepasoExamen/311.c version 515 with command clangd fallback
[/home/david/Documentos/prueba_OS/RepasoExamen]
/usr/bin/clang -resource-dir=/home/david/.vscode-oss/extensions/kylinideteam.kylin-clangd-0.4.0-linux-x64/res/clangd/lib/clang/21 -- /home/david/Documentos/prueba_OS/RepasoExamen/311.c
I[11:38:13.173] --> textDocument/clangd.fileStatus
I[11:38:13.176] --> textDocument/publishDiagnostics
I[11:38:13.176] --> textDocument/inactiveRegions
I[11:38:13.176] --> reply:textDocument/inlayHint(2369) 4 ms
I[11:38:13.176] --> textDocument/clangd.fileStatus
I[11:38:13.346] <-- textDocument/foldingRange(2370)
I[11:38:13.347] --> reply:textDocument/foldingRange(2370) 0 ms
I[11:38:13.377] <-- textDocument/didChange
I[11:38:13.377] --> textDocument/clangd.fileStatus
I[11:38:13.403] <-- textDocument/inlayHint(2371)
I[11:38:13.403] Failed to find compilation database for /home/david/Documentos/prueba_OS/RepasoExamen/311.c
I[11:38:13.403] ASTWorker building file /home/david/Documentos/prueba_OS/RepasoExamen/311.c version 516 with command clangd fallback
[/home/david/Documentos/prueba_OS/RepasoExamen]
/usr/bin/clang -resource-dir=/home/david/.vscode-oss/extensions/kylinideteam.kylin-clangd-0.4.0-linux-x64/res/clangd/lib/clang/21 -- /home/david/Documentos/prueba_OS/RepasoExamen/311.c
I[11:38:13.404] --> textDocument/clangd.fileStatus
I[11:38:13.407] --> textDocument/publishDiagnostics
I[11:38:13.407] --> textDocument/inactiveRegions
I[11:38:13.407] --> reply:textDocument/inlayHint(2371) 4 ms
I[11:38:13.407] --> textDocument/clangd.fileStatus
I[11:38:13.578] <-- textDocument/foldingRange(2372)
I[11:38:13.578] --> reply:textDocument/foldingRange(2372) 0 ms
I[11:38:13.728] <-- textDocument/documentSymbol(2373)
I[11:38:13.728] <-- textDocument/documentSymbol(2374)
I[11:38:13.728] --> reply:textDocument/documentSymbol(2373) 0 ms
I[11:38:13.728] --> reply:textDocument/documentSymbol(2374) 0 ms
I[11:38:13.728] --> textDocument/clangd.fileStatus
I[11:38:13.736] <-- textDocument/didChange
I[11:38:13.736] --> textDocument/clangd.fileStatus
I[11:38:13.762] <-- textDocument/inlayHint(2375)
I[11:38:13.762] Failed to find compilation database for /home/david/Documentos/prueba_OS/RepasoExamen/311.c
I[11:38:13.763] ASTWorker building file /home/david/Documentos/prueba_OS/RepasoExamen/311.c version 517 with command clangd fallback
[/home/david/Documentos/prueba_OS/RepasoExamen]
/usr/bin/clang -resource-dir=/home/david/.vscode-oss/extensions/kylinideteam.kylin-clangd-0.4.0-linux-x64/res/clangd/lib/clang/21 -- /home/david/Documentos/prueba_OS/RepasoExamen/311.c
I[11:38:13.763] --> textDocument/clangd.fileStatus
I[11:38:13.768] --> textDocument/publishDiagnostics
I[11:38:13.768] --> textDocument/inactiveRegions
I[11:38:13.768] --> reply:textDocument/inlayHint(2375) 6 ms
I[11:38:13.768] --> textDocument/clangd.fileStatus
I[11:38:13.938] <-- textDocument/foldingRange(2376)
I[11:38:13.938] --> reply:textDocument/foldingRange(2376) 0 ms
I[11:38:14.087] <-- textDocument/documentSymbol(2377)
I[11:38:14.087] <-- textDocument/documentSymbol(2378)
I[11:38:14.088] --> reply:textDocument/documentSymbol(2377) 0 ms
I[11:38:14.088] --> reply:textDocument/documentSymbol(2378) 0 ms
I[11:38:14.088] --> textDocument/clangd.fileStatus
I[11:38:14.537] <-- textDocument/inlayHint(2379)
I[11:38:14.538] --> reply:textDocument/inlayHint(2379) 0 ms
I[11:38:14.538] --> textDocument/clangd.fileStatus
I[11:38:14.709] <-- textDocument/didChange
I[11:38:14.709] --> textDocument/clangd.fileStatus
I[11:38:14.710] <-- textDocument/completion(2380)
I[11:38:14.710] --> reply:textDocument/completion(2380) 0 ms
I[11:38:14.735] <-- textDocument/inlayHint(2381)
I[11:38:14.735] Failed to find compilation database for /home/david/Documentos/prueba_OS/RepasoExamen/311.c
I[11:38:14.735] ASTWorker building file /home/david/Documentos/prueba_OS/RepasoExamen/311.c version 518 with command clangd fallback
[/home/david/Documentos/prueba_OS/RepasoExamen]
/usr/bin/clang -resource-dir=/home/david/.vscode-oss/extensions/kylinideteam.kylin-clangd-0.4.0-linux-x64/res/clangd/lib/clang/21 -- /home/david/Documentos/prueba_OS/RepasoExamen/311.c
I[11:38:14.736] --> textDocument/clangd.fileStatus
I[11:38:14.739] --> textDocument/publishDiagnostics
I[11:38:14.739] --> textDocument/inactiveRegions
I[11:38:14.739] --> reply:textDocument/inlayHint(2381) 4 ms
I[11:38:14.739] --> textDocument/clangd.fileStatus
I[11:38:14.816] <-- textDocument/didChange
I[11:38:14.816] --> textDocument/clangd.fileStatus
I[11:38:14.816] <-- textDocument/completion(2382)
I[11:38:14.816] --> reply:textDocument/completion(2382) 0 ms
I[11:38:14.842] <-- textDocument/inlayHint(2383)
I[11:38:14.842] Failed to find compilation database for /home/david/Documentos/prueba_OS/RepasoExamen/311.c
I[11:38:14.842] ASTWorker building file /home/david/Documentos/prueba_OS/RepasoExamen/311.c version 519 with command clangd fallback
[/home/david/Documentos/prueba_OS/RepasoExamen]
/usr/bin/clang -resource-dir=/home/david/.vscode-oss/extensions/kylinideteam.kylin-clangd-0.4.0-linux-x64/res/clangd/lib/clang/21 -- /home/david/Documentos/prueba_OS/RepasoExamen/311.c
I[11:38:14.843] --> textDocument/clangd.fileStatus
I[11:38:14.846] --> textDocument/publishDiagnostics
I[11:38:14.846] --> textDocument/inactiveRegions
I[11:38:14.846] --> reply:textDocument/inlayHint(2383) 4 ms
I[11:38:14.846] --> textDocument/clangd.fileStatus
I[11:38:15.016] <-- textDocument/foldingRange(2384)
I[11:38:15.017] --> reply:textDocument/foldingRange(2384) 0 ms
I[11:38:15.102] <-- textDocument/codeAction(2385)
I[11:38:15.102] --> reply:textDocument/codeAction(2385) 0 ms
I[11:38:15.102] --> textDocument/clangd.fileStatus
I[11:38:15.166] <-- textDocument/documentSymbol(2386)
I[11:38:15.166] <-- textDocument/documentSymbol(2387)
I[11:38:15.167] --> reply:textDocument/documentSymbol(2386) 0 ms
I[11:38:15.167] --> reply:textDocument/documentSymbol(2387) 0 ms
I[11:38:15.167] --> textDocument/clangd.fileStatus
I[11:38:15.288] <-- textDocument/didChange
I[11:38:15.288] --> textDocument/clangd.fileStatus
I[11:38:15.313] <-- textDocument/inlayHint(2388)
I[11:38:15.313] Failed to find compilation database for /home/david/Documentos/prueba_OS/RepasoExamen/311.c
I[11:38:15.314] ASTWorker building file /home/david/Documentos/prueba_OS/RepasoExamen/311.c version 520 with command clangd fallback
[/home/david/Documentos/prueba_OS/RepasoExamen]
/usr/bin/clang -resource-dir=/home/david/.vscode-oss/extensions/kylinideteam.kylin-clangd-0.4.0-linux-x64/res/clangd/lib/clang/21 -- /home/david/Documentos/prueba_OS/RepasoExamen/311.c
I[11:38:15.314] --> textDocument/clangd.fileStatus
I[11:38:15.318] --> textDocument/publishDiagnostics
I[11:38:15.318] --> textDocument/inactiveRegions
I[11:38:15.319] --> reply:textDocument/inlayHint(2388) 5 ms
I[11:38:15.319] --> textDocument/clangd.fileStatus
I[11:38:15.488] <-- textDocument/foldingRange(2389)
I[11:38:15.488] --> reply:textDocument/foldingRange(2389) 0 ms
I[11:38:15.638] <-- textDocument/documentSymbol(2390)
I[11:38:15.638] <-- textDocument/documentSymbol(2391)
I[11:38:15.638] --> reply:textDocument/documentSymbol(2390) 0 ms
I[11:38:15.638] --> reply:textDocument/documentSymbol(2391) 0 ms
I[11:38:15.638] --> textDocument/clangd.fileStatus
I[11:38:16.088] <-- textDocument/inlayHint(2392)
I[11:38:16.088] --> reply:textDocument/inlayHint(2392) 0 ms
I[11:38:16.088] --> textDocument/clangd.fileStatus
I[11:38:16.125] <-- textDocument/didChange
I[11:38:16.125] --> textDocument/clangd.fileStatus
I[11:38:16.151] <-- textDocument/inlayHint(2393)
I[11:38:16.151] Failed to find compilation database for /home/david/Documentos/prueba_OS/RepasoExamen/311.c
I[11:38:16.151] ASTWorker building file /home/david/Documentos/prueba_OS/RepasoExamen/311.c version 521 with command clangd fallback
[/home/david/Documentos/prueba_OS/RepasoExamen]
/usr/bin/clang -resource-dir=/home/david/.vscode-oss/extensions/kylinideteam.kylin-clangd-0.4.0-linux-x64/res/clangd/lib/clang/21 -- /home/david/Documentos/prueba_OS/RepasoExamen/311.c
I[11:38:16.152] --> textDocument/clangd.fileStatus
I[11:38:16.157] --> textDocument/publishDiagnostics
I[11:38:16.157] --> textDocument/inactiveRegions
I[11:38:16.157] --> reply:textDocument/inlayHint(2393) 6 ms
I[11:38:16.157] --> textDocument/clangd.fileStatus
I[11:38:16.311] <-- textDocument/didChange
I[11:38:16.311] --> textDocument/clangd.fileStatus
I[11:38:16.337] <-- textDocument/inlayHint(2394)
I[11:38:16.337] Failed to find compilation database for /home/david/Documentos/prueba_OS/RepasoExamen/311.c
I[11:38:16.337] ASTWorker building file /home/david/Documentos/prueba_OS/RepasoExamen/311.c version 522 with command clangd fallback
[/home/david/Documentos/prueba_OS/RepasoExamen]
/usr/bin/clang -resource-dir=/home/david/.vscode-oss/extensions/kylinideteam.kylin-clangd-0.4.0-linux-x64/res/clangd/lib/clang/21 -- /home/david/Documentos/prueba_OS/RepasoExamen/311.c
I[11:38:16.338] --> textDocument/clangd.fileStatus
I[11:38:16.341] --> textDocument/publishDiagnostics
I[11:38:16.341] --> textDocument/inactiveRegions
I[11:38:16.341] --> reply:textDocument/inlayHint(2394) 4 ms
I[11:38:16.341] --> textDocument/clangd.fileStatus
I[11:38:16.512] <-- textDocument/foldingRange(2395)
I[11:38:16.512] --> reply:textDocument/foldingRange(2395) 0 ms
I[11:38:16.530] <-- textDocument/didChange
I[11:38:16.530] --> textDocument/clangd.fileStatus
I[11:38:16.556] <-- textDocument/inlayHint(2396)
I[11:38:16.556] Failed to find compilation database for /home/david/Documentos/prueba_OS/RepasoExamen/311.c
I[11:38:16.556] ASTWorker building file /home/david/Documentos/prueba_OS/RepasoExamen/311.c version 523 with command clangd fallback
[/home/david/Documentos/prueba_OS/RepasoExamen]
/usr/bin/clang -resource-dir=/home/david/.vscode-oss/extensions/kylinideteam.kylin-clangd-0.4.0-linux-x64/res/clangd/lib/clang/21 -- /home/david/Documentos/prueba_OS/RepasoExamen/311.c
I[11:38:16.557] --> textDocument/clangd.fileStatus
I[11:38:16.560] --> textDocument/publishDiagnostics
I[11:38:16.560] --> textDocument/inactiveRegions
I[11:38:16.560] --> reply:textDocument/inlayHint(2396) 4 ms
I[11:38:16.560] --> textDocument/clangd.fileStatus
I[11:38:16.731] <-- textDocument/foldingRange(2397)
I[11:38:16.731] --> reply:textDocument/foldingRange(2397) 0 ms
I[11:38:16.881] <-- textDocument/documentSymbol(2398)
I[11:38:16.881] <-- textDocument/documentSymbol(2399)
I[11:38:16.881] --> reply:textDocument/documentSymbol(2398) 0 ms
I[11:38:16.881] --> reply:textDocument/documentSymbol(2399) 0 ms
I[11:38:16.881] --> textDocument/clangd.fileStatus
I[11:38:17.204] <-- textDocument/didChange
I[11:38:17.204] --> textDocument/clangd.fileStatus
I[11:38:17.229] <-- textDocument/inlayHint(2400)
I[11:38:17.230] Failed to find compilation database for /home/david/Documentos/prueba_OS/RepasoExamen/311.c
I[11:38:17.230] ASTWorker building file /home/david/Documentos/prueba_OS/RepasoExamen/311.c version 524 with command clangd fallback
[/home/david/Documentos/prueba_OS/RepasoExamen]
/usr/bin/clang -resource-dir=/home/david/.vscode-oss/extensions/kylinideteam.kylin-clangd-0.4.0-linux-x64/res/clangd/lib/clang/21 -- /home/david/Documentos/prueba_OS/RepasoExamen/311.c
I[11:38:17.230] --> textDocument/clangd.fileStatus
I[11:38:17.234] --> textDocument/publishDiagnostics
I[11:38:17.234] --> textDocument/inactiveRegions
I[11:38:17.234] --> reply:textDocument/inlayHint(2400) 4 ms
I[11:38:17.234] --> textDocument/clangd.fileStatus
I[11:38:17.288] <-- textDocument/didChange
I[11:38:17.288] --> textDocument/clangd.fileStatus
I[11:38:17.314] <-- textDocument/inlayHint(2401)
I[11:38:17.314] Failed to find compilation database for /home/david/Documentos/prueba_OS/RepasoExamen/311.c
I[11:38:17.314] ASTWorker building file /home/david/Documentos/prueba_OS/RepasoExamen/311.c version 525 with command clangd fallback
[/home/david/Documentos/prueba_OS/RepasoExamen]
/usr/bin/clang -resource-dir=/home/david/.vscode-oss/extensions/kylinideteam.kylin-clangd-0.4.0-linux-x64/res/clangd/lib/clang/21 -- /home/david/Documentos/prueba_OS/RepasoExamen/311.c
I[11:38:17.315] --> textDocument/clangd.fileStatus
I[11:38:17.318] --> textDocument/publishDiagnostics
I[11:38:17.318] --> textDocument/inactiveRegions
I[11:38:17.318] --> reply:textDocument/inlayHint(2401) 4 ms
I[11:38:17.318] --> textDocument/clangd.fileStatus
I[11:38:17.470] <-- textDocument/didChange
I[11:38:17.470] --> textDocument/clangd.fileStatus
I[11:38:17.495] <-- textDocument/inlayHint(2402)
I[11:38:17.495] Failed to find compilation database for /home/david/Documentos/prueba_OS/RepasoExamen/311.c
I[11:38:17.496] ASTWorker building file /home/david/Documentos/prueba_OS/RepasoExamen/311.c version 526 with command clangd fallback
[/home/david/Documentos/prueba_OS/RepasoExamen]
/usr/bin/clang -resource-dir=/home/david/.vscode-oss/extensions/kylinideteam.kylin-clangd-0.4.0-linux-x64/res/clangd/lib/clang/21 -- /home/david/Documentos/prueba_OS/RepasoExamen/311.c
I[11:38:17.496] --> textDocument/clangd.fileStatus
I[11:38:17.499] --> textDocument/publishDiagnostics
I[11:38:17.499] --> textDocument/inactiveRegions
I[11:38:17.500] --> reply:textDocument/inlayHint(2402) 4 ms
I[11:38:17.500] --> textDocument/clangd.fileStatus
I[11:38:17.577] <-- textDocument/didChange
I[11:38:17.577] --> textDocument/clangd.fileStatus
I[11:38:17.603] <-- textDocument/inlayHint(2403)
I[11:38:17.603] Failed to find compilation database for /home/david/Documentos/prueba_OS/RepasoExamen/311.c
I[11:38:17.603] ASTWorker building file /home/david/Documentos/prueba_OS/RepasoExamen/311.c version 527 with command clangd fallback
[/home/david/Documentos/prueba_OS/RepasoExamen]
/usr/bin/clang -resource-dir=/home/david/.vscode-oss/extensions/kylinideteam.kylin-clangd-0.4.0-linux-x64/res/clangd/lib/clang/21 -- /home/david/Documentos/prueba_OS/RepasoExamen/311.c
I[11:38:17.604] --> textDocument/clangd.fileStatus
I[11:38:17.607] --> textDocument/publishDiagnostics
I[11:38:17.607] --> textDocument/inactiveRegions
I[11:38:17.607] --> reply:textDocument/inlayHint(2403) 4 ms
I[11:38:17.607] --> textDocument/clangd.fileStatus
I[11:38:17.662] <-- textDocument/didChange
I[11:38:17.662] --> textDocument/clangd.fileStatus
I[11:38:17.688] <-- textDocument/inlayHint(2404)
I[11:38:17.688] Failed to find compilation database for /home/david/Documentos/prueba_OS/RepasoExamen/311.c
I[11:38:17.688] ASTWorker building file /home/david/Documentos/prueba_OS/RepasoExamen/311.c version 528 with command clangd fallback
[/home/david/Documentos/prueba_OS/RepasoExamen]
/usr/bin/clang -resource-dir=/home/david/.vscode-oss/extensions/kylinideteam.kylin-clangd-0.4.0-linux-x64/res/clangd/lib/clang/21 -- /home/david/Documentos/prueba_OS/RepasoExamen/311.c
I[11:38:17.689] --> textDocument/clangd.fileStatus
I[11:38:17.694] --> textDocument/publishDiagnostics
I[11:38:17.694] --> textDocument/inactiveRegions
I[11:38:17.694] --> reply:textDocument/inlayHint(2404) 6 ms
I[11:38:17.694] --> textDocument/clangd.fileStatus
I[11:38:17.859] <-- textDocument/didChange
I[11:38:17.859] --> textDocument/clangd.fileStatus
I[11:38:17.884] <-- textDocument/inlayHint(2405)
I[11:38:17.884] Failed to find compilation database for /home/david/Documentos/prueba_OS/RepasoExamen/311.c
I[11:38:17.884] ASTWorker building file /home/david/Documentos/prueba_OS/RepasoExamen/311.c version 529 with command clangd fallback
[/home/david/Documentos/prueba_OS/RepasoExamen]
/usr/bin/clang -resource-dir=/home/david/.vscode-oss/extensions/kylinideteam.kylin-clangd-0.4.0-linux-x64/res/clangd/lib/clang/21 -- /home/david/Documentos/prueba_OS/RepasoExamen/311.c
I[11:38:17.885] --> textDocument/clangd.fileStatus
I[11:38:17.888] --> textDocument/publishDiagnostics
I[11:38:17.888] --> textDocument/inactiveRegions
I[11:38:17.888] --> reply:textDocument/inlayHint(2405) 4 ms
I[11:38:17.888] --> textDocument/clangd.fileStatus
I[11:38:17.983] <-- textDocument/didChange
I[11:38:17.983] --> textDocument/clangd.fileStatus
I[11:38:18.008] <-- textDocument/inlayHint(2406)
I[11:38:18.008] Failed to find compilation database for /home/david/Documentos/prueba_OS/RepasoExamen/311.c
I[11:38:18.009] ASTWorker building file /home/david/Documentos/prueba_OS/RepasoExamen/311.c version 530 with command clangd fallback
[/home/david/Documentos/prueba_OS/RepasoExamen]
/usr/bin/clang -resource-dir=/home/david/.vscode-oss/extensions/kylinideteam.kylin-clangd-0.4.0-linux-x64/res/clangd/lib/clang/21 -- /home/david/Documentos/prueba_OS/RepasoExamen/311.c
I[11:38:18.009] --> textDocument/clangd.fileStatus
I[11:38:18.012] --> textDocument/publishDiagnostics
I[11:38:18.012] --> textDocument/inactiveRegions
I[11:38:18.013] --> reply:textDocument/inlayHint(2406) 4 ms
I[11:38:18.013] --> textDocument/clangd.fileStatus
I[11:38:18.183] <-- textDocument/foldingRange(2407)
I[11:38:18.183] --> reply:textDocument/foldingRange(2407) 0 ms
I[11:38:18.234] <-- textDocument/codeAction(2408)
I[11:38:18.234] --> reply:textDocument/codeAction(2408) 0 ms
I[11:38:18.234] --> textDocument/clangd.fileStatus
I[11:38:18.333] <-- textDocument/documentSymbol(2409)
I[11:38:18.333] <-- textDocument/documentSymbol(2410)
I[11:38:18.333] --> reply:textDocument/documentSymbol(2409) 0 ms
I[11:38:18.333] --> reply:textDocument/documentSymbol(2410) 0 ms
I[11:38:18.333] --> textDocument/clangd.fileStatus
I[11:38:18.783] <-- textDocument/inlayHint(2411)
I[11:38:18.783] --> reply:textDocument/inlayHint(2411) 0 ms
I[11:38:18.784] --> textDocument/clangd.fileStatus
I[11:38:18.983] <-- textDocument/documentLink(2412)
I[11:38:18.983] --> reply:textDocument/documentLink(2412) 0 ms
I[11:38:18.983] --> textDocument/clangd.fileStatus
I[11:38:34.222] <-- textDocument/didChange
I[11:38:34.222] --> textDocument/clangd.fileStatus
I[11:38:34.248] <-- textDocument/inlayHint(2413)
I[11:38:34.248] Failed to find compilation database for /home/david/Documentos/prueba_OS/RepasoExamen/311.c
I[11:38:34.248] ASTWorker building file /home/david/Documentos/prueba_OS/RepasoExamen/311.c version 531 with command clangd fallback
[/home/david/Documentos/prueba_OS/RepasoExamen]
/usr/bin/clang -resource-dir=/home/david/.vscode-oss/extensions/kylinideteam.kylin-clangd-0.4.0-linux-x64/res/clangd/lib/clang/21 -- /home/david/Documentos/prueba_OS/RepasoExamen/311.c
I[11:38:34.249] --> textDocument/clangd.fileStatus
I[11:38:34.252] --> textDocument/publishDiagnostics
I[11:38:34.252] --> textDocument/inactiveRegions
I[11:38:34.253] --> reply:textDocument/inlayHint(2413) 4 ms
I[11:38:34.253] --> textDocument/clangd.fileStatus
I[11:38:34.338] <-- textDocument/didChange
I[11:38:34.338] --> textDocument/clangd.fileStatus
I[11:38:34.363] <-- textDocument/inlayHint(2414)
I[11:38:34.363] Failed to find compilation database for /home/david/Documentos/prueba_OS/RepasoExamen/311.c
I[11:38:34.364] ASTWorker building file /home/david/Documentos/prueba_OS/RepasoExamen/311.c version 532 with command clangd fallback
[/home/david/Documentos/prueba_OS/RepasoExamen]
/usr/bin/clang -resource-dir=/home/david/.vscode-oss/extensions/kylinideteam.kylin-clangd-0.4.0-linux-x64/res/clangd/lib/clang/21 -- /home/david/Documentos/prueba_OS/RepasoExamen/311.c
I[11:38:34.364] --> textDocument/clangd.fileStatus
I[11:38:34.367] --> textDocument/publishDiagnostics
I[11:38:34.367] --> textDocument/inactiveRegions
I[11:38:34.368] --> reply:textDocument/inlayHint(2414) 4 ms
I[11:38:34.368] --> textDocument/clangd.fileStatus
I[11:38:34.538] <-- textDocument/foldingRange(2415)
I[11:38:34.539] --> reply:textDocument/foldingRange(2415) 0 ms
I[11:38:34.549] <-- textDocument/didChange
I[11:38:34.549] --> textDocument/clangd.fileStatus
I[11:38:34.575] <-- textDocument/inlayHint(2416)
I[11:38:34.575] Failed to find compilation database for /home/david/Documentos/prueba_OS/RepasoExamen/311.c
I[11:38:34.575] ASTWorker building file /home/david/Documentos/prueba_OS/RepasoExamen/311.c version 533 with command clangd fallback
[/home/david/Documentos/prueba_OS/RepasoExamen]
/usr/bin/clang -resource-dir=/home/david/.vscode-oss/extensions/kylinideteam.kylin-clangd-0.4.0-linux-x64/res/clangd/lib/clang/21 -- /home/david/Documentos/prueba_OS/RepasoExamen/311.c
I[11:38:34.576] --> textDocument/clangd.fileStatus
I[11:38:34.579] --> textDocument/publishDiagnostics
I[11:38:34.579] --> textDocument/inactiveRegions
I[11:38:34.579] --> reply:textDocument/inlayHint(2416) 4 ms
I[11:38:34.579] --> textDocument/clangd.fileStatus
I[11:38:34.698] <-- textDocument/didChange
I[11:38:34.698] --> textDocument/clangd.fileStatus
I[11:38:34.724] <-- textDocument/inlayHint(2417)
I[11:38:34.724] Failed to find compilation database for /home/david/Documentos/prueba_OS/RepasoExamen/311.c
I[11:38:34.724] ASTWorker building file /home/david/Documentos/prueba_OS/RepasoExamen/311.c version 534 with command clangd fallback
[/home/david/Documentos/prueba_OS/RepasoExamen]
/usr/bin/clang -resource-dir=/home/david/.vscode-oss/extensions/kylinideteam.kylin-clangd-0.4.0-linux-x64/res/clangd/lib/clang/21 -- /home/david/Documentos/prueba_OS/RepasoExamen/311.c
I[11:38:34.725] --> textDocument/clangd.fileStatus
I[11:38:34.728] --> textDocument/publishDiagnostics
I[11:38:34.728] --> textDocument/inactiveRegions
I[11:38:34.728] --> reply:textDocument/inlayHint(2417) 4 ms
I[11:38:34.728] --> textDocument/clangd.fileStatus
I[11:38:34.837] <-- textDocument/didChange
I[11:38:34.837] --> textDocument/clangd.fileStatus
I[11:38:34.862] <-- textDocument/inlayHint(2418)
I[11:38:34.863] Failed to find compilation database for /home/david/Documentos/prueba_OS/RepasoExamen/311.c
I[11:38:34.863] ASTWorker building file /home/david/Documentos/prueba_OS/RepasoExamen/311.c version 535 with command clangd fallback
[/home/david/Documentos/prueba_OS/RepasoExamen]
/usr/bin/clang -resource-dir=/home/david/.vscode-oss/extensions/kylinideteam.kylin-clangd-0.4.0-linux-x64/res/clangd/lib/clang/21 -- /home/david/Documentos/prueba_OS/RepasoExamen/311.c
I[11:38:34.863] --> textDocument/clangd.fileStatus
I[11:38:34.867] --> textDocument/publishDiagnostics
I[11:38:34.867] --> textDocument/inactiveRegions
I[11:38:34.867] --> reply:textDocument/inlayHint(2418) 4 ms
I[11:38:34.867] --> textDocument/clangd.fileStatus
I[11:38:34.981] <-- textDocument/didChange
I[11:38:34.981] --> textDocument/clangd.fileStatus
I[11:38:35.007] <-- textDocument/inlayHint(2419)
I[11:38:35.007] Failed to find compilation database for /home/david/Documentos/prueba_OS/RepasoExamen/311.c
I[11:38:35.007] ASTWorker building file /home/david/Documentos/prueba_OS/RepasoExamen/311.c version 536 with command clangd fallback
[/home/david/Documentos/prueba_OS/RepasoExamen]
/usr/bin/clang -resource-dir=/home/david/.vscode-oss/extensions/kylinideteam.kylin-clangd-0.4.0-linux-x64/res/clangd/lib/clang/21 -- /home/david/Documentos/prueba_OS/RepasoExamen/311.c
I[11:38:35.007] --> textDocument/clangd.fileStatus
I[11:38:35.011] --> textDocument/publishDiagnostics
I[11:38:35.011] --> textDocument/inactiveRegions
I[11:38:35.011] --> reply:textDocument/inlayHint(2419) 4 ms
I[11:38:35.011] --> textDocument/clangd.fileStatus
I[11:38:35.129] <-- textDocument/didChange
I[11:38:35.130] --> textDocument/clangd.fileStatus
I[11:38:35.155] <-- textDocument/inlayHint(2420)
I[11:38:35.155] Failed to find compilation database for /home/david/Documentos/prueba_OS/RepasoExamen/311.c
I[11:38:35.155] ASTWorker building file /home/david/Documentos/prueba_OS/RepasoExamen/311.c version 537 with command clangd fallback
[/home/david/Documentos/prueba_OS/RepasoExamen]
/usr/bin/clang -resource-dir=/home/david/.vscode-oss/extensions/kylinideteam.kylin-clangd-0.4.0-linux-x64/res/clangd/lib/clang/21 -- /home/david/Documentos/prueba_OS/RepasoExamen/311.c
I[11:38:35.156] --> textDocument/clangd.fileStatus
I[11:38:35.159] --> textDocument/publishDiagnostics
I[11:38:35.159] --> textDocument/inactiveRegions
I[11:38:35.160] --> reply:textDocument/inlayHint(2420) 4 ms
I[11:38:35.160] --> textDocument/clangd.fileStatus
I[11:38:35.297] <-- textDocument/didChange
I[11:38:35.297] --> textDocument/clangd.fileStatus
I[11:38:35.323] <-- textDocument/inlayHint(2421)
I[11:38:35.323] Failed to find compilation database for /home/david/Documentos/prueba_OS/RepasoExamen/311.c
I[11:38:35.323] ASTWorker building file /home/david/Documentos/prueba_OS/RepasoExamen/311.c version 538 with command clangd fallback
[/home/david/Documentos/prueba_OS/RepasoExamen]
/usr/bin/clang -resource-dir=/home/david/.vscode-oss/extensions/kylinideteam.kylin-clangd-0.4.0-linux-x64/res/clangd/lib/clang/21 -- /home/david/Documentos/prueba_OS/RepasoExamen/311.c
I[11:38:35.324] --> textDocument/clangd.fileStatus
I[11:38:35.327] --> textDocument/publishDiagnostics
I[11:38:35.327] --> textDocument/inactiveRegions
I[11:38:35.327] --> reply:textDocument/inlayHint(2421) 4 ms
I[11:38:35.327] --> textDocument/clangd.fileStatus
I[11:38:35.417] <-- textDocument/didChange
I[11:38:35.417] --> textDocument/clangd.fileStatus
I[11:38:35.443] <-- textDocument/inlayHint(2422)
I[11:38:35.443] Failed to find compilation database for /home/david/Documentos/prueba_OS/RepasoExamen/311.c
I[11:38:35.443] ASTWorker building file /home/david/Documentos/prueba_OS/RepasoExamen/311.c version 539 with command clangd fallback
[/home/david/Documentos/prueba_OS/RepasoExamen]
/usr/bin/clang -resource-dir=/home/david/.vscode-oss/extensions/kylinideteam.kylin-clangd-0.4.0-linux-x64/res/clangd/lib/clang/21 -- /home/david/Documentos/prueba_OS/RepasoExamen/311.c
I[11:38:35.444] --> textDocument/clangd.fileStatus
I[11:38:35.447] --> textDocument/publishDiagnostics
I[11:38:35.447] --> textDocument/inactiveRegions
I[11:38:35.447] --> reply:textDocument/inlayHint(2422) 4 ms
I[11:38:35.447] --> textDocument/clangd.fileStatus
I[11:38:35.540] <-- textDocument/didChange
I[11:38:35.541] --> textDocument/clangd.fileStatus
I[11:38:35.566] <-- textDocument/inlayHint(2423)
I[11:38:35.566] Failed to find compilation database for /home/david/Documentos/prueba_OS/RepasoExamen/311.c
I[11:38:35.566] ASTWorker building file /home/david/Documentos/prueba_OS/RepasoExamen/311.c version 540 with command clangd fallback
[/home/david/Documentos/prueba_OS/RepasoExamen]
/usr/bin/clang -resource-dir=/home/david/.vscode-oss/extensions/kylinideteam.kylin-clangd-0.4.0-linux-x64/res/clangd/lib/clang/21 -- /home/david/Documentos/prueba_OS/RepasoExamen/311.c
I[11:38:35.567] --> textDocument/clangd.fileStatus
I[11:38:35.570] --> textDocument/publishDiagnostics
I[11:38:35.570] --> textDocument/inactiveRegions
I[11:38:35.570] --> reply:textDocument/inlayHint(2423) 4 ms
I[11:38:35.570] --> textDocument/clangd.fileStatus
I[11:38:35.634] <-- textDocument/didChange
I[11:38:35.634] --> textDocument/clangd.fileStatus
I[11:38:35.659] <-- textDocument/inlayHint(2424)
I[11:38:35.659] Failed to find compilation database for /home/david/Documentos/prueba_OS/RepasoExamen/311.c
I[11:38:35.659] ASTWorker building file /home/david/Documentos/prueba_OS/RepasoExamen/311.c version 541 with command clangd fallback
[/home/david/Documentos/prueba_OS/RepasoExamen]
/usr/bin/clang -resource-dir=/home/david/.vscode-oss/extensions/kylinideteam.kylin-clangd-0.4.0-linux-x64/res/clangd/lib/clang/21 -- /home/david/Documentos/prueba_OS/RepasoExamen/311.c
I[11:38:35.660] --> textDocument/clangd.fileStatus
I[11:38:35.663] --> textDocument/publishDiagnostics
I[11:38:35.663] --> textDocument/inactiveRegions
I[11:38:35.663] --> reply:textDocument/inlayHint(2424) 4 ms
I[11:38:35.663] --> textDocument/clangd.fileStatus
I[11:38:35.771] <-- textDocument/didChange
I[11:38:35.771] --> textDocument/clangd.fileStatus
I[11:38:35.796] <-- textDocument/inlayHint(2425)
I[11:38:35.796] Failed to find compilation database for /home/david/Documentos/prueba_OS/RepasoExamen/311.c
I[11:38:35.796] ASTWorker building file /home/david/Documentos/prueba_OS/RepasoExamen/311.c version 542 with command clangd fallback
[/home/david/Documentos/prueba_OS/RepasoExamen]
/usr/bin/clang -resource-dir=/home/david/.vscode-oss/extensions/kylinideteam.kylin-clangd-0.4.0-linux-x64/res/clangd/lib/clang/21 -- /home/david/Documentos/prueba_OS/RepasoExamen/311.c
I[11:38:35.797] --> textDocument/clangd.fileStatus
I[11:38:35.800] --> textDocument/publishDiagnostics
I[11:38:35.800] --> textDocument/inactiveRegions
I[11:38:35.800] --> reply:textDocument/inlayHint(2425) 4 ms
I[11:38:35.800] --> textDocument/clangd.fileStatus
I[11:38:35.907] <-- textDocument/didChange
I[11:38:35.908] --> textDocument/clangd.fileStatus
I[11:38:35.933] <-- textDocument/inlayHint(2426)
I[11:38:35.933] Failed to find compilation database for /home/david/Documentos/prueba_OS/RepasoExamen/311.c
I[11:38:35.933] ASTWorker building file /home/david/Documentos/prueba_OS/RepasoExamen/311.c version 543 with command clangd fallback
[/home/david/Documentos/prueba_OS/RepasoExamen]
/usr/bin/clang -resource-dir=/home/david/.vscode-oss/extensions/kylinideteam.kylin-clangd-0.4.0-linux-x64/res/clangd/lib/clang/21 -- /home/david/Documentos/prueba_OS/RepasoExamen/311.c
I[11:38:35.934] --> textDocument/clangd.fileStatus
I[11:38:35.937] --> textDocument/publishDiagnostics
I[11:38:35.937] --> textDocument/inactiveRegions
I[11:38:35.937] --> reply:textDocument/inlayHint(2426) 4 ms
I[11:38:35.937] --> textDocument/clangd.fileStatus
I[11:38:36.040] <-- textDocument/didChange
I[11:38:36.040] --> textDocument/clangd.fileStatus
I[11:38:36.066] <-- textDocument/inlayHint(2427)
I[11:38:36.066] Failed to find compilation database for /home/david/Documentos/prueba_OS/RepasoExamen/311.c
I[11:38:36.066] ASTWorker building file /home/david/Documentos/prueba_OS/RepasoExamen/311.c version 544 with command clangd fallback
[/home/david/Documentos/prueba_OS/RepasoExamen]
/usr/bin/clang -resource-dir=/home/david/.vscode-oss/extensions/kylinideteam.kylin-clangd-0.4.0-linux-x64/res/clangd/lib/clang/21 -- /home/david/Documentos/prueba_OS/RepasoExamen/311.c
I[11:38:36.067] --> textDocument/clangd.fileStatus
I[11:38:36.070] --> textDocument/publishDiagnostics
I[11:38:36.070] --> textDocument/inactiveRegions
I[11:38:36.070] --> reply:textDocument/inlayHint(2427) 4 ms
I[11:38:36.070] --> textDocument/clangd.fileStatus
I[11:38:36.220] <-- textDocument/didChange
I[11:38:36.220] --> textDocument/clangd.fileStatus
I[11:38:36.246] <-- textDocument/inlayHint(2428)
I[11:38:36.246] Failed to find compilation database for /home/david/Documentos/prueba_OS/RepasoExamen/311.c
I[11:38:36.246] ASTWorker building file /home/david/Documentos/prueba_OS/RepasoExamen/311.c version 545 with command clangd fallback
[/home/david/Documentos/prueba_OS/RepasoExamen]
/usr/bin/clang -resource-dir=/home/david/.vscode-oss/extensions/kylinideteam.kylin-clangd-0.4.0-linux-x64/res/clangd/lib/clang/21 -- /home/david/Documentos/prueba_OS/RepasoExamen/311.c
I[11:38:36.247] --> textDocument/clangd.fileStatus
I[11:38:36.250] --> textDocument/publishDiagnostics
I[11:38:36.250] --> textDocument/inactiveRegions
I[11:38:36.250] --> reply:textDocument/inlayHint(2428) 4 ms
I[11:38:36.250] --> textDocument/clangd.fileStatus
I[11:38:36.344] <-- textDocument/didChange
I[11:38:36.344] --> textDocument/clangd.fileStatus
I[11:38:36.370] <-- textDocument/inlayHint(2429)
I[11:38:36.370] Failed to find compilation database for /home/david/Documentos/prueba_OS/RepasoExamen/311.c
I[11:38:36.370] ASTWorker building file /home/david/Documentos/prueba_OS/RepasoExamen/311.c version 546 with command clangd fallback
[/home/david/Documentos/prueba_OS/RepasoExamen]
/usr/bin/clang -resource-dir=/home/david/.vscode-oss/extensions/kylinideteam.kylin-clangd-0.4.0-linux-x64/res/clangd/lib/clang/21 -- /home/david/Documentos/prueba_OS/RepasoExamen/311.c
I[11:38:36.371] --> textDocument/clangd.fileStatus
I[11:38:36.374] --> textDocument/publishDiagnostics
I[11:38:36.374] --> textDocument/inactiveRegions
I[11:38:36.374] --> reply:textDocument/inlayHint(2429) 4 ms
I[11:38:36.374] --> textDocument/clangd.fileStatus
I[11:38:36.482] <-- textDocument/didChange
I[11:38:36.482] --> textDocument/clangd.fileStatus
I[11:38:36.508] <-- textDocument/inlayHint(2430)
I[11:38:36.508] Failed to find compilation database for /home/david/Documentos/prueba_OS/RepasoExamen/311.c
I[11:38:36.508] ASTWorker building file /home/david/Documentos/prueba_OS/RepasoExamen/311.c version 547 with command clangd fallback
[/home/david/Documentos/prueba_OS/RepasoExamen]
/usr/bin/clang -resource-dir=/home/david/.vscode-oss/extensions/kylinideteam.kylin-clangd-0.4.0-linux-x64/res/clangd/lib/clang/21 -- /home/david/Documentos/prueba_OS/RepasoExamen/311.c
I[11:38:36.509] --> textDocument/clangd.fileStatus
I[11:38:36.512] --> textDocument/publishDiagnostics
I[11:38:36.512] --> textDocument/inactiveRegions
I[11:38:36.512] --> reply:textDocument/inlayHint(2430) 4 ms
I[11:38:36.512] --> textDocument/clangd.fileStatus
I[11:38:36.683] <-- textDocument/foldingRange(2431)
I[11:38:36.683] --> reply:textDocument/foldingRange(2431) 0 ms
I[11:38:36.726] <-- textDocument/didChange
I[11:38:36.726] --> textDocument/clangd.fileStatus
I[11:38:36.751] <-- textDocument/inlayHint(2432)
I[11:38:36.751] Failed to find compilation database for /home/david/Documentos/prueba_OS/RepasoExamen/311.c
I[11:38:36.752] ASTWorker building file /home/david/Documentos/prueba_OS/RepasoExamen/311.c version 548 with command clangd fallback
[/home/david/Documentos/prueba_OS/RepasoExamen]
/usr/bin/clang -resource-dir=/home/david/.vscode-oss/extensions/kylinideteam.kylin-clangd-0.4.0-linux-x64/res/clangd/lib/clang/21 -- /home/david/Documentos/prueba_OS/RepasoExamen/311.c
I[11:38:36.752] --> textDocument/clangd.fileStatus
I[11:38:36.756] --> textDocument/publishDiagnostics
I[11:38:36.756] --> textDocument/inactiveRegions
I[11:38:36.756] --> reply:textDocument/inlayHint(2432) 4 ms
I[11:38:36.756] --> textDocument/clangd.fileStatus
I[11:38:36.902] <-- textDocument/didChange
I[11:38:36.902] --> textDocument/clangd.fileStatus
I[11:38:36.927] <-- textDocument/inlayHint(2433)
I[11:38:36.927] Failed to find compilation database for /home/david/Documentos/prueba_OS/RepasoExamen/311.c
I[11:38:36.928] ASTWorker building file /home/david/Documentos/prueba_OS/RepasoExamen/311.c version 549 with command clangd fallback
[/home/david/Documentos/prueba_OS/RepasoExamen]
/usr/bin/clang -resource-dir=/home/david/.vscode-oss/extensions/kylinideteam.kylin-clangd-0.4.0-linux-x64/res/clangd/lib/clang/21 -- /home/david/Documentos/prueba_OS/RepasoExamen/311.c
I[11:38:36.928] --> textDocument/clangd.fileStatus
I[11:38:36.932] --> textDocument/publishDiagnostics
I[11:38:36.932] --> textDocument/inactiveRegions
I[11:38:36.932] --> reply:textDocument/inlayHint(2433) 4 ms
I[11:38:36.932] --> textDocument/clangd.fileStatus
I[11:38:37.102] <-- textDocument/foldingRange(2434)
I[11:38:37.103] --> reply:textDocument/foldingRange(2434) 0 ms
I[11:38:37.115] <-- textDocument/didChange
I[11:38:37.115] --> textDocument/clangd.fileStatus
I[11:38:37.140] <-- textDocument/inlayHint(2435)
I[11:38:37.141] Failed to find compilation database for /home/david/Documentos/prueba_OS/RepasoExamen/311.c
I[11:38:37.141] ASTWorker building file /home/david/Documentos/prueba_OS/RepasoExamen/311.c version 550 with command clangd fallback
[/home/david/Documentos/prueba_OS/RepasoExamen]
/usr/bin/clang -resource-dir=/home/david/.vscode-oss/extensions/kylinideteam.kylin-clangd-0.4.0-linux-x64/res/clangd/lib/clang/21 -- /home/david/Documentos/prueba_OS/RepasoExamen/311.c
I[11:38:37.141] --> textDocument/clangd.fileStatus
I[11:38:37.145] --> textDocument/publishDiagnostics
I[11:38:37.145] --> textDocument/inactiveRegions
I[11:38:37.145] --> reply:textDocument/inlayHint(2435) 4 ms
I[11:38:37.145] --> textDocument/clangd.fileStatus
I[11:38:37.211] <-- textDocument/didChange
I[11:38:37.211] --> textDocument/clangd.fileStatus
I[11:38:37.237] <-- textDocument/inlayHint(2436)
I[11:38:37.237] Failed to find compilation database for /home/david/Documentos/prueba_OS/RepasoExamen/311.c
I[11:38:37.237] ASTWorker building file /home/david/Documentos/prueba_OS/RepasoExamen/311.c version 551 with command clangd fallback
[/home/david/Documentos/prueba_OS/RepasoExamen]
/usr/bin/clang -resource-dir=/home/david/.vscode-oss/extensions/kylinideteam.kylin-clangd-0.4.0-linux-x64/res/clangd/lib/clang/21 -- /home/david/Documentos/prueba_OS/RepasoExamen/311.c
I[11:38:37.237] --> textDocument/clangd.fileStatus
I[11:38:37.241] --> textDocument/publishDiagnostics
I[11:38:37.241] --> textDocument/inactiveRegions
I[11:38:37.241] --> reply:textDocument/inlayHint(2436) 4 ms
I[11:38:37.241] --> textDocument/clangd.fileStatus
I[11:38:37.330] <-- textDocument/didChange
I[11:38:37.330] --> textDocument/clangd.fileStatus
I[11:38:37.355] <-- textDocument/inlayHint(2437)
I[11:38:37.355] Failed to find compilation database for /home/david/Documentos/prueba_OS/RepasoExamen/311.c
I[11:38:37.356] ASTWorker building file /home/david/Documentos/prueba_OS/RepasoExamen/311.c version 552 with command clangd fallback
[/home/david/Documentos/prueba_OS/RepasoExamen]
/usr/bin/clang -resource-dir=/home/david/.vscode-oss/extensions/kylinideteam.kylin-clangd-0.4.0-linux-x64/res/clangd/lib/clang/21 -- /home/david/Documentos/prueba_OS/RepasoExamen/311.c
I[11:38:37.356] --> textDocument/clangd.fileStatus
I[11:38:37.359] --> textDocument/publishDiagnostics
I[11:38:37.359] --> textDocument/inactiveRegions
I[11:38:37.360] --> reply:textDocument/inlayHint(2437) 4 ms
I[11:38:37.360] --> textDocument/clangd.fileStatus
I[11:38:37.530] <-- textDocument/foldingRange(2438)
I[11:38:37.531] --> reply:textDocument/foldingRange(2438) 0 ms
I[11:38:37.680] <-- textDocument/documentSymbol(2439)
I[11:38:37.680] <-- textDocument/documentSymbol(2440)
I[11:38:37.680] --> reply:textDocument/documentSymbol(2439) 0 ms
I[11:38:37.680] --> reply:textDocument/documentSymbol(2440) 0 ms
I[11:38:37.680] --> textDocument/clangd.fileStatus
I[11:38:37.722] <-- textDocument/didChange
I[11:38:37.722] --> textDocument/clangd.fileStatus
I[11:38:37.747] <-- textDocument/inlayHint(2441)
I[11:38:37.747] Failed to find compilation database for /home/david/Documentos/prueba_OS/RepasoExamen/311.c
I[11:38:37.748] ASTWorker building file /home/david/Documentos/prueba_OS/RepasoExamen/311.c version 553 with command clangd fallback
[/home/david/Documentos/prueba_OS/RepasoExamen]
/usr/bin/clang -resource-dir=/home/david/.vscode-oss/extensions/kylinideteam.kylin-clangd-0.4.0-linux-x64/res/clangd/lib/clang/21 -- /home/david/Documentos/prueba_OS/RepasoExamen/311.c
I[11:38:37.748] --> textDocument/clangd.fileStatus
I[11:38:37.752] --> textDocument/publishDiagnostics
I[11:38:37.752] --> textDocument/inactiveRegions
I[11:38:37.752] --> reply:textDocument/inlayHint(2441) 4 ms
I[11:38:37.752] --> textDocument/clangd.fileStatus
I[11:38:37.922] <-- textDocument/foldingRange(2442)
I[11:38:37.923] --> reply:textDocument/foldingRange(2442) 0 ms
I[11:38:37.973] <-- textDocument/codeAction(2443)
I[11:38:37.973] --> reply:textDocument/codeAction(2443) 0 ms
I[11:38:37.973] --> textDocument/clangd.fileStatus
I[11:38:38.073] <-- textDocument/documentSymbol(2444)
I[11:38:38.073] <-- textDocument/documentSymbol(2445)
I[11:38:38.073] --> reply:textDocument/documentSymbol(2444) 0 ms
I[11:38:38.073] --> reply:textDocument/documentSymbol(2445) 0 ms
I[11:38:38.073] --> textDocument/clangd.fileStatus
I[11:38:38.203] <-- textDocument/didChange
I[11:38:38.203] --> textDocument/clangd.fileStatus
I[11:38:38.228] <-- textDocument/inlayHint(2446)
I[11:38:38.228] Failed to find compilation database for /home/david/Documentos/prueba_OS/RepasoExamen/311.c
I[11:38:38.229] ASTWorker building file /home/david/Documentos/prueba_OS/RepasoExamen/311.c version 554 with command clangd fallback
[/home/david/Documentos/prueba_OS/RepasoExamen]
/usr/bin/clang -resource-dir=/home/david/.vscode-oss/extensions/kylinideteam.kylin-clangd-0.4.0-linux-x64/res/clangd/lib/clang/21 -- /home/david/Documentos/prueba_OS/RepasoExamen/311.c
I[11:38:38.229] --> textDocument/clangd.fileStatus
I[11:38:38.233] --> textDocument/publishDiagnostics
I[11:38:38.233] --> textDocument/inactiveRegions
I[11:38:38.233] --> reply:textDocument/inlayHint(2446) 4 ms
I[11:38:38.233] --> textDocument/clangd.fileStatus
I[11:38:38.404] <-- textDocument/foldingRange(2447)
I[11:38:38.404] --> reply:textDocument/foldingRange(2447) 0 ms
I[11:38:38.554] <-- textDocument/documentSymbol(2448)
I[11:38:38.554] <-- textDocument/documentSymbol(2449)
I[11:38:38.554] --> reply:textDocument/documentSymbol(2448) 0 ms
I[11:38:38.554] --> reply:textDocument/documentSymbol(2449) 0 ms
I[11:38:38.554] --> textDocument/clangd.fileStatus
I[11:38:38.858] <-- textDocument/didChange
I[11:38:38.858] --> textDocument/clangd.fileStatus
I[11:38:38.883] <-- textDocument/inlayHint(2450)
I[11:38:38.884] Failed to find compilation database for /home/david/Documentos/prueba_OS/RepasoExamen/311.c
I[11:38:38.884] ASTWorker building file /home/david/Documentos/prueba_OS/RepasoExamen/311.c version 555 with command clangd fallback
[/home/david/Documentos/prueba_OS/RepasoExamen]
/usr/bin/clang -resource-dir=/home/david/.vscode-oss/extensions/kylinideteam.kylin-clangd-0.4.0-linux-x64/res/clangd/lib/clang/21 -- /home/david/Documentos/prueba_OS/RepasoExamen/311.c
I[11:38:38.884] --> textDocument/clangd.fileStatus
I[11:38:38.888] --> textDocument/publishDiagnostics
I[11:38:38.888] --> textDocument/inactiveRegions
I[11:38:38.888] --> reply:textDocument/inlayHint(2450) 4 ms
I[11:38:38.888] --> textDocument/clangd.fileStatus
I[11:38:39.058] <-- textDocument/foldingRange(2451)
I[11:38:39.059] --> reply:textDocument/foldingRange(2451) 0 ms
I[11:38:39.109] <-- textDocument/codeAction(2452)
I[11:38:39.109] --> reply:textDocument/codeAction(2452) 0 ms
I[11:38:39.109] --> textDocument/clangd.fileStatus
I[11:38:39.209] <-- textDocument/documentSymbol(2453)
I[11:38:39.209] <-- textDocument/documentSymbol(2454)
I[11:38:39.209] --> reply:textDocument/documentSymbol(2453) 0 ms
I[11:38:39.209] --> reply:textDocument/documentSymbol(2454) 0 ms
I[11:38:39.209] --> textDocument/clangd.fileStatus
I[11:38:39.457] <-- textDocument/didChange
I[11:38:39.457] --> textDocument/clangd.fileStatus
I[11:38:39.483] <-- textDocument/inlayHint(2455)
I[11:38:39.483] Failed to find compilation database for /home/david/Documentos/prueba_OS/RepasoExamen/311.c
I[11:38:39.483] ASTWorker building file /home/david/Documentos/prueba_OS/RepasoExamen/311.c version 556 with command clangd fallback
[/home/david/Documentos/prueba_OS/RepasoExamen]
/usr/bin/clang -resource-dir=/home/david/.vscode-oss/extensions/kylinideteam.kylin-clangd-0.4.0-linux-x64/res/clangd/lib/clang/21 -- /home/david/Documentos/prueba_OS/RepasoExamen/311.c
I[11:38:39.484] --> textDocument/clangd.fileStatus
I[11:38:39.487] --> textDocument/publishDiagnostics
I[11:38:39.487] --> textDocument/inactiveRegions
I[11:38:39.487] --> reply:textDocument/inlayHint(2455) 4 ms
I[11:38:39.487] --> textDocument/clangd.fileStatus
I[11:38:39.497] <-- textDocument/didChange
I[11:38:39.498] --> textDocument/clangd.fileStatus
I[11:38:39.523] <-- textDocument/inlayHint(2456)
I[11:38:39.523] Failed to find compilation database for /home/david/Documentos/prueba_OS/RepasoExamen/311.c
I[11:38:39.524] ASTWorker building file /home/david/Documentos/prueba_OS/RepasoExamen/311.c version 557 with command clangd fallback
[/home/david/Documentos/prueba_OS/RepasoExamen]
/usr/bin/clang -resource-dir=/home/david/.vscode-oss/extensions/kylinideteam.kylin-clangd-0.4.0-linux-x64/res/clangd/lib/clang/21 -- /home/david/Documentos/prueba_OS/RepasoExamen/311.c
I[11:38:39.524] --> textDocument/clangd.fileStatus
I[11:38:39.528] --> textDocument/publishDiagnostics
I[11:38:39.528] --> textDocument/inactiveRegions
I[11:38:39.528] --> reply:textDocument/inlayHint(2456) 4 ms
I[11:38:39.528] --> textDocument/clangd.fileStatus
I[11:38:39.537] <-- textDocument/didChange
I[11:38:39.537] --> textDocument/clangd.fileStatus
I[11:38:39.563] <-- textDocument/inlayHint(2457)
I[11:38:39.563] Failed to find compilation database for /home/david/Documentos/prueba_OS/RepasoExamen/311.c
I[11:38:39.563] ASTWorker building file /home/david/Documentos/prueba_OS/RepasoExamen/311.c version 558 with command clangd fallback
[/home/david/Documentos/prueba_OS/RepasoExamen]
/usr/bin/clang -resource-dir=/home/david/.vscode-oss/extensions/kylinideteam.kylin-clangd-0.4.0-linux-x64/res/clangd/lib/clang/21 -- /home/david/Documentos/prueba_OS/RepasoExamen/311.c
I[11:38:39.564] --> textDocument/clangd.fileStatus
I[11:38:39.567] --> textDocument/publishDiagnostics
I[11:38:39.567] --> textDocument/inactiveRegions
I[11:38:39.568] --> reply:textDocument/inlayHint(2457) 4 ms
I[11:38:39.568] --> textDocument/clangd.fileStatus
I[11:38:39.577] <-- textDocument/didChange
I[11:38:39.578] --> textDocument/clangd.fileStatus
I[11:38:39.603] <-- textDocument/inlayHint(2458)
I[11:38:39.603] Failed to find compilation database for /home/david/Documentos/prueba_OS/RepasoExamen/311.c
I[11:38:39.603] ASTWorker building file /home/david/Documentos/prueba_OS/RepasoExamen/311.c version 559 with command clangd fallback
[/home/david/Documentos/prueba_OS/RepasoExamen]
/usr/bin/clang -resource-dir=/home/david/.vscode-oss/extensions/kylinideteam.kylin-clangd-0.4.0-linux-x64/res/clangd/lib/clang/21 -- /home/david/Documentos/prueba_OS/RepasoExamen/311.c
I[11:38:39.604] --> textDocument/clangd.fileStatus
I[11:38:39.607] --> textDocument/publishDiagnostics
I[11:38:39.607] --> textDocument/inactiveRegions
I[11:38:39.607] --> reply:textDocument/inlayHint(2458) 4 ms
I[11:38:39.607] --> textDocument/clangd.fileStatus
I[11:38:39.618] <-- textDocument/didChange
I[11:38:39.618] --> textDocument/clangd.fileStatus
I[11:38:39.643] <-- textDocument/inlayHint(2459)
I[11:38:39.644] Failed to find compilation database for /home/david/Documentos/prueba_OS/RepasoExamen/311.c
I[11:38:39.644] ASTWorker building file /home/david/Documentos/prueba_OS/RepasoExamen/311.c version 560 with command clangd fallback
[/home/david/Documentos/prueba_OS/RepasoExamen]
/usr/bin/clang -resource-dir=/home/david/.vscode-oss/extensions/kylinideteam.kylin-clangd-0.4.0-linux-x64/res/clangd/lib/clang/21 -- /home/david/Documentos/prueba_OS/RepasoExamen/311.c
I[11:38:39.644] --> textDocument/clangd.fileStatus
I[11:38:39.648] --> textDocument/publishDiagnostics
I[11:38:39.648] --> textDocument/inactiveRegions
I[11:38:39.648] --> reply:textDocument/inlayHint(2459) 4 ms
I[11:38:39.648] --> textDocument/clangd.fileStatus
I[11:38:39.748] <-- textDocument/didChange
I[11:38:39.748] --> textDocument/clangd.fileStatus
I[11:38:39.774] <-- textDocument/inlayHint(2460)
I[11:38:39.774] Failed to find compilation database for /home/david/Documentos/prueba_OS/RepasoExamen/311.c
I[11:38:39.774] ASTWorker building file /home/david/Documentos/prueba_OS/RepasoExamen/311.c version 561 with command clangd fallback
[/home/david/Documentos/prueba_OS/RepasoExamen]
/usr/bin/clang -resource-dir=/home/david/.vscode-oss/extensions/kylinideteam.kylin-clangd-0.4.0-linux-x64/res/clangd/lib/clang/21 -- /home/david/Documentos/prueba_OS/RepasoExamen/311.c
I[11:38:39.775] --> textDocument/clangd.fileStatus
I[11:38:39.778] --> textDocument/publishDiagnostics
I[11:38:39.778] --> textDocument/inactiveRegions
I[11:38:39.778] --> reply:textDocument/inlayHint(2460) 4 ms
I[11:38:39.778] --> textDocument/clangd.fileStatus
I[11:38:39.946] <-- textDocument/didChange
I[11:38:39.946] --> textDocument/clangd.fileStatus
I[11:38:39.971] <-- textDocument/inlayHint(2461)
I[11:38:39.971] Failed to find compilation database for /home/david/Documentos/prueba_OS/RepasoExamen/311.c
I[11:38:39.972] ASTWorker building file /home/david/Documentos/prueba_OS/RepasoExamen/311.c version 562 with command clangd fallback
[/home/david/Documentos/prueba_OS/RepasoExamen]
/usr/bin/clang -resource-dir=/home/david/.vscode-oss/extensions/kylinideteam.kylin-clangd-0.4.0-linux-x64/res/clangd/lib/clang/21 -- /home/david/Documentos/prueba_OS/RepasoExamen/311.c
I[11:38:39.973] --> textDocument/clangd.fileStatus
I[11:38:39.976] --> textDocument/publishDiagnostics
I[11:38:39.976] --> textDocument/inactiveRegions
I[11:38:39.976] --> reply:textDocument/inlayHint(2461) 4 ms
I[11:38:39.976] --> textDocument/clangd.fileStatus
I[11:38:40.147] <-- textDocument/foldingRange(2462)
I[11:38:40.147] --> reply:textDocument/foldingRange(2462) 0 ms
I[11:38:40.297] <-- textDocument/documentSymbol(2463)
I[11:38:40.297] <-- textDocument/documentSymbol(2464)
I[11:38:40.297] --> reply:textDocument/documentSymbol(2463) 0 ms
I[11:38:40.297] --> reply:textDocument/documentSymbol(2464) 0 ms
I[11:38:40.297] --> textDocument/clangd.fileStatus
I[11:38:40.550] <-- textDocument/didChange
I[11:38:40.550] --> textDocument/clangd.fileStatus
I[11:38:40.575] <-- textDocument/inlayHint(2465)
I[11:38:40.576] Failed to find compilation database for /home/david/Documentos/prueba_OS/RepasoExamen/311.c
I[11:38:40.576] ASTWorker building file /home/david/Documentos/prueba_OS/RepasoExamen/311.c version 563 with command clangd fallback
[/home/david/Documentos/prueba_OS/RepasoExamen]
/usr/bin/clang -resource-dir=/home/david/.vscode-oss/extensions/kylinideteam.kylin-clangd-0.4.0-linux-x64/res/clangd/lib/clang/21 -- /home/david/Documentos/prueba_OS/RepasoExamen/311.c
I[11:38:40.576] --> textDocument/clangd.fileStatus
I[11:38:40.579] --> textDocument/publishDiagnostics
I[11:38:40.579] --> textDocument/inactiveRegions
I[11:38:40.579] --> reply:textDocument/inlayHint(2465) 3 ms
I[11:38:40.580] --> textDocument/clangd.fileStatus
I[11:38:40.750] <-- textDocument/foldingRange(2466)
I[11:38:40.751] --> reply:textDocument/foldingRange(2466) 0 ms
I[11:38:40.800] <-- textDocument/codeAction(2467)
I[11:38:40.801] --> reply:textDocument/codeAction(2467) 0 ms
I[11:38:40.801] --> textDocument/clangd.fileStatus
I[11:38:40.901] <-- textDocument/documentSymbol(2468)
I[11:38:40.901] <-- textDocument/documentSymbol(2469)
I[11:38:40.901] --> reply:textDocument/documentSymbol(2468) 0 ms
I[11:38:40.901] --> reply:textDocument/documentSymbol(2469) 0 ms
I[11:38:40.901] --> textDocument/clangd.fileStatus
I[11:38:41.350] <-- textDocument/inlayHint(2470)
I[11:38:41.351] --> reply:textDocument/inlayHint(2470) 0 ms
I[11:38:41.351] --> textDocument/clangd.fileStatus
I[11:38:41.550] <-- textDocument/documentLink(2471)
I[11:38:41.551] --> reply:textDocument/documentLink(2471) 0 ms
I[11:38:41.551] --> textDocument/clangd.fileStatus
I[11:38:42.423] <-- textDocument/didChange
I[11:38:42.423] --> textDocument/clangd.fileStatus
I[11:38:42.449] <-- textDocument/inlayHint(2472)
I[11:38:42.449] Failed to find compilation database for /home/david/Documentos/prueba_OS/RepasoExamen/311.c
I[11:38:42.449] ASTWorker building file /home/david/Documentos/prueba_OS/RepasoExamen/311.c version 564 with command clangd fallback
[/home/david/Documentos/prueba_OS/RepasoExamen]
/usr/bin/clang -resource-dir=/home/david/.vscode-oss/extensions/kylinideteam.kylin-clangd-0.4.0-linux-x64/res/clangd/lib/clang/21 -- /home/david/Documentos/prueba_OS/RepasoExamen/311.c
I[11:38:42.449] --> textDocument/clangd.fileStatus
I[11:38:42.453] --> textDocument/publishDiagnostics
I[11:38:42.453] --> textDocument/inactiveRegions
I[11:38:42.453] --> reply:textDocument/inlayHint(2472) 4 ms
I[11:38:42.453] --> textDocument/clangd.fileStatus
I[11:38:42.623] <-- textDocument/foldingRange(2473)
I[11:38:42.624] --> reply:textDocument/foldingRange(2473) 0 ms
I[11:38:42.673] <-- textDocument/codeAction(2474)
I[11:38:42.674] --> reply:textDocument/codeAction(2474) 0 ms
I[11:38:42.674] --> textDocument/clangd.fileStatus
I[11:38:42.758] <-- textDocument/didChange
I[11:38:42.759] --> textDocument/clangd.fileStatus
I[11:38:42.774] <-- textDocument/documentSymbol(2475)
I[11:38:42.774] Failed to find compilation database for /home/david/Documentos/prueba_OS/RepasoExamen/311.c
I[11:38:42.774] ASTWorker building file /home/david/Documentos/prueba_OS/RepasoExamen/311.c version 565 with command clangd fallback
[/home/david/Documentos/prueba_OS/RepasoExamen]
/usr/bin/clang -resource-dir=/home/david/.vscode-oss/extensions/kylinideteam.kylin-clangd-0.4.0-linux-x64/res/clangd/lib/clang/21 -- /home/david/Documentos/prueba_OS/RepasoExamen/311.c
I[11:38:42.774] --> textDocument/clangd.fileStatus
I[11:38:42.778] --> textDocument/publishDiagnostics
I[11:38:42.778] --> textDocument/inactiveRegions
I[11:38:42.778] --> reply:textDocument/documentSymbol(2475) 4 ms
I[11:38:42.778] --> textDocument/clangd.fileStatus
I[11:38:42.784] <-- textDocument/inlayHint(2476)
I[11:38:42.784] --> reply:textDocument/inlayHint(2476) 0 ms
I[11:38:42.784] --> textDocument/clangd.fileStatus
I[11:38:42.912] <-- textDocument/didChange
I[11:38:42.912] --> textDocument/clangd.fileStatus
I[11:38:42.938] <-- textDocument/inlayHint(2477)
I[11:38:42.938] Failed to find compilation database for /home/david/Documentos/prueba_OS/RepasoExamen/311.c
I[11:38:42.938] ASTWorker building file /home/david/Documentos/prueba_OS/RepasoExamen/311.c version 566 with command clangd fallback
[/home/david/Documentos/prueba_OS/RepasoExamen]
/usr/bin/clang -resource-dir=/home/david/.vscode-oss/extensions/kylinideteam.kylin-clangd-0.4.0-linux-x64/res/clangd/lib/clang/21 -- /home/david/Documentos/prueba_OS/RepasoExamen/311.c
I[11:38:42.939] --> textDocument/clangd.fileStatus
I[11:38:42.942] --> textDocument/publishDiagnostics
I[11:38:42.942] --> textDocument/inactiveRegions
I[11:38:42.942] --> reply:textDocument/inlayHint(2477) 4 ms
I[11:38:42.942] --> textDocument/clangd.fileStatus
I[11:38:43.113] <-- textDocument/foldingRange(2478)
I[11:38:43.113] --> reply:textDocument/foldingRange(2478) 0 ms
I[11:38:43.138] <-- textDocument/didChange
I[11:38:43.138] --> textDocument/clangd.fileStatus
I[11:38:43.164] <-- textDocument/inlayHint(2479)
I[11:38:43.164] Failed to find compilation database for /home/david/Documentos/prueba_OS/RepasoExamen/311.c
I[11:38:43.164] ASTWorker building file /home/david/Documentos/prueba_OS/RepasoExamen/311.c version 567 with command clangd fallback
[/home/david/Documentos/prueba_OS/RepasoExamen]
/usr/bin/clang -resource-dir=/home/david/.vscode-oss/extensions/kylinideteam.kylin-clangd-0.4.0-linux-x64/res/clangd/lib/clang/21 -- /home/david/Documentos/prueba_OS/RepasoExamen/311.c
I[11:38:43.165] --> textDocument/clangd.fileStatus
I[11:38:43.168] --> textDocument/publishDiagnostics
I[11:38:43.168] --> textDocument/inactiveRegions
I[11:38:43.168] --> reply:textDocument/inlayHint(2479) 4 ms
I[11:38:43.168] --> textDocument/clangd.fileStatus
I[11:38:43.224] <-- textDocument/didChange
I[11:38:43.224] --> textDocument/clangd.fileStatus
I[11:38:43.250] <-- textDocument/inlayHint(2480)
I[11:38:43.250] Failed to find compilation database for /home/david/Documentos/prueba_OS/RepasoExamen/311.c
I[11:38:43.250] ASTWorker building file /home/david/Documentos/prueba_OS/RepasoExamen/311.c version 568 with command clangd fallback
[/home/david/Documentos/prueba_OS/RepasoExamen]
/usr/bin/clang -resource-dir=/home/david/.vscode-oss/extensions/kylinideteam.kylin-clangd-0.4.0-linux-x64/res/clangd/lib/clang/21 -- /home/david/Documentos/prueba_OS/RepasoExamen/311.c
I[11:38:43.251] --> textDocument/clangd.fileStatus
I[11:38:43.254] --> textDocument/publishDiagnostics
I[11:38:43.254] --> textDocument/inactiveRegions
I[11:38:43.254] --> reply:textDocument/inlayHint(2480) 4 ms
I[11:38:43.254] --> textDocument/clangd.fileStatus
I[11:38:43.353] <-- textDocument/didChange
I[11:38:43.353] --> textDocument/clangd.fileStatus
I[11:38:43.379] <-- textDocument/inlayHint(2481)
I[11:38:43.379] Failed to find compilation database for /home/david/Documentos/prueba_OS/RepasoExamen/311.c
I[11:38:43.379] ASTWorker building file /home/david/Documentos/prueba_OS/RepasoExamen/311.c version 569 with command clangd fallback
[/home/david/Documentos/prueba_OS/RepasoExamen]
/usr/bin/clang -resource-dir=/home/david/.vscode-oss/extensions/kylinideteam.kylin-clangd-0.4.0-linux-x64/res/clangd/lib/clang/21 -- /home/david/Documentos/prueba_OS/RepasoExamen/311.c
I[11:38:43.379] --> textDocument/clangd.fileStatus
I[11:38:43.383] --> textDocument/publishDiagnostics
I[11:38:43.383] --> textDocument/inactiveRegions
I[11:38:43.383] --> reply:textDocument/inlayHint(2481) 4 ms
I[11:38:43.383] --> textDocument/clangd.fileStatus
I[11:38:43.472] <-- textDocument/didChange
I[11:38:43.472] --> textDocument/clangd.fileStatus
I[11:38:43.498] <-- textDocument/inlayHint(2482)
I[11:38:43.498] Failed to find compilation database for /home/david/Documentos/prueba_OS/RepasoExamen/311.c
I[11:38:43.498] ASTWorker building file /home/david/Documentos/prueba_OS/RepasoExamen/311.c version 570 with command clangd fallback
[/home/david/Documentos/prueba_OS/RepasoExamen]
/usr/bin/clang -resource-dir=/home/david/.vscode-oss/extensions/kylinideteam.kylin-clangd-0.4.0-linux-x64/res/clangd/lib/clang/21 -- /home/david/Documentos/prueba_OS/RepasoExamen/311.c
I[11:38:43.499] --> textDocument/clangd.fileStatus
I[11:38:43.502] --> textDocument/publishDiagnostics
I[11:38:43.502] --> textDocument/inactiveRegions
I[11:38:43.502] --> reply:textDocument/inlayHint(2482) 4 ms
I[11:38:43.502] --> textDocument/clangd.fileStatus
I[11:38:43.672] <-- textDocument/foldingRange(2483)
I[11:38:43.673] --> reply:textDocument/foldingRange(2483) 0 ms
I[11:38:43.822] <-- textDocument/documentSymbol(2484)
I[11:38:43.822] <-- textDocument/documentSymbol(2485)
I[11:38:43.823] --> reply:textDocument/documentSymbol(2484) 0 ms
I[11:38:43.823] --> reply:textDocument/documentSymbol(2485) 0 ms
I[11:38:43.823] --> textDocument/clangd.fileStatus
I[11:38:43.892] <-- textDocument/didChange
I[11:38:43.892] --> textDocument/clangd.fileStatus
I[11:38:43.917] <-- textDocument/inlayHint(2486)
I[11:38:43.917] Failed to find compilation database for /home/david/Documentos/prueba_OS/RepasoExamen/311.c
I[11:38:43.917] ASTWorker building file /home/david/Documentos/prueba_OS/RepasoExamen/311.c version 571 with command clangd fallback
[/home/david/Documentos/prueba_OS/RepasoExamen]
/usr/bin/clang -resource-dir=/home/david/.vscode-oss/extensions/kylinideteam.kylin-clangd-0.4.0-linux-x64/res/clangd/lib/clang/21 -- /home/david/Documentos/prueba_OS/RepasoExamen/311.c
I[11:38:43.918] --> textDocument/clangd.fileStatus
I[11:38:43.921] --> textDocument/publishDiagnostics
I[11:38:43.921] --> textDocument/inactiveRegions
I[11:38:43.921] --> reply:textDocument/inlayHint(2486) 4 ms
I[11:38:43.921] --> textDocument/clangd.fileStatus
I[11:38:43.987] <-- textDocument/didChange
I[11:38:43.987] --> textDocument/clangd.fileStatus
I[11:38:44.013] <-- textDocument/inlayHint(2487)
I[11:38:44.013] Failed to find compilation database for /home/david/Documentos/prueba_OS/RepasoExamen/311.c
I[11:38:44.013] ASTWorker building file /home/david/Documentos/prueba_OS/RepasoExamen/311.c version 572 with command clangd fallback
[/home/david/Documentos/prueba_OS/RepasoExamen]
/usr/bin/clang -resource-dir=/home/david/.vscode-oss/extensions/kylinideteam.kylin-clangd-0.4.0-linux-x64/res/clangd/lib/clang/21 -- /home/david/Documentos/prueba_OS/RepasoExamen/311.c
I[11:38:44.014] --> textDocument/clangd.fileStatus
I[11:38:44.017] --> textDocument/publishDiagnostics
I[11:38:44.017] --> textDocument/inactiveRegions
I[11:38:44.017] --> reply:textDocument/inlayHint(2487) 4 ms
I[11:38:44.017] --> textDocument/clangd.fileStatus
I[11:38:44.114] <-- textDocument/didChange
I[11:38:44.114] --> textDocument/clangd.fileStatus
I[11:38:44.140] <-- textDocument/inlayHint(2488)
I[11:38:44.140] Failed to find compilation database for /home/david/Documentos/prueba_OS/RepasoExamen/311.c
I[11:38:44.140] ASTWorker building file /home/david/Documentos/prueba_OS/RepasoExamen/311.c version 573 with command clangd fallback
[/home/david/Documentos/prueba_OS/RepasoExamen]
/usr/bin/clang -resource-dir=/home/david/.vscode-oss/extensions/kylinideteam.kylin-clangd-0.4.0-linux-x64/res/clangd/lib/clang/21 -- /home/david/Documentos/prueba_OS/RepasoExamen/311.c
I[11:38:44.141] --> textDocument/clangd.fileStatus
I[11:38:44.144] --> textDocument/publishDiagnostics
I[11:38:44.144] --> textDocument/inactiveRegions
I[11:38:44.144] --> reply:textDocument/inlayHint(2488) 4 ms
I[11:38:44.144] --> textDocument/clangd.fileStatus
I[11:38:44.248] <-- textDocument/didChange
I[11:38:44.248] --> textDocument/clangd.fileStatus
I[11:38:44.274] <-- textDocument/inlayHint(2489)
I[11:38:44.274] Failed to find compilation database for /home/david/Documentos/prueba_OS/RepasoExamen/311.c
I[11:38:44.274] ASTWorker building file /home/david/Documentos/prueba_OS/RepasoExamen/311.c version 574 with command clangd fallback
[/home/david/Documentos/prueba_OS/RepasoExamen]
/usr/bin/clang -resource-dir=/home/david/.vscode-oss/extensions/kylinideteam.kylin-clangd-0.4.0-linux-x64/res/clangd/lib/clang/21 -- /home/david/Documentos/prueba_OS/RepasoExamen/311.c
I[11:38:44.275] --> textDocument/clangd.fileStatus
I[11:38:44.278] --> textDocument/publishDiagnostics
I[11:38:44.278] --> textDocument/inactiveRegions
I[11:38:44.278] --> reply:textDocument/inlayHint(2489) 4 ms
I[11:38:44.278] --> textDocument/clangd.fileStatus
I[11:38:44.374] <-- textDocument/didChange
I[11:38:44.374] --> textDocument/clangd.fileStatus
I[11:38:44.400] <-- textDocument/inlayHint(2490)
I[11:38:44.400] Failed to find compilation database for /home/david/Documentos/prueba_OS/RepasoExamen/311.c
I[11:38:44.400] ASTWorker building file /home/david/Documentos/prueba_OS/RepasoExamen/311.c version 575 with command clangd fallback
[/home/david/Documentos/prueba_OS/RepasoExamen]
/usr/bin/clang -resource-dir=/home/david/.vscode-oss/extensions/kylinideteam.kylin-clangd-0.4.0-linux-x64/res/clangd/lib/clang/21 -- /home/david/Documentos/prueba_OS/RepasoExamen/311.c
I[11:38:44.401] --> textDocument/clangd.fileStatus
I[11:38:44.404] --> textDocument/publishDiagnostics
I[11:38:44.404] --> textDocument/inactiveRegions
I[11:38:44.404] --> reply:textDocument/inlayHint(2490) 4 ms
I[11:38:44.404] --> textDocument/clangd.fileStatus
I[11:38:44.497] <-- textDocument/didChange
I[11:38:44.497] --> textDocument/clangd.fileStatus
I[11:38:44.523] <-- textDocument/inlayHint(2491)
I[11:38:44.523] Failed to find compilation database for /home/david/Documentos/prueba_OS/RepasoExamen/311.c
I[11:38:44.523] ASTWorker building file /home/david/Documentos/prueba_OS/RepasoExamen/311.c version 576 with command clangd fallback
[/home/david/Documentos/prueba_OS/RepasoExamen]
/usr/bin/clang -resource-dir=/home/david/.vscode-oss/extensions/kylinideteam.kylin-clangd-0.4.0-linux-x64/res/clangd/lib/clang/21 -- /home/david/Documentos/prueba_OS/RepasoExamen/311.c
I[11:38:44.524] --> textDocument/clangd.fileStatus
I[11:38:44.527] --> textDocument/publishDiagnostics
I[11:38:44.527] --> textDocument/inactiveRegions
I[11:38:44.527] --> reply:textDocument/inlayHint(2491) 4 ms
I[11:38:44.527] --> textDocument/clangd.fileStatus
I[11:38:44.591] <-- textDocument/didChange
I[11:38:44.592] --> textDocument/clangd.fileStatus
I[11:38:44.617] <-- textDocument/inlayHint(2492)
I[11:38:44.617] Failed to find compilation database for /home/david/Documentos/prueba_OS/RepasoExamen/311.c
I[11:38:44.617] ASTWorker building file /home/david/Documentos/prueba_OS/RepasoExamen/311.c version 577 with command clangd fallback
[/home/david/Documentos/prueba_OS/RepasoExamen]
/usr/bin/clang -resource-dir=/home/david/.vscode-oss/extensions/kylinideteam.kylin-clangd-0.4.0-linux-x64/res/clangd/lib/clang/21 -- /home/david/Documentos/prueba_OS/RepasoExamen/311.c
I[11:38:44.618] --> textDocument/clangd.fileStatus
I[11:38:44.621] --> textDocument/publishDiagnostics
I[11:38:44.621] --> textDocument/inactiveRegions
I[11:38:44.621] --> reply:textDocument/inlayHint(2492) 4 ms
I[11:38:44.621] --> textDocument/clangd.fileStatus
I[11:38:44.792] <-- textDocument/foldingRange(2493)
I[11:38:44.792] --> reply:textDocument/foldingRange(2493) 0 ms
I[11:38:44.942] <-- textDocument/documentSymbol(2494)
I[11:38:44.942] <-- textDocument/documentSymbol(2495)
I[11:38:44.943] --> reply:textDocument/documentSymbol(2494) 0 ms
I[11:38:44.943] --> reply:textDocument/documentSymbol(2495) 0 ms
I[11:38:44.943] --> textDocument/clangd.fileStatus
I[11:38:45.179] <-- textDocument/didChange
I[11:38:45.180] --> textDocument/clangd.fileStatus
I[11:38:45.205] <-- textDocument/inlayHint(2496)
I[11:38:45.205] Failed to find compilation database for /home/david/Documentos/prueba_OS/RepasoExamen/311.c
I[11:38:45.205] ASTWorker building file /home/david/Documentos/prueba_OS/RepasoExamen/311.c version 578 with command clangd fallback
[/home/david/Documentos/prueba_OS/RepasoExamen]
/usr/bin/clang -resource-dir=/home/david/.vscode-oss/extensions/kylinideteam.kylin-clangd-0.4.0-linux-x64/res/clangd/lib/clang/21 -- /home/david/Documentos/prueba_OS/RepasoExamen/311.c
I[11:38:45.206] --> textDocument/clangd.fileStatus
I[11:38:45.209] --> textDocument/publishDiagnostics
I[11:38:45.209] --> textDocument/inactiveRegions
I[11:38:45.209] --> reply:textDocument/inlayHint(2496) 4 ms
I[11:38:45.209] --> textDocument/clangd.fileStatus
I[11:38:45.380] <-- textDocument/foldingRange(2497)
I[11:38:45.380] --> reply:textDocument/foldingRange(2497) 0 ms
I[11:38:45.429] <-- textDocument/didChange
I[11:38:45.429] --> textDocument/clangd.fileStatus
I[11:38:45.455] <-- textDocument/inlayHint(2498)
I[11:38:45.455] Failed to find compilation database for /home/david/Documentos/prueba_OS/RepasoExamen/311.c
I[11:38:45.455] ASTWorker building file /home/david/Documentos/prueba_OS/RepasoExamen/311.c version 579 with command clangd fallback
[/home/david/Documentos/prueba_OS/RepasoExamen]
/usr/bin/clang -resource-dir=/home/david/.vscode-oss/extensions/kylinideteam.kylin-clangd-0.4.0-linux-x64/res/clangd/lib/clang/21 -- /home/david/Documentos/prueba_OS/RepasoExamen/311.c
I[11:38:45.455] --> textDocument/clangd.fileStatus
I[11:38:45.458] --> textDocument/publishDiagnostics
I[11:38:45.459] --> textDocument/inactiveRegions
I[11:38:45.459] --> reply:textDocument/inlayHint(2498) 4 ms
I[11:38:45.459] --> textDocument/clangd.fileStatus
I[11:38:45.630] <-- textDocument/foldingRange(2499)
I[11:38:45.630] --> reply:textDocument/foldingRange(2499) 0 ms
I[11:38:45.680] <-- textDocument/codeAction(2500)
I[11:38:45.680] --> reply:textDocument/codeAction(2500) 0 ms
I[11:38:45.680] --> textDocument/clangd.fileStatus
I[11:38:45.780] <-- textDocument/documentSymbol(2501)
I[11:38:45.780] <-- textDocument/documentSymbol(2502)
I[11:38:45.780] --> reply:textDocument/documentSymbol(2501) 0 ms
I[11:38:45.780] --> reply:textDocument/documentSymbol(2502) 0 ms
I[11:38:45.780] --> textDocument/clangd.fileStatus
I[11:38:45.825] <-- textDocument/didChange
I[11:38:45.826] --> textDocument/clangd.fileStatus
I[11:38:45.851] <-- textDocument/inlayHint(2503)
I[11:38:45.851] Failed to find compilation database for /home/david/Documentos/prueba_OS/RepasoExamen/311.c
I[11:38:45.851] ASTWorker building file /home/david/Documentos/prueba_OS/RepasoExamen/311.c version 580 with command clangd fallback
[/home/david/Documentos/prueba_OS/RepasoExamen]
/usr/bin/clang -resource-dir=/home/david/.vscode-oss/extensions/kylinideteam.kylin-clangd-0.4.0-linux-x64/res/clangd/lib/clang/21 -- /home/david/Documentos/prueba_OS/RepasoExamen/311.c
I[11:38:45.852] --> textDocument/clangd.fileStatus
I[11:38:45.855] --> textDocument/publishDiagnostics
I[11:38:45.855] --> textDocument/inactiveRegions
I[11:38:45.855] --> reply:textDocument/inlayHint(2503) 4 ms
I[11:38:45.855] --> textDocument/clangd.fileStatus
I[11:38:45.999] <-- textDocument/didChange
I[11:38:45.999] --> textDocument/clangd.fileStatus
I[11:38:46.024] <-- textDocument/inlayHint(2504)
I[11:38:46.024] Failed to find compilation database for /home/david/Documentos/prueba_OS/RepasoExamen/311.c
I[11:38:46.025] ASTWorker building file /home/david/Documentos/prueba_OS/RepasoExamen/311.c version 581 with command clangd fallback
[/home/david/Documentos/prueba_OS/RepasoExamen]
/usr/bin/clang -resource-dir=/home/david/.vscode-oss/extensions/kylinideteam.kylin-clangd-0.4.0-linux-x64/res/clangd/lib/clang/21 -- /home/david/Documentos/prueba_OS/RepasoExamen/311.c
I[11:38:46.025] --> textDocument/clangd.fileStatus
I[11:38:46.029] --> textDocument/publishDiagnostics
I[11:38:46.029] --> textDocument/inactiveRegions
I[11:38:46.029] --> reply:textDocument/inlayHint(2504) 4 ms
I[11:38:46.029] --> textDocument/clangd.fileStatus
I[11:38:46.199] <-- textDocument/foldingRange(2505)
I[11:38:46.200] --> reply:textDocument/foldingRange(2505) 0 ms
I[11:38:46.249] <-- textDocument/codeAction(2506)
I[11:38:46.249] --> reply:textDocument/codeAction(2506) 0 ms
I[11:38:46.249] --> textDocument/clangd.fileStatus
I[11:38:46.349] <-- textDocument/documentSymbol(2507)
I[11:38:46.349] <-- textDocument/documentSymbol(2508)
I[11:38:46.349] --> reply:textDocument/documentSymbol(2507) 0 ms
I[11:38:46.349] --> reply:textDocument/documentSymbol(2508) 0 ms
I[11:38:46.349] --> textDocument/clangd.fileStatus
I[11:38:46.672] <-- textDocument/didChange
I[11:38:46.673] --> textDocument/clangd.fileStatus
I[11:38:46.699] <-- textDocument/inlayHint(2509)
I[11:38:46.699] Failed to find compilation database for /home/david/Documentos/prueba_OS/RepasoExamen/311.c
I[11:38:46.699] ASTWorker building file /home/david/Documentos/prueba_OS/RepasoExamen/311.c version 582 with command clangd fallback
[/home/david/Documentos/prueba_OS/RepasoExamen]
/usr/bin/clang -resource-dir=/home/david/.vscode-oss/extensions/kylinideteam.kylin-clangd-0.4.0-linux-x64/res/clangd/lib/clang/21 -- /home/david/Documentos/prueba_OS/RepasoExamen/311.c
I[11:38:46.699] --> textDocument/clangd.fileStatus
I[11:38:46.703] --> textDocument/publishDiagnostics
I[11:38:46.703] --> textDocument/inactiveRegions
I[11:38:46.703] --> reply:textDocument/inlayHint(2509) 4 ms
I[11:38:46.703] --> textDocument/clangd.fileStatus
I[11:38:46.740] <-- textDocument/didChange
I[11:38:46.740] --> textDocument/clangd.fileStatus
I[11:38:46.766] <-- textDocument/inlayHint(2510)
I[11:38:46.766] Failed to find compilation database for /home/david/Documentos/prueba_OS/RepasoExamen/311.c
I[11:38:46.766] ASTWorker building file /home/david/Documentos/prueba_OS/RepasoExamen/311.c version 583 with command clangd fallback
[/home/david/Documentos/prueba_OS/RepasoExamen]
/usr/bin/clang -resource-dir=/home/david/.vscode-oss/extensions/kylinideteam.kylin-clangd-0.4.0-linux-x64/res/clangd/lib/clang/21 -- /home/david/Documentos/prueba_OS/RepasoExamen/311.c
I[11:38:46.766] --> textDocument/clangd.fileStatus
I[11:38:46.766] --> reply:textDocument/inlayHint(2510) 0 ms
I[11:38:46.766] --> textDocument/clangd.fileStatus
I[11:38:46.767] --> textDocument/clangd.fileStatus
I[11:38:46.767] --> textDocument/clangd.fileStatus
I[11:38:46.861] <-- textDocument/signatureHelp(2511)
I[11:38:46.865] --> reply:textDocument/signatureHelp(2511) 3 ms
I[11:38:46.941] <-- textDocument/foldingRange(2512)
I[11:38:46.941] --> reply:textDocument/foldingRange(2512) 0 ms
I[11:38:46.991] <-- textDocument/codeAction(2513)
I[11:38:46.991] --> reply:textDocument/codeAction(2513) 0 ms
I[11:38:46.991] --> textDocument/clangd.fileStatus
I[11:38:47.091] <-- textDocument/documentSymbol(2514)
I[11:38:47.091] <-- textDocument/documentSymbol(2515)
I[11:38:47.091] --> reply:textDocument/documentSymbol(2514) 0 ms
I[11:38:47.091] --> reply:textDocument/documentSymbol(2515) 0 ms
I[11:38:47.091] --> textDocument/clangd.fileStatus
I[11:38:47.304] <-- textDocument/didChange
I[11:38:47.304] --> textDocument/clangd.fileStatus
I[11:38:47.330] <-- textDocument/inlayHint(2516)
I[11:38:47.330] Failed to find compilation database for /home/david/Documentos/prueba_OS/RepasoExamen/311.c
I[11:38:47.330] ASTWorker building file /home/david/Documentos/prueba_OS/RepasoExamen/311.c version 584 with command clangd fallback
[/home/david/Documentos/prueba_OS/RepasoExamen]
/usr/bin/clang -resource-dir=/home/david/.vscode-oss/extensions/kylinideteam.kylin-clangd-0.4.0-linux-x64/res/clangd/lib/clang/21 -- /home/david/Documentos/prueba_OS/RepasoExamen/311.c
I[11:38:47.331] --> textDocument/clangd.fileStatus
I[11:38:47.334] --> textDocument/publishDiagnostics
I[11:38:47.334] --> textDocument/inactiveRegions
I[11:38:47.334] --> reply:textDocument/inlayHint(2516) 4 ms
I[11:38:47.334] --> textDocument/clangd.fileStatus
I[11:38:47.456] <-- textDocument/didChange
I[11:38:47.456] --> textDocument/clangd.fileStatus
I[11:38:47.482] <-- textDocument/inlayHint(2517)
I[11:38:47.482] Failed to find compilation database for /home/david/Documentos/prueba_OS/RepasoExamen/311.c
I[11:38:47.482] ASTWorker building file /home/david/Documentos/prueba_OS/RepasoExamen/311.c version 585 with command clangd fallback
[/home/david/Documentos/prueba_OS/RepasoExamen]
/usr/bin/clang -resource-dir=/home/david/.vscode-oss/extensions/kylinideteam.kylin-clangd-0.4.0-linux-x64/res/clangd/lib/clang/21 -- /home/david/Documentos/prueba_OS/RepasoExamen/311.c
I[11:38:47.483] --> textDocument/clangd.fileStatus
I[11:38:47.486] --> textDocument/publishDiagnostics
I[11:38:47.486] --> textDocument/inactiveRegions
I[11:38:47.486] --> reply:textDocument/inlayHint(2517) 4 ms
I[11:38:47.486] --> textDocument/clangd.fileStatus
I[11:38:47.510] <-- textDocument/didChange
I[11:38:47.510] --> textDocument/clangd.fileStatus
I[11:38:47.535] <-- textDocument/inlayHint(2518)
I[11:38:47.535] Failed to find compilation database for /home/david/Documentos/prueba_OS/RepasoExamen/311.c
I[11:38:47.535] ASTWorker building file /home/david/Documentos/prueba_OS/RepasoExamen/311.c version 586 with command clangd fallback
[/home/david/Documentos/prueba_OS/RepasoExamen]
/usr/bin/clang -resource-dir=/home/david/.vscode-oss/extensions/kylinideteam.kylin-clangd-0.4.0-linux-x64/res/clangd/lib/clang/21 -- /home/david/Documentos/prueba_OS/RepasoExamen/311.c
I[11:38:47.536] --> textDocument/clangd.fileStatus
I[11:38:47.540] --> textDocument/publishDiagnostics
I[11:38:47.540] --> textDocument/inactiveRegions
I[11:38:47.540] --> reply:textDocument/inlayHint(2518) 4 ms
I[11:38:47.540] --> textDocument/clangd.fileStatus
I[11:38:47.694] <-- textDocument/didChange
I[11:38:47.694] --> textDocument/clangd.fileStatus
I[11:38:47.720] <-- textDocument/inlayHint(2519)
I[11:38:47.720] Failed to find compilation database for /home/david/Documentos/prueba_OS/RepasoExamen/311.c
I[11:38:47.720] ASTWorker building file /home/david/Documentos/prueba_OS/RepasoExamen/311.c version 587 with command clangd fallback
[/home/david/Documentos/prueba_OS/RepasoExamen]
/usr/bin/clang -resource-dir=/home/david/.vscode-oss/extensions/kylinideteam.kylin-clangd-0.4.0-linux-x64/res/clangd/lib/clang/21 -- /home/david/Documentos/prueba_OS/RepasoExamen/311.c
I[11:38:47.721] --> textDocument/clangd.fileStatus
I[11:38:47.724] --> textDocument/publishDiagnostics
I[11:38:47.724] --> textDocument/inactiveRegions
I[11:38:47.724] --> reply:textDocument/inlayHint(2519) 4 ms
I[11:38:47.724] --> textDocument/clangd.fileStatus
I[11:38:47.895] <-- textDocument/foldingRange(2520)
I[11:38:47.895] --> reply:textDocument/foldingRange(2520) 0 ms
I[11:38:47.921] <-- textDocument/didChange
I[11:38:47.921] --> textDocument/clangd.fileStatus
I[11:38:47.947] <-- textDocument/inlayHint(2521)
I[11:38:47.947] Failed to find compilation database for /home/david/Documentos/prueba_OS/RepasoExamen/311.c
I[11:38:47.947] ASTWorker building file /home/david/Documentos/prueba_OS/RepasoExamen/311.c version 588 with command clangd fallback
[/home/david/Documentos/prueba_OS/RepasoExamen]
/usr/bin/clang -resource-dir=/home/david/.vscode-oss/extensions/kylinideteam.kylin-clangd-0.4.0-linux-x64/res/clangd/lib/clang/21 -- /home/david/Documentos/prueba_OS/RepasoExamen/311.c
I[11:38:47.948] --> textDocument/clangd.fileStatus
I[11:38:47.951] --> textDocument/publishDiagnostics
I[11:38:47.951] --> textDocument/inactiveRegions
I[11:38:47.951] --> reply:textDocument/inlayHint(2521) 4 ms
I[11:38:47.951] --> textDocument/clangd.fileStatus
I[11:38:48.122] <-- textDocument/foldingRange(2522)
I[11:38:48.122] --> reply:textDocument/foldingRange(2522) 0 ms
I[11:38:48.148] <-- textDocument/didChange
I[11:38:48.148] --> textDocument/clangd.fileStatus
I[11:38:48.174] <-- textDocument/inlayHint(2523)
I[11:38:48.174] Failed to find compilation database for /home/david/Documentos/prueba_OS/RepasoExamen/311.c
I[11:38:48.174] ASTWorker building file /home/david/Documentos/prueba_OS/RepasoExamen/311.c version 589 with command clangd fallback
[/home/david/Documentos/prueba_OS/RepasoExamen]
/usr/bin/clang -resource-dir=/home/david/.vscode-oss/extensions/kylinideteam.kylin-clangd-0.4.0-linux-x64/res/clangd/lib/clang/21 -- /home/david/Documentos/prueba_OS/RepasoExamen/311.c
I[11:38:48.175] --> textDocument/clangd.fileStatus
I[11:38:48.178] --> textDocument/publishDiagnostics
I[11:38:48.178] --> textDocument/inactiveRegions
I[11:38:48.178] --> reply:textDocument/inlayHint(2523) 4 ms
I[11:38:48.178] --> textDocument/clangd.fileStatus
I[11:38:48.307] <-- textDocument/didChange
I[11:38:48.307] --> textDocument/clangd.fileStatus
I[11:38:48.333] <-- textDocument/inlayHint(2524)
I[11:38:48.333] Failed to find compilation database for /home/david/Documentos/prueba_OS/RepasoExamen/311.c
I[11:38:48.333] ASTWorker building file /home/david/Documentos/prueba_OS/RepasoExamen/311.c version 590 with command clangd fallback
[/home/david/Documentos/prueba_OS/RepasoExamen]
/usr/bin/clang -resource-dir=/home/david/.vscode-oss/extensions/kylinideteam.kylin-clangd-0.4.0-linux-x64/res/clangd/lib/clang/21 -- /home/david/Documentos/prueba_OS/RepasoExamen/311.c
I[11:38:48.334] --> textDocument/clangd.fileStatus
I[11:38:48.337] --> textDocument/publishDiagnostics
I[11:38:48.337] --> textDocument/inactiveRegions
I[11:38:48.337] --> reply:textDocument/inlayHint(2524) 4 ms
I[11:38:48.338] --> textDocument/clangd.fileStatus
I[11:38:48.508] <-- textDocument/foldingRange(2525)
I[11:38:48.508] --> reply:textDocument/foldingRange(2525) 0 ms
I[11:38:48.558] <-- textDocument/codeAction(2526)
I[11:38:48.558] --> reply:textDocument/codeAction(2526) 0 ms
I[11:38:48.558] --> textDocument/clangd.fileStatus
I[11:38:48.658] <-- textDocument/documentSymbol(2527)
I[11:38:48.658] <-- textDocument/documentSymbol(2528)
I[11:38:48.658] --> reply:textDocument/documentSymbol(2527) 0 ms
I[11:38:48.658] --> reply:textDocument/documentSymbol(2528) 0 ms
I[11:38:48.658] --> textDocument/clangd.fileStatus
I[11:38:48.662] <-- textDocument/didChange
I[11:38:48.662] --> textDocument/clangd.fileStatus
I[11:38:48.688] <-- textDocument/inlayHint(2529)
I[11:38:48.688] Failed to find compilation database for /home/david/Documentos/prueba_OS/RepasoExamen/311.c
I[11:38:48.689] ASTWorker building file /home/david/Documentos/prueba_OS/RepasoExamen/311.c version 591 with command clangd fallback
[/home/david/Documentos/prueba_OS/RepasoExamen]
/usr/bin/clang -resource-dir=/home/david/.vscode-oss/extensions/kylinideteam.kylin-clangd-0.4.0-linux-x64/res/clangd/lib/clang/21 -- /home/david/Documentos/prueba_OS/RepasoExamen/311.c
I[11:38:48.689] --> textDocument/clangd.fileStatus
I[11:38:48.692] --> textDocument/publishDiagnostics
I[11:38:48.692] --> textDocument/inactiveRegions
I[11:38:48.693] --> reply:textDocument/inlayHint(2529) 4 ms
I[11:38:48.693] --> textDocument/clangd.fileStatus
I[11:38:48.787] <-- textDocument/didChange
I[11:38:48.787] --> textDocument/clangd.fileStatus
I[11:38:48.813] <-- textDocument/inlayHint(2530)
I[11:38:48.813] Failed to find compilation database for /home/david/Documentos/prueba_OS/RepasoExamen/311.c
I[11:38:48.813] ASTWorker building file /home/david/Documentos/prueba_OS/RepasoExamen/311.c version 592 with command clangd fallback
[/home/david/Documentos/prueba_OS/RepasoExamen]
/usr/bin/clang -resource-dir=/home/david/.vscode-oss/extensions/kylinideteam.kylin-clangd-0.4.0-linux-x64/res/clangd/lib/clang/21 -- /home/david/Documentos/prueba_OS/RepasoExamen/311.c
I[11:38:48.814] --> textDocument/clangd.fileStatus
I[11:38:48.817] --> textDocument/publishDiagnostics
I[11:38:48.817] --> textDocument/inactiveRegions
I[11:38:48.817] --> reply:textDocument/inlayHint(2530) 4 ms
I[11:38:48.817] --> textDocument/clangd.fileStatus
I[11:38:48.966] <-- textDocument/didChange
I[11:38:48.966] --> textDocument/clangd.fileStatus
I[11:38:48.992] <-- textDocument/inlayHint(2531)
I[11:38:48.992] Failed to find compilation database for /home/david/Documentos/prueba_OS/RepasoExamen/311.c
I[11:38:48.993] ASTWorker building file /home/david/Documentos/prueba_OS/RepasoExamen/311.c version 593 with command clangd fallback
[/home/david/Documentos/prueba_OS/RepasoExamen]
/usr/bin/clang -resource-dir=/home/david/.vscode-oss/extensions/kylinideteam.kylin-clangd-0.4.0-linux-x64/res/clangd/lib/clang/21 -- /home/david/Documentos/prueba_OS/RepasoExamen/311.c
I[11:38:48.993] --> textDocument/clangd.fileStatus
I[11:38:48.996] --> textDocument/publishDiagnostics
I[11:38:48.996] --> textDocument/inactiveRegions
I[11:38:48.997] --> reply:textDocument/inlayHint(2531) 4 ms
I[11:38:48.997] --> textDocument/clangd.fileStatus
I[11:38:49.062] <-- textDocument/didChange
I[11:38:49.062] --> textDocument/clangd.fileStatus
I[11:38:49.088] <-- textDocument/inlayHint(2532)
I[11:38:49.088] Failed to find compilation database for /home/david/Documentos/prueba_OS/RepasoExamen/311.c
I[11:38:49.088] ASTWorker building file /home/david/Documentos/prueba_OS/RepasoExamen/311.c version 594 with command clangd fallback
[/home/david/Documentos/prueba_OS/RepasoExamen]
/usr/bin/clang -resource-dir=/home/david/.vscode-oss/extensions/kylinideteam.kylin-clangd-0.4.0-linux-x64/res/clangd/lib/clang/21 -- /home/david/Documentos/prueba_OS/RepasoExamen/311.c
I[11:38:49.089] --> textDocument/clangd.fileStatus
I[11:38:49.092] --> textDocument/publishDiagnostics
I[11:38:49.092] --> textDocument/inactiveRegions
I[11:38:49.092] --> reply:textDocument/inlayHint(2532) 4 ms
I[11:38:49.092] --> textDocument/clangd.fileStatus
I[11:38:49.160] <-- textDocument/didChange
I[11:38:49.160] --> textDocument/clangd.fileStatus
I[11:38:49.186] <-- textDocument/inlayHint(2533)
I[11:38:49.186] Failed to find compilation database for /home/david/Documentos/prueba_OS/RepasoExamen/311.c
I[11:38:49.186] ASTWorker building file /home/david/Documentos/prueba_OS/RepasoExamen/311.c version 595 with command clangd fallback
[/home/david/Documentos/prueba_OS/RepasoExamen]
/usr/bin/clang -resource-dir=/home/david/.vscode-oss/extensions/kylinideteam.kylin-clangd-0.4.0-linux-x64/res/clangd/lib/clang/21 -- /home/david/Documentos/prueba_OS/RepasoExamen/311.c
I[11:38:49.186] --> textDocument/clangd.fileStatus
I[11:38:49.190] --> textDocument/publishDiagnostics
I[11:38:49.190] --> textDocument/inactiveRegions
I[11:38:49.190] --> reply:textDocument/inlayHint(2533) 4 ms
I[11:38:49.190] --> textDocument/clangd.fileStatus
I[11:38:49.282] <-- textDocument/didChange
I[11:38:49.282] --> textDocument/clangd.fileStatus
I[11:38:49.307] <-- textDocument/inlayHint(2534)
I[11:38:49.307] Failed to find compilation database for /home/david/Documentos/prueba_OS/RepasoExamen/311.c
I[11:38:49.307] ASTWorker building file /home/david/Documentos/prueba_OS/RepasoExamen/311.c version 596 with command clangd fallback
[/home/david/Documentos/prueba_OS/RepasoExamen]
/usr/bin/clang -resource-dir=/home/david/.vscode-oss/extensions/kylinideteam.kylin-clangd-0.4.0-linux-x64/res/clangd/lib/clang/21 -- /home/david/Documentos/prueba_OS/RepasoExamen/311.c
I[11:38:49.308] --> textDocument/clangd.fileStatus
I[11:38:49.312] --> textDocument/publishDiagnostics
I[11:38:49.312] --> textDocument/inactiveRegions
I[11:38:49.313] --> reply:textDocument/inlayHint(2534) 5 ms
I[11:38:49.313] --> textDocument/clangd.fileStatus
I[11:38:49.481] <-- textDocument/didChange
I[11:38:49.481] --> textDocument/clangd.fileStatus
I[11:38:49.507] <-- textDocument/inlayHint(2535)
I[11:38:49.507] Failed to find compilation database for /home/david/Documentos/prueba_OS/RepasoExamen/311.c
I[11:38:49.507] ASTWorker building file /home/david/Documentos/prueba_OS/RepasoExamen/311.c version 597 with command clangd fallback
[/home/david/Documentos/prueba_OS/RepasoExamen]
/usr/bin/clang -resource-dir=/home/david/.vscode-oss/extensions/kylinideteam.kylin-clangd-0.4.0-linux-x64/res/clangd/lib/clang/21 -- /home/david/Documentos/prueba_OS/RepasoExamen/311.c
I[11:38:49.508] --> textDocument/clangd.fileStatus
I[11:38:49.511] --> textDocument/publishDiagnostics
I[11:38:49.511] --> textDocument/inactiveRegions
I[11:38:49.511] --> reply:textDocument/inlayHint(2535) 4 ms
I[11:38:49.511] --> textDocument/clangd.fileStatus
I[11:38:49.564] <-- textDocument/didChange
I[11:38:49.564] --> textDocument/clangd.fileStatus
I[11:38:49.590] <-- textDocument/inlayHint(2536)
I[11:38:49.590] Failed to find compilation database for /home/david/Documentos/prueba_OS/RepasoExamen/311.c
I[11:38:49.591] ASTWorker building file /home/david/Documentos/prueba_OS/RepasoExamen/311.c version 598 with command clangd fallback
[/home/david/Documentos/prueba_OS/RepasoExamen]
/usr/bin/clang -resource-dir=/home/david/.vscode-oss/extensions/kylinideteam.kylin-clangd-0.4.0-linux-x64/res/clangd/lib/clang/21 -- /home/david/Documentos/prueba_OS/RepasoExamen/311.c
I[11:38:49.591] --> textDocument/clangd.fileStatus
I[11:38:49.594] --> textDocument/publishDiagnostics
I[11:38:49.594] --> textDocument/inactiveRegions
I[11:38:49.594] --> reply:textDocument/inlayHint(2536) 4 ms
I[11:38:49.595] --> textDocument/clangd.fileStatus
I[11:38:49.711] <-- textDocument/didChange
I[11:38:49.711] --> textDocument/clangd.fileStatus
I[11:38:49.737] <-- textDocument/inlayHint(2537)
I[11:38:49.737] Failed to find compilation database for /home/david/Documentos/prueba_OS/RepasoExamen/311.c
I[11:38:49.737] ASTWorker building file /home/david/Documentos/prueba_OS/RepasoExamen/311.c version 599 with command clangd fallback
[/home/david/Documentos/prueba_OS/RepasoExamen]
/usr/bin/clang -resource-dir=/home/david/.vscode-oss/extensions/kylinideteam.kylin-clangd-0.4.0-linux-x64/res/clangd/lib/clang/21 -- /home/david/Documentos/prueba_OS/RepasoExamen/311.c
I[11:38:49.738] --> textDocument/clangd.fileStatus
I[11:38:49.741] --> textDocument/publishDiagnostics
I[11:38:49.741] --> textDocument/inactiveRegions
I[11:38:49.741] --> reply:textDocument/inlayHint(2537) 4 ms
I[11:38:49.741] --> textDocument/clangd.fileStatus
I[11:38:49.902] <-- textDocument/didChange
I[11:38:49.902] --> textDocument/clangd.fileStatus
I[11:38:49.928] <-- textDocument/inlayHint(2538)
I[11:38:49.928] Failed to find compilation database for /home/david/Documentos/prueba_OS/RepasoExamen/311.c
I[11:38:49.928] ASTWorker building file /home/david/Documentos/prueba_OS/RepasoExamen/311.c version 600 with command clangd fallback
[/home/david/Documentos/prueba_OS/RepasoExamen]
/usr/bin/clang -resource-dir=/home/david/.vscode-oss/extensions/kylinideteam.kylin-clangd-0.4.0-linux-x64/res/clangd/lib/clang/21 -- /home/david/Documentos/prueba_OS/RepasoExamen/311.c
I[11:38:49.928] --> textDocument/clangd.fileStatus
I[11:38:49.932] --> textDocument/publishDiagnostics
I[11:38:49.932] --> textDocument/inactiveRegions
I[11:38:49.932] --> reply:textDocument/inlayHint(2538) 4 ms
I[11:38:49.932] --> textDocument/clangd.fileStatus
I[11:38:50.102] <-- textDocument/foldingRange(2539)
I[11:38:50.103] --> reply:textDocument/foldingRange(2539) 0 ms
I[11:38:50.153] <-- textDocument/codeAction(2540)
I[11:38:50.153] --> reply:textDocument/codeAction(2540) 0 ms
I[11:38:50.153] --> textDocument/clangd.fileStatus
I[11:38:50.253] <-- textDocument/documentSymbol(2541)
I[11:38:50.253] --> reply:textDocument/documentSymbol(2541) 0 ms
I[11:38:50.253] --> textDocument/clangd.fileStatus
I[11:38:50.253] <-- textDocument/documentSymbol(2542)
I[11:38:50.253] --> reply:textDocument/documentSymbol(2542) 0 ms
I[11:38:50.253] --> textDocument/clangd.fileStatus
I[11:38:50.702] <-- textDocument/inlayHint(2543)
I[11:38:50.703] --> reply:textDocument/inlayHint(2543) 0 ms
I[11:38:50.703] --> textDocument/clangd.fileStatus
I[11:38:50.903] <-- textDocument/documentLink(2544)
I[11:38:50.903] --> reply:textDocument/documentLink(2544) 0 ms
I[11:38:50.903] --> textDocument/clangd.fileStatus
I[11:39:02.903] <-- textDocument/didSave
I[11:39:02.903] File version went from 1 to 1
I[11:39:02.903] File version went from 600 to 600
I[11:39:02.903] File version went from 1 to 1
I[11:39:02.903] File version went from 1 to 1
I[11:39:02.903] File version went from 1 to 1
I[11:39:02.903] --> textDocument/clangd.fileStatus
I[11:39:02.903] --> textDocument/clangd.fileStatus
I[11:39:02.903] --> textDocument/clangd.fileStatus
I[11:39:02.903] --> textDocument/clangd.fileStatus
I[11:39:02.903] --> textDocument/clangd.fileStatus
I[11:39:02.953] Failed to find compilation database for /home/david/Documentos/prueba_OS/RepasoExamen/mistat.c
I[11:39:02.953] Failed to find compilation database for /home/david/Documentos/prueba_OS/RepasoExamen/311.c
I[11:39:02.953] ASTWorker building file /home/david/Documentos/prueba_OS/RepasoExamen/mistat.c version 1 with command clangd fallback
[/home/david/Documentos/prueba_OS/RepasoExamen]
/usr/bin/clang -resource-dir=/home/david/.vscode-oss/extensions/kylinideteam.kylin-clangd-0.4.0-linux-x64/res/clangd/lib/clang/21 -- /home/david/Documentos/prueba_OS/RepasoExamen/mistat.c
I[11:39:02.953] Failed to find compilation database for /home/david/Documentos/prueba_OS/RepasoExamen/35.c
I[11:39:02.954] Failed to find compilation database for /home/david/Documentos/prueba_OS/RepasoExamen/29.c
I[11:39:02.954] ASTWorker building file /home/david/Documentos/prueba_OS/RepasoExamen/35.c version 1 with command clangd fallback
[/home/david/Documentos/prueba_OS/RepasoExamen]
/usr/bin/clang -resource-dir=/home/david/.vscode-oss/extensions/kylinideteam.kylin-clangd-0.4.0-linux-x64/res/clangd/lib/clang/21 -- /home/david/Documentos/prueba_OS/RepasoExamen/35.c
I[11:39:02.954] ASTWorker building file /home/david/Documentos/prueba_OS/RepasoExamen/311.c version 600 with command clangd fallback
[/home/david/Documentos/prueba_OS/RepasoExamen]
/usr/bin/clang -resource-dir=/home/david/.vscode-oss/extensions/kylinideteam.kylin-clangd-0.4.0-linux-x64/res/clangd/lib/clang/21 -- /home/david/Documentos/prueba_OS/RepasoExamen/311.c
I[11:39:02.954] Failed to find compilation database for /home/david/Documentos/prueba_OS/RepasoExamen/28.c
I[11:39:02.954] ASTWorker building file /home/david/Documentos/prueba_OS/RepasoExamen/28.c version 1 with command clangd fallback
[/home/david/Documentos/prueba_OS/RepasoExamen]
/usr/bin/clang -resource-dir=/home/david/.vscode-oss/extensions/kylinideteam.kylin-clangd-0.4.0-linux-x64/res/clangd/lib/clang/21 -- /home/david/Documentos/prueba_OS/RepasoExamen/28.c
I[11:39:02.954] ASTWorker building file /home/david/Documentos/prueba_OS/RepasoExamen/29.c version 1 with command clangd fallback
[/home/david/Documentos/prueba_OS/RepasoExamen]
/usr/bin/clang -resource-dir=/home/david/.vscode-oss/extensions/kylinideteam.kylin-clangd-0.4.0-linux-x64/res/clangd/lib/clang/21 -- /home/david/Documentos/prueba_OS/RepasoExamen/29.c
I[11:39:02.954] --> textDocument/clangd.fileStatus
I[11:39:02.954] --> textDocument/clangd.fileStatus
I[11:39:02.954] --> textDocument/clangd.fileStatus
I[11:39:02.954] --> textDocument/clangd.fileStatus
I[11:39:02.954] --> textDocument/clangd.fileStatus
I[11:39:02.954] --> textDocument/clangd.fileStatus
I[11:39:02.954] --> textDocument/clangd.fileStatus
I[11:39:02.954] --> textDocument/clangd.fileStatus
I[11:39:02.954] --> textDocument/clangd.fileStatus
I[11:39:02.954] --> textDocument/clangd.fileStatus
I[11:39:02.954] --> textDocument/clangd.fileStatus
I[11:39:02.954] --> textDocument/clangd.fileStatus
I[11:39:02.955] --> textDocument/clangd.fileStatus
I[11:39:02.955] --> textDocument/clangd.fileStatus
I[11:39:02.954] --> textDocument/clangd.fileStatus
I[11:39:02.955] --> textDocument/clangd.fileStatus
I[11:39:02.954] --> textDocument/clangd.fileStatus
I[11:39:02.955] --> textDocument/clangd.fileStatus
I[11:39:02.955] --> textDocument/clangd.fileStatus
I[11:39:02.955] --> textDocument/clangd.fileStatus
I[11:39:02.955] --> textDocument/clangd.fileStatus
I[11:39:03.270] <-- textDocument/hover(2545)
I[11:39:03.270] --> reply:textDocument/hover(2545) 0 ms
I[11:39:03.270] --> textDocument/clangd.fileStatus
I[11:39:08.488] <-- textDocument/inlayHint(2546)
I[11:39:08.488] --> reply:textDocument/inlayHint(2546) 0 ms
I[11:39:08.488] --> textDocument/clangd.fileStatus
I[11:39:10.268] <-- textDocument/hover(2547)
I[11:39:10.269] --> reply:textDocument/hover(2547) 0 ms
I[11:39:10.269] --> textDocument/clangd.fileStatus
I[11:39:15.467] <-- textDocument/hover(2548)
I[11:39:15.467] --> reply:textDocument/hover(2548) 0 ms
I[11:39:15.467] --> textDocument/clangd.fileStatus
I[11:39:17.487] <-- textDocument/hover(2549)
I[11:39:17.487] --> reply:textDocument/hover(2549) 0 ms
I[11:39:17.487] --> textDocument/clangd.fileStatus
I[11:39:18.055] <-- textDocument/hover(2550)
I[11:39:18.055] --> reply:textDocument/hover(2550) 0 ms
I[11:39:18.055] --> textDocument/clangd.fileStatus
I[11:48:49.437] <-- textDocument/documentHighlight(2551)
I[11:48:49.438] --> reply:textDocument/documentHighlight(2551) 0 ms
I[11:48:49.438] --> textDocument/clangd.fileStatus
